EJERCICIO,NRO_CANCE,COD_RET,IMPORTE,CUENTA
2026,1097,1,590761.25,111210129
2026,1488,1,49568.24,111210129
2026,1936,1,465530.62,111210129
2026,1313,1,186439.4,111210129
2026,711,1,147750253.34,111210129
2026,3,1,153670.45,111210129
2026,2405,1,161789412.93,111210129
2026,536,1,186796.8,111210129
2026,2161,1,60018622.27,111210129
2026,203,1,1030500.9,111210129
2026,997,1,292080.6,111210129
2026,1887,1,157790618.44,111210129
2026,1982,1,205167.08,111210129
2026,1461,1,156165212.66,111210129
2026,361,1,151690944.09,111210129
2026,2698,1,152307.12,111210129
2026,400,1,80345.65,111210129
2026,1057,1,147603154.33,111210129
2026,1795,1,883770.16,111210129
2026,598,1,278049.8,111210129
2026,881,1,332500.0,111210129
2026,2235,1,114198.08,111210129
2026,1097,2,197441.71,111210129
2026,1488,2,16994.83,111210129
2026,1936,2,159610.5,111210129
2026,1313,2,63922.08,111210129
2026,711,2,52821395.74,111210129
2026,3,2,52687.01,111210129
2026,2405,2,57666123.11,111210129
2026,536,2,56039.04,111210129
2026,2161,2,20919947.49,111210129
2026,203,2,350994.14,111210129
2026,997,2,100141.92,111210129
2026,1887,2,56252234.0,111210129
2026,1982,2,69551.12,111210129
2026,1461,2,55821451.63,111210129
2026,361,2,53897681.01,111210129
2026,2698,2,52219.59,111210129
2026,400,2,27547.08,111210129
2026,1057,2,52738881.33,111210129
2026,1795,2,303006.91,111210129
2026,598,2,95331.36,111210129
2026,881,2,114000.0,111210129
2026,2235,2,39153.61,111210129
2026,620,3,81606.6,111210131
2026,1333,3,6783.14,111220900
2026,602,3,9112.61,111221500
2026,2113,3,7562.64,111210131
2026,2184,3,2799.83,111221500
2026,2185,3,17706.36,111210132
2026,2420,3,45587.8,111210131
2026,2421,3,68999.94,111210131
2026,353,3,2856.0,111220100
2026,351,3,7400.0,111210129
2026,359,3,13906.99,111220900
2026,365,3,8600.0,111221500
2026,367,3,184151.54,111210127
2026,786,3,308847.67,111210131
2026,2505,3,299855.08,111210131
2026,2509,3,46158.58,111210131
2026,2510,3,158053.65,111210131
2026,408,3,39719.01,111210131
2026,714,3,181289.82,111210131
2026,2456,3,115416.03,111210131
2026,2457,3,74787.27,111210131
2026,2496,3,102600.16,111210131
2026,653,3,4486.02,111210129
2026,656,3,389582.62,111221700
2026,733,3,19680.0,111210129
2026,1362,3,19705.12,111210131
2026,1363,3,58104.39,111210131
2026,1622,3,4972.38,111210129
2026,2691,3,102710.08,111210131
2026,2692,3,12141.97,111210131
2026,2693,3,39744.39,111210131
2026,211,3,15260.86,111210129
2026,213,3,29869.77,111210129
2026,1478,3,114722.26,111210131
2026,1783,3,132731.68,111210131
2026,1244,3,45440.64,111210131
2026,1245,3,10891.01,111210129
2026,1246,3,4432.2,111220900
2026,1247,3,17257.39,111221500
2026,2170,3,11060.22,111210129
2026,2171,3,15483.44,111221500
2026,2178,3,10721.23,111210129
2026,2180,3,15483.44,111221500
2026,331,3,3250.0,111220100
2026,333,3,1663.13,111221500
2026,339,3,5960.0,111210129
2026,500,3,850.59,111210131
2026,1470,3,2491.02,111220900
2026,1472,3,15867.77,111220900
2026,1473,3,6016.53,111220900
2026,1852,3,56629.04,111210131
2026,1858,3,453329.47,111210131
2026,1866,3,141735.7,111210131
2026,1867,3,18504.19,111210131
2026,1873,3,21768.94,111210131
2026,1882,3,81368.57,111210131
2026,1883,3,208194.91,111210131
2026,1884,3,23118.81,111210131
2026,2089,3,24328.1,111210132
2026,2368,3,102480.0,111210131
2026,2369,3,28616.86,111210131
2026,2391,3,131668.13,111210131
2026,2643,3,12271.74,111210129
2026,560,3,109220.8,111210131
2026,562,3,120113.39,111210131
2026,568,3,323531.41,111210131
2026,1214,3,43999.22,111210129
2026,564,3,141750.73,111210131
2026,567,3,868737.01,111210131
2026,1218,3,10314.05,111220400
2026,1219,3,101474.38,111210127
2026,2058,3,1735061.95,111210131
2026,2059,3,24328.1,111210131
2026,44,3,19796.8,111210131
2026,260,3,168190.8,111210131
2026,46,3,465809.67,111210131
2026,256,3,75358.39,111210131
2026,263,3,70289.79,111210131
2026,233,3,206487.12,111210131
2026,1624,3,102480.0,111210131
2026,1625,3,28643.83,111210131
2026,2253,3,7241.32,111210129
2026,2278,3,1738.78,111220900
2026,2279,3,3130.01,111221700
2026,540,3,97200.0,111221500
2026,775,3,7517.5,111221500
2026,781,3,46172.57,111221500
2026,2026,3,256.2,111220100
2026,2035,3,595825.45,111220900
2026,2162,3,42057.67,111210131
2026,2556,3,43533.25,111210131
2026,240,3,82812.0,111210131
2026,247,3,19972.37,111210131
2026,248,3,26985.53,111210131
2026,94,3,109079.95,111210129
2026,92,3,85507.2,111210131
2026,90,3,91167.4,111210131
2026,91,3,152527.27,111210131
2026,93,3,684443.15,111210131
2026,1037,3,183933.89,111210131
2026,1123,3,29432.53,111210129
2026,66,3,149492.36,111210131
2026,67,3,59838.97,111210131
2026,68,3,113520.0,111210131
2026,349,3,4439.85,111210129
2026,823,3,35539.4,111210131
2026,825,3,78481.2,111210131
2026,832,3,12269.64,111210131
2026,833,3,52497.5,111210131
2026,925,3,1860.0,111210129
2026,928,3,10124.62,111221500
2026,930,3,13808.0,111210129
2026,932,3,1800.0,111210129
2026,935,3,44580.0,111210129
2026,1179,3,660.0,111221500
2026,2112,3,3868.14,111221500
2026,279,3,41090.0,111210129
2026,281,3,26669.92,111210129
2026,282,3,23362.67,111221500
2026,305,3,56731.44,111220900
2026,576,3,49504.13,111210129
2026,1465,3,2719.84,111210127
2026,1528,3,16127.47,111210131
2026,1003,3,274.21,111210129
2026,1822,3,1641914.47,111210131
2026,2625,3,5454.34,111210129
2026,2638,3,262099.17,111220400
2026,457,3,29007.4,111210129
2026,459,3,1502.31,111210129
2026,460,3,34414.88,111210129
2026,461,3,8540.0,111210129
2026,463,3,313919.15,111220400
2026,1239,3,1600.0,111210129
2026,1242,3,277.02,111221700
2026,1263,3,109771.57,111221500
2026,1267,3,297.35,111220100
2026,1268,3,20794.45,111221500
2026,1274,3,102793.39,111220400
2026,1276,3,16188.14,111210129
2026,1444,3,65299.17,111210131
2026,1446,3,174079.88,111210131
2026,1447,3,107567.67,111210131
2026,1448,3,23385.41,111210131
2026,1531,3,35519.83,111221700
2026,1980,3,5038.02,111210129
2026,1981,3,34363.64,111220900
2026,2645,3,19378.68,111210129
2026,951,3,498.38,111210129
2026,1455,3,102229.7,111210131
2026,231,3,76043.8,111220900
2026,690,3,194901.08,111210132
2026,916,3,78698.85,111220900
2026,537,3,276067.44,111210131
2026,2277,3,13623.18,111210132
2026,2309,3,38174.0,111210131
2026,255,3,922.77,111210129
2026,271,3,35286.0,111221700
2026,272,3,10869.2,111210129
2026,696,3,23860.22,111210129
2026,711,3,6507626.85,111210129
2026,135,3,115472.24,111210131
2026,136,3,133475.64,111210131
2026,1107,3,297140.11,111221700
2026,1321,3,865562.04,111210131
2026,1322,3,68882.59,111210131
2026,1323,3,9768.84,111210131
2026,2158,3,4184.41,111221700
2026,2437,3,223299.91,111210131
2026,2448,3,72709.09,111210131
2026,2405,3,12184433.94,111210129
2026,702,3,59834.71,111210128
2026,703,3,3600.0,111210128
2026,704,3,18473.62,111210128
2026,1812,3,101947.21,111222000
2026,1815,3,7528.93,111210129
2026,2242,3,650931.13,111220300
2026,2669,3,7953.22,111210132
2026,280,3,133897.93,111210131
2026,622,3,10517.5,111210129
2026,623,3,7833.69,111210129
2026,628,3,5986.77,111210129
2026,629,3,1213.39,111221700
2026,632,3,6600.0,111220900
2026,633,3,300.0,111220900
2026,1736,3,13224.21,111210129
2026,1738,3,23374.1,111210129
2026,1791,3,38760.33,111221500
2026,2359,3,9120.41,111210131
2026,309,3,23356.67,111221500
2026,312,3,923.65,111210129
2026,314,3,5520.78,111210129
2026,558,3,6440.0,111210129
2026,561,3,271860.0,111220900
2026,569,3,60232.77,111220400
2026,2400,3,58419.84,111220400
2026,301,3,83122.15,111210129
2026,303,3,23808.33,111210129
2026,393,3,677.36,111210129
2026,468,3,1520.66,111210129
2026,522,3,30418.65,111210129
2026,808,3,110882.32,111210127
2026,812,3,9639.93,111210129
2026,906,3,77700.79,111220400
2026,2227,3,155401.41,111210132
2026,2232,3,53656.36,111221500
2026,2234,3,11236.8,111210131
2026,834,3,42400.0,111210128
2026,963,3,23305.78,111210131
2026,163,3,800.0,111221500
2026,165,3,93200.0,111221500
2026,166,3,93200.0,111221500
2026,493,3,13182.98,111210129
2026,1986,3,11089.05,111220900
2026,2323,3,2297.52,111221500
2026,2329,3,2746.36,111221500
2026,2720,3,47413.69,111210131
2026,23,3,2320.0,111221500
2026,74,3,166818.48,111210131
2026,760,3,519.2,111210132
2026,761,3,22451.53,111210132
2026,762,3,18625.29,111210132
2026,76,3,32800.4,111210131
2026,73,3,619306.55,111210131
2026,75,3,53550.8,111210131
2026,1332,3,8767.23,111221500
2026,1337,3,18205.58,111221500
2026,1357,3,8966.0,111221500
2026,1365,3,18910.51,111221500
2026,160,3,22339.99,111210129
2026,162,3,27223.99,111210129
2026,1434,3,674.38,111221700
2026,1437,3,387.0,111210129
2026,1442,3,70778.2,111221500
2026,1443,3,9399.68,111221500
2026,683,3,37497.61,111210129
2026,362,3,114740.0,111210131
2026,358,3,39586.78,111210131
2026,360,3,95200.0,111210131
2026,373,3,114740.0,111210131
2026,1388,3,21606.76,111210129
2026,1391,3,44082.6,111221500
2026,1395,3,268760.33,111220900
2026,1396,3,20087.6,111220900
2026,1398,3,1702.8,111220900
2026,1403,3,558429.75,111210127
2026,1902,3,324419.83,111210131
2026,1905,3,12286.32,111210131
2026,2676,3,132619.08,111210129
2026,2677,3,26859.5,111210129
2026,817,3,1160.0,111210129
2026,820,3,2693.02,111210129
2026,822,3,16069.7,111221500
2026,824,3,22419.34,111221500
2026,1979,3,86711.58,111210131
2026,1983,3,443238.92,111210131
2026,2034,3,234462.81,111210131
2026,2561,3,25577.09,111210129
2026,2579,3,18258.16,111221500
2026,194,3,4486.02,111210129
2026,1503,3,84000.0,111210129
2026,2424,3,13305.78,111210129
2026,2164,3,9407.4,111221500
2026,2174,3,10721.23,111210129
2026,2179,3,2924.01,111210129
2026,1592,3,98645.12,111210131
2026,1636,3,14452.89,111210129
2026,1587,3,103928.92,111210131
2026,2375,3,20468.1,111221500
2026,2393,3,87629.75,111220900
2026,259,3,27424.0,111221500
2026,262,3,27797.87,111221500
2026,264,3,28439.0,111210129
2026,269,3,21336.0,111210129
2026,270,3,15945.0,111221500
2026,1892,3,1492.56,111210129
2026,1083,3,17683.39,111210131
2026,498,3,50855.41,111210129
2026,499,3,22254.61,111210129
2026,503,3,7190.0,111210129
2026,504,3,1977.7,111210129
2026,506,3,459.2,111220900
2026,507,3,1069.91,111221500
2026,508,3,2676.0,111221500
2026,919,3,185258.84,111210131
2026,2168,3,36743.98,111210131
2026,2175,3,37082.97,111210131
2026,404,3,35600.0,111210129
2026,782,3,3589.78,111210131
2026,783,3,21602.88,111210131
2026,1646,3,169388.43,111220900
2026,1887,3,10708186.62,111210129
2026,336,3,16194.04,111210131
2026,337,3,39586.78,111210131
2026,751,3,50168.0,111220900
2026,1011,3,119769.69,111210131
2026,1381,3,128969.62,111210131
2026,1510,3,30000.0,111210129
2026,1933,3,169774.09,111210131
2026,1461,3,10563782.7,111210129
2026,283,3,4330.0,111210129
2026,291,3,3701.2,111210129
2026,296,3,9840.0,111210129
2026,299,3,2820.0,111210129
2026,300,3,6300.0,111220100
2026,361,3,10279194.8,111210129
2026,483,3,51296.0,111210129
2026,484,3,2510.82,111210129
2026,1262,3,78515.54,111210132
2026,2346,3,9448.92,111210129
2026,2716,3,1382.18,111210129
2026,241,3,499616.18,111220400
2026,243,3,789.32,111221700
2026,244,3,3624.0,111221500
2026,245,3,3576.0,111220900
2026,246,3,5532.0,111210129
2026,847,3,33000.0,111210131
2026,848,3,1690491.57,111210131
2026,888,3,6920.24,111210131
2026,1702,3,221036.48,111220400
2026,1718,3,5849.17,111210129
2026,151,3,55877.85,111210131
2026,1410,3,57120.0,111210129
2026,1415,3,10299.11,111221500
2026,1421,3,2181.82,111220100
2026,1423,3,132935.29,111220100
2026,1429,3,68642.89,111221700
2026,31,3,6499.99,111210129
2026,37,3,18557.54,111221500
2026,39,3,22751.9,111221500
2026,40,3,13883.5,111221500
2026,45,3,11353.7,111221500
2026,391,3,11792.0,111210129
2026,398,3,3080.0,111210129
2026,478,3,15738.0,111220900
2026,479,3,4520.0,111210129
2026,670,3,17423.25,111210129
2026,677,3,15400.0,111210129
2026,1057,3,6121750.57,111210129
2026,120,3,11974.82,111210129
2026,122,3,10769.0,111210129
2026,124,3,3554.0,111210129
2026,126,3,3165.0,111210129
2026,127,3,8600.0,111210129
2026,130,3,8218.61,111210129
2026,318,3,16528.89,111210128
2026,321,3,25890.0,111210129
2026,325,3,26380.12,111210129
2026,326,3,6870.0,111210129
2026,867,3,8600.0,111221500
2026,874,3,101474.38,111210127
2026,1723,3,90965.29,111210131
2026,1724,3,125455.08,111210131
2026,1771,3,194628.1,111220900
2026,1773,3,3021.48,111220900
2026,1796,3,77603.31,111222000
2026,2336,3,101768.99,111210129
2026,102,3,13600.7,111210129
2026,2569,3,2400.0,111210129
2026,452,3,1255.36,111210129
2026,908,3,30000.0,111210131
2026,1311,3,380347.11,111210131
2026,1312,3,38886.3,111210131
2026,532,3,14930.59,111210129
2026,534,3,14223.5,111210129
2026,535,3,13103.62,111210129
2026,2668,3,3595.52,111210129
2026,2082,3,3024.79,111210129
2026,2667,3,3594.88,111221700
2026,1435,3,5038.01,111220100
2026,682,3,768.0,111221700
2026,691,3,25797.56,111221500
2026,1595,3,14243.74,111210129
2026,315,3,33020.58,111210132
2026,327,3,99074.0,111210131
2026,330,3,138839.5,111210131
2026,1114,3,40020.0,111210131
2026,1827,3,195305.79,111210131
2026,2215,3,5940.5,111210129
2026,649,3,5986.77,111210129
2026,1399,3,289841.7,111210131
2026,1402,3,10137.51,111210131
2026,1682,3,60133.34,111210131
2026,57,3,22093.45,111221500
2026,646,3,2918.06,111220900
2026,895,3,6620.66,111210129
2026,889,3,88014.84,111210114
2026,891,3,186396.7,111220900
2026,1033,3,152083.99,111221500
2026,1754,4,115400.0,111210131
2026,1232,4,70000.0,111210129
2026,1532,4,40000.0,111221700
2026,1538,4,15020.0,111221700
2026,1874,4,17500.0,111221500
2026,559,4,175000.0,111210129
2026,2057,4,50000.0,111221700
2026,358,4,150000.0,111210131
2026,826,4,40000.0,111220100
2026,2384,4,47500.0,111221700
2026,2386,4,158000.0,111221700
2026,2708,4,28500.0,111221700
2026,2709,4,360000.0,111221700
2026,878,4,40000.0,111210129
2026,1724,4,470251.65,111210131
2026,908,4,150000.0,111210131
2026,1610,4,80000.0,111221700
2026,1682,4,272653.35,111210131
2026,2126,4,20000.0,111221700
2026,2149,4,237000.0,111221700
2026,711,5,18759717.93,111210129
2026,2405,5,20728577.68,111210129
2026,1887,5,21366268.74,111210129
2026,1461,5,19700282.54,111210129
2026,361,5,19826696.98,111210129
2026,1057,5,19526353.9,111210129
2026,1326,6,10400.0,111210129
2026,620,6,54963.9,111210131
2026,1333,6,13132.1,111220900
2026,1338,6,2688.0,111210129
2026,1339,6,6720.0,111210129
2026,1340,6,229.5,111210129
2026,1341,6,5040.0,111210129
2026,1344,6,2640.3,111210129
2026,1346,6,10079.8,111210129
2026,1350,6,26113.5,111210129
2026,1352,6,8232.0,111210129
2026,1366,6,6800.0,111210129
2026,1367,6,5039.9,111210129
2026,1377,6,122.5,111210129
2026,1379,6,29101.9,111210129
2026,1424,6,49980.0,111221500
2026,1426,6,11736.0,111210129
2026,1427,6,20294.5,111210129
2026,2113,6,63631.12,111210131
2026,2184,6,20277.77,111221500
2026,2185,6,61426.9,111210132
2026,1602,6,5320.56,111210129
2026,352,6,4020.0,111210129
2026,351,6,10440.0,111210129
2026,366,6,116.0,111221500
2026,786,6,156219.2,111210131
2026,2509,6,127488.06,111210131
2026,2510,6,473678.25,111210131
2026,408,6,36096.0,111210131
2026,1151,6,4752.2,111210129
2026,1157,6,1280.0,111210129
2026,2457,6,65932.15,111210131
2026,2496,6,224624.67,111210131
2026,2501,6,4744.95,111210129
2026,2547,6,63286.64,111210131
2026,733,6,36067.6,111210129
2026,1073,6,23324.0,111221500
2026,1362,6,120286.3,111210131
2026,1363,6,130336.1,111210131
2026,1618,6,32104.8,111210129
2026,1620,6,3123.74,111210129
2026,1622,6,84633.18,111210129
2026,2691,6,224810.88,111210131
2026,2692,6,23506.84,111210131
2026,2693,6,128688.14,111210131
2026,87,6,144.0,111220900
2026,852,6,1020.0,111210124
2026,1304,6,57960.0,111221500
2026,1478,6,140091.14,111210131
2026,1486,6,42310.8,111210131
2026,1783,6,224847.48,111210131
2026,2292,6,1500.0,111221500
2026,2294,6,11918.08,111210129
2026,2295,6,8011.42,111210129
2026,1018,6,5640.0,111221500
2026,1020,6,6512.0,111210129
2026,1096,6,16341.7,111210129
2026,1244,6,118088.6,111210131
2026,1245,6,30016.4,111210129
2026,1246,6,4181.4,111220900
2026,1247,6,27611.8,111221500
2026,2170,6,696.85,111210129
2026,2171,6,400.08,111221500
2026,2178,6,696.85,111210129
2026,2180,6,400.08,111221500
2026,334,6,3480.0,111210129
2026,345,6,259.6,111221500
2026,500,6,3201.0,111210131
2026,1195,6,37452.8,111221500
2026,1196,6,2408.1,111221500
2026,1197,6,2688.0,111210129
2026,1199,6,1564.8,111210129
2026,1204,6,1489.6,111221700
2026,1206,6,30800.0,111210129
2026,2138,6,57883.26,111210132
2026,857,6,4992.0,111210129
2026,1288,6,3200.0,111210129
2026,1290,6,5760.0,111210129
2026,1293,6,1080.0,111210129
2026,1467,6,11480.0,111221500
2026,1468,6,4544.2,111220100
2026,1469,6,1049.5,111220900
2026,1470,6,4219.8,111220900
2026,1471,6,1078.7,111220900
2026,1472,6,5376.0,111220900
2026,1473,6,10192.0,111220900
2026,1474,6,9856.0,111210129
2026,1475,6,703.2,111210129
2026,1476,6,9473.5,111210129
2026,1485,6,80999.97,111220100
2026,1852,6,41928.45,111210131
2026,1866,6,8312.01,111210131
2026,1867,6,23476.03,111210131
2026,1873,6,43848.3,111210131
2026,1882,6,53902.39,111210131
2026,2089,6,109629.8,111210132
2026,2100,6,325286.72,111210132
2026,2368,6,320601.6,111210131
2026,560,6,49839.4,111210131
2026,562,6,64159.9,111210131
2026,1212,6,13600.0,111210129
2026,1213,6,6321.0,111210129
2026,564,6,110170.6,111210131
2026,1214,6,31397.3,111210129
2026,1215,6,988.0,111210129
2026,1216,6,40689.6,111221500
2026,1217,6,19413.5,111221500
2026,1218,6,13658.4,111220400
2026,1219,6,318168.0,111210127
2026,2058,6,598002.99,111210131
2026,2059,6,109629.8,111210131
2026,44,6,7307.0,111210131
2026,260,6,128728.6,111210131
2026,46,6,285485.6,111210131
2026,256,6,42385.1,111210131
2026,257,6,69685.6,111210131
2026,233,6,149398.2,111210131
2026,1624,6,320601.6,111210131
2026,1625,6,56767.2,111210131
2026,2246,6,163.79,111210129
2026,2253,6,23284.8,111210129
2026,2263,6,1746.4,111210129
2026,2267,6,900.87,111221700
2026,2268,6,8965.36,111220900
2026,2270,6,22024.8,111220900
2026,2278,6,2945.49,111220900
2026,2279,6,5302.24,111221700
2026,540,6,3888.0,111221500
2026,2024,6,14450.8,111221500
2026,2025,6,16044.0,111221700
2026,2028,6,20966.4,111221500
2026,2031,6,1245.88,111210129
2026,2035,6,206149.66,111220900
2026,2037,6,5188.22,111221500
2026,2038,6,7000.0,111220100
2026,2162,6,126961.75,111210131
2026,2556,6,46267.11,111210131
2026,240,6,47455.2,111210131
2026,247,6,11315.5,111210131
2026,248,6,9662.8,111210131
2026,1100,6,31643.1,111210129
2026,1101,6,580.8,111210129
2026,1102,6,37800.0,111210129
2026,1103,6,1842.9,111221500
2026,1104,6,3695.1,111221500
2026,1105,6,94215.0,111221500
2026,94,6,50218.5,111210129
2026,1037,6,51772.0,111210131
2026,92,6,61490.1,111210131
2026,90,6,53452.3,111210131
2026,91,6,97516.0,111210131
2026,1038,6,40277.0,111210132
2026,1117,6,111208.0,111220900
2026,1118,6,203.8,111221500
2026,1120,6,203.8,111210129
2026,1122,6,156.0,111221500
2026,1123,6,25654.2,111210129
2026,1124,6,11080.0,111210129
2026,1126,6,66.9,111210129
2026,825,6,65088.7,111210131
2026,833,6,41595.8,111210131
2026,925,6,1860.0,111210129
2026,926,6,5260.0,111220900
2026,927,6,14520.0,111221500
2026,929,6,12700.0,111210129
2026,930,6,13808.0,111210129
2026,935,6,22728.0,111210129
2026,968,6,643.3,111220900
2026,969,6,2306.1,111220900
2026,970,6,1305.8,111210129
2026,971,6,1531.0,111221700
2026,972,6,11604.0,111221500
2026,976,6,27800.0,111210129
2026,1174,6,9507.2,111210129
2026,1175,6,3726.5,111220900
2026,1176,6,12317.2,111221500
2026,1177,6,1792.0,111221500
2026,1181,6,5679.2,111221500
2026,1187,6,253.0,111221700
2026,1188,6,234.0,111220100
2026,2105,6,3119.2,111221500
2026,2106,6,3260.0,111221500
2026,2107,6,11872.0,111221500
2026,2108,6,4106.47,111221500
2026,2110,6,3817.6,111221500
2026,2112,6,32784.37,111221500
2026,2117,6,3360.0,111210129
2026,2122,6,9463.44,111221700
2026,2124,6,6674.36,111221700
2026,2350,6,22303.12,111210129
2026,2351,6,9827.94,111221500
2026,2357,6,12001.36,111210129
2026,278,6,4086.0,111210129
2026,281,6,12472.4,111210129
2026,282,6,12094.7,111221500
2026,576,6,2880.0,111210129
2026,577,6,4551.5,111210129
2026,1458,6,3742.2,111210129
2026,1465,6,3291.01,111210127
2026,1528,6,111628.47,111210131
2026,1000,6,11200.0,111221500
2026,1002,6,467.6,111210129
2026,1003,6,73263.6,111210129
2026,1005,6,3666.0,111210129
2026,1808,6,42859.75,111210131
2026,1822,6,2781403.1,111210131
2026,2624,6,3920.0,111210129
2026,2625,6,9239.64,111210129
2026,2627,6,30474.96,111210129
2026,2632,6,4320.0,111210129
2026,2638,6,98963.2,111220400
2026,2639,6,4587.6,111221700
2026,1913,6,214.43,111221700
2026,1925,6,4821.41,111210129
2026,461,6,7884.0,111210129
2026,1227,6,130880.0,111221500
2026,1228,6,2472.0,111221500
2026,1229,6,8364.0,111210129
2026,1231,6,14128.0,111210129
2026,1234,6,24099.6,111210129
2026,1236,6,540.0,111210129
2026,1237,6,6860.0,111210129
2026,1240,6,26222.0,111210129
2026,1241,6,24710.4,111222000
2026,1242,6,469.2,111221700
2026,1256,6,7078.6,111221500
2026,1257,6,2430.2,111221500
2026,1258,6,8544.4,111221500
2026,1259,6,22119.2,111221500
2026,1260,6,5502.0,111210129
2026,1263,6,85325.4,111221500
2026,1264,6,13692.0,111220900
2026,1265,6,3248.1,111220900
2026,1268,6,35225.8,111221500
2026,1274,6,44990.4,111220400
2026,1275,6,130880.0,111221500
2026,1276,6,27422.6,111210129
2026,1277,6,2560.4,111210129
2026,1444,6,161436.8,111210131
2026,1446,6,98774.6,111210131
2026,1447,6,208250.3,111210131
2026,1448,6,103353.6,111210131
2026,1531,6,6342.32,111221700
2026,1536,6,47040.0,111220900
2026,1537,6,26880.0,111221700
2026,1567,6,3660.0,111210129
2026,1569,6,3600.0,111210129
2026,1956,6,3594.64,111221700
2026,1969,6,42256.0,111210129
2026,1972,6,20521.2,111210129
2026,1980,6,6096.0,111210129
2026,1981,6,21621.6,111220900
2026,2301,6,16080.0,111220900
2026,2642,6,32448.91,111210129
2026,2645,6,83647.48,111210129
2026,944,6,6591.2,111220100
2026,945,6,258.6,111220100
2026,956,6,1368.0,111210129
2026,959,6,5112.0,111210129
2026,960,6,2077.2,111210129
2026,1455,6,223997.1,111210131
2026,2455,6,5040.0,111210129
2026,2502,6,14845.99,111221500
2026,2508,6,9680.0,111210129
2026,231,6,45626.2,111220900
2026,690,6,120798.1,111210132
2026,2406,6,3544.02,111220900
2026,2407,6,32200.0,111210129
2026,2408,6,1327.97,111210129
2026,916,6,152360.9,111220900
2026,537,6,207684.9,111210131
2026,921,6,3702.1,111210129
2026,2277,6,53539.02,111210132
2026,2309,6,109078.4,111210131
2026,2335,6,23828.0,111210131
2026,2591,6,121660.8,111221500
2026,696,6,15730.1,111210129
2026,697,6,19196.4,111210129
2026,135,6,69283.1,111210131
2026,136,6,86085.2,111210131
2026,429,6,720.0,111210129
2026,1107,6,316671.6,111221700
2026,1321,6,433451.6,111210131
2026,1322,6,95718.1,111210131
2026,1323,6,19248.0,111210131
2026,2155,6,5760.0,111210129
2026,2158,6,2786.4,111221700
2026,2437,6,214545.03,111210131
2026,2448,6,173989.2,111210131
2026,700,6,1600.0,111210129
2026,702,6,2896.0,111210128
2026,1070,6,3472.0,111210129
2026,1074,6,28190.4,111210129
2026,1810,6,11309.6,111210129
2026,1811,6,21263.2,111210129
2026,1812,6,319312.26,111222000
2026,1815,6,12754.0,111210129
2026,1816,6,23260.0,111210129
2026,2669,6,32004.84,111210132
2026,280,6,81673.5,111210131
2026,622,6,6284.2,111210129
2026,623,6,4700.2,111210129
2026,1734,6,243.54,111210129
2026,1735,6,9081.59,111210129
2026,1736,6,64005.2,111210129
2026,1738,6,90415.72,111210129
2026,1739,6,12560.0,111210129
2026,1742,6,14683.7,111210129
2026,1746,6,840.89,111210129
2026,1772,6,3810.0,111210129
2026,1776,6,22260.0,111210129
2026,1784,6,19101.6,111210129
2026,1785,6,5017.6,111210129
2026,1790,6,5376.0,111210129
2026,1791,6,166400.0,111221500
2026,1875,6,154.83,111210129
2026,1877,6,4137.23,111210129
2026,1878,6,10751.93,111210129
2026,2186,6,37108.26,111210129
2026,2190,6,4860.0,111210129
2026,2201,6,3600.0,111210129
2026,2202,6,5526.14,111210129
2026,2204,6,3312.3,111221500
2026,2358,6,107156.0,111210131
2026,2359,6,51196.18,111210131
2026,309,6,12094.7,111221500
2026,2398,6,12600.0,111221500
2026,2400,6,19792.64,111220400
2026,2401,6,40000.0,111221500
2026,2402,6,9120.0,111210129
2026,301,6,51151.7,111210129
2026,303,6,20071.8,111210129
2026,2047,6,8437.29,111210129
2026,2647,6,21280.0,111210129
2026,2649,6,42512.35,111210129
2026,2655,6,5760.0,111210129
2026,393,6,7751.7,111210129
2026,515,6,6924.0,111210129
2026,516,6,608.0,111210129
2026,518,6,3351.0,111221500
2026,522,6,18251.1,111210129
2026,525,6,192.0,111210129
2026,904,6,3890.4,111221700
2026,905,6,30371.3,111210129
2026,906,6,26325.0,111220400
2026,1452,6,25235.7,111210129
2026,1457,6,19832.0,111221500
2026,2227,6,299699.21,111210132
2026,2231,6,7570.31,111220900
2026,2232,6,88161.11,111221500
2026,2234,6,69855.14,111210131
2026,834,6,2896.0,111210128
2026,963,6,51800.0,111210131
2026,966,6,60832.0,111210132
2026,1225,6,29444.8,111210131
2026,2518,6,31542.0,111220900
2026,2519,6,5683.2,111220900
2026,2521,6,6496.0,111220900
2026,2522,6,19287.17,111220900
2026,2524,6,2982.0,111220900
2026,2526,6,30969.35,111210129
2026,2532,6,2982.0,111220900
2026,165,6,3728.0,111221500
2026,166,6,3728.0,111221500
2026,1705,6,3535.25,111221700
2026,1706,6,5820.22,111221700
2026,1749,6,11200.0,111221500
2026,1752,6,13065.64,111221500
2026,1986,6,79548.4,111220900
2026,1987,6,8644.71,111221700
2026,1992,6,10080.0,111210129
2026,1994,6,971.03,111210129
2026,1996,6,20431.96,111210129
2026,1998,6,1888.96,111210129
2026,2311,6,60839.97,111220100
2026,2314,6,14490.0,111221500
2026,2316,6,85231.2,111221500
2026,2318,6,9244.33,111221500
2026,2323,6,3892.0,111221500
2026,2324,6,5674.05,111221500
2026,2325,6,2400.0,111221500
2026,2327,6,2971.0,111221500
2026,2330,6,2224.0,111221500
2026,2720,6,149872.9,111210131
2026,23,6,7392.0,111221500
2026,1043,6,8960.0,111210129
2026,76,6,25680.2,111210131
2026,75,6,38130.4,111210131
2026,1332,6,27477.7,111221500
2026,1334,6,13619.2,111221500
2026,1337,6,25487.8,111221500
2026,1349,6,2355.0,111221500
2026,1357,6,54552.4,111221500
2026,1361,6,13248.0,111221500
2026,1364,6,6790.8,111210129
2026,1365,6,54443.9,111221500
2026,1757,6,28992.0,111210129
2026,1763,6,36120.0,111221500
2026,1817,6,42636.16,111210131
2026,2063,6,6272.0,111220100
2026,2065,6,73171.2,111221500
2026,2066,6,17388.0,111221500
2026,2070,6,13560.0,111221500
2026,2073,6,6621.73,111210129
2026,2075,6,11968.0,111210129
2026,2076,6,20815.55,111210129
2026,2077,6,23395.17,111210129
2026,2081,6,38893.0,111210129
2026,2443,6,8602.01,111210129
2026,2083,6,16335.2,111210129
2026,2085,6,32200.0,111210129
2026,2377,6,5600.0,111220900
2026,152,6,2520.0,111221500
2026,1431,6,482.2,111220900
2026,1432,6,5877.4,111221700
2026,1434,6,1142.4,111221700
2026,1437,6,866.8,111210129
2026,1438,6,3757.6,111210129
2026,1439,6,21484.6,111210129
2026,1440,6,21484.6,111210129
2026,1442,6,34256.5,111221500
2026,1443,6,18197.6,111221500
2026,683,6,25264.3,111210129
2026,362,6,74844.0,111210131
2026,358,6,36000.0,111210131
2026,360,6,3808.0,111210131
2026,373,6,74844.0,111210131
2026,316,6,424.0,111210129
2026,1385,6,830.4,111221700
2026,1388,6,30055.7,111210129
2026,1389,6,27527.6,111210129
2026,1391,6,103715.5,111221500
2026,1395,6,91056.0,111220900
2026,1396,6,34028.4,111220900
2026,1398,6,2383.9,111220900
2026,1403,6,712000.0,111210127
2026,1404,6,7592.0,111221700
2026,1405,6,17733.2,111210129
2026,1406,6,18264.8,111221500
2026,1798,6,6122.68,111210129
2026,1799,6,14308.0,111210129
2026,1801,6,5180.0,111210129
2026,1802,6,20196.0,111210129
2026,1804,6,13154.4,111210129
2026,1902,6,686156.78,111210131
2026,1905,6,22513.25,111210131
2026,1906,6,125224.92,111210131
2026,2674,6,121660.8,111221500
2026,2676,6,224656.71,111210129
2026,2677,6,96320.0,111210129
2026,2680,6,1248.0,111210129
2026,820,6,23735.1,111210129
2026,1977,6,196560.0,111210131
2026,1979,6,123986.0,111210131
2026,1983,6,296966.35,111210131
2026,2561,6,85545.58,111210129
2026,2579,6,11488.04,111221500
2026,1494,6,43960.0,111210129
2026,2425,6,61160.0,111221500
2026,1943,6,3248.82,111210129
2026,1945,6,1472.0,111210129
2026,1947,6,10640.0,111221500
2026,1948,6,3000.0,111221500
2026,1949,6,5880.0,111220900
2026,1950,6,4421.34,111220900
2026,2164,6,76292.72,111221500
2026,2166,6,14784.0,111210129
2026,2167,6,23379.33,111210129
2026,2174,6,696.85,111210129
2026,2179,6,7109.66,111210129
2026,2182,6,4509.6,111210129
2026,1592,6,249056.9,111210131
2026,1630,6,18945.1,111210129
2026,1635,6,2408.0,111210129
2026,1587,6,267857.84,111210131
2026,1628,6,9969.29,111221700
2026,1629,6,129920.0,111221500
2026,1636,6,18340.0,111210129
2026,1637,6,8332.9,111210129
2026,1638,6,11694.84,111210129
2026,2375,6,42746.48,111221500
2026,1655,6,17280.0,111210129
2026,2382,6,2080.0,111210129
2026,2390,6,1770.0,111210129
2026,2393,6,49481.6,111220900
2026,2599,6,144640.0,111221500
2026,2600,6,57960.0,111221500
2026,2603,6,6320.0,111210129
2026,2607,6,4473.49,111210129
2026,2613,6,5544.0,111210129
2026,2618,6,10541.7,111221500
2026,259,6,16454.4,111221500
2026,262,6,33151.0,111221500
2026,264,6,11837.4,111210129
2026,269,6,8989.2,111210129
2026,1892,6,22610.0,111210129
2026,1895,6,57960.0,111221500
2026,1083,6,20770.8,111210131
2026,1908,6,20485.58,111220900
2026,1909,6,23746.44,111220900
2026,498,6,36177.2,111210129
2026,503,6,2808.0,111210129
2026,505,6,5994.0,111220900
2026,919,6,416741.1,111210131
2026,978,6,788.8,111220900
2026,979,6,1925.4,111220100
2026,982,6,38388.4,111220900
2026,985,6,1080.0,111210129
2026,986,6,1040.0,111210129
2026,993,6,390.0,111210129
2026,994,6,600.0,111210129
2026,995,6,3544.0,111210129
2026,996,6,3245.2,111210129
2026,1693,6,3674.43,111220900
2026,2168,6,1153.64,111210131
2026,2175,6,1153.64,111210131
2026,403,6,371.2,111210129
2026,405,6,3360.0,111210129
2026,1642,6,38360.0,111210129
2026,1644,6,3732.23,111220900
2026,1646,6,57388.8,111220900
2026,336,6,15716.4,111210131
2026,337,6,36000.0,111210131
2026,751,6,48100.8,111220900
2026,752,6,16610.8,111220900
2026,1011,6,362442.4,111210131
2026,1380,6,398631.4,111210131
2026,1381,6,72734.4,111210131
2026,1505,6,14400.0,111221700
2026,1507,6,4042.43,111220100
2026,1514,6,2839.8,111210129
2026,1516,6,1951.0,111210129
2026,1933,6,96690.66,111210131
2026,295,6,7452.0,111221500
2026,296,6,6258.0,111210129
2026,483,6,30777.6,111210129
2026,1262,6,183825.1,111210132
2026,2346,6,152.25,111210129
2026,2712,6,5031.49,111221500
2026,2713,6,4900.0,111221500
2026,2717,6,11160.0,111210129
2026,237,6,10134.9,111210129
2026,245,6,2404.8,111220900
2026,848,6,1249076.8,111210131
2026,888,6,26804.0,111210131
2026,1700,6,35660.58,111221500
2026,1701,6,1200.0,111221500
2026,1702,6,74887.16,111220400
2026,1711,6,22479.43,111210129
2026,1712,6,7960.68,111210129
2026,1714,6,16800.0,111210129
2026,1718,6,2547.9,111210129
2026,1721,6,3049.2,111210129
2026,2675,6,10000.0,111210129
2026,2694,6,1312.69,111210129
2026,150,6,84751.2,111210131
2026,151,6,22366.4,111210131
2026,1407,6,5040.0,111210129
2026,1410,6,69696.0,111210129
2026,1411,6,12210.0,111221700
2026,1415,6,21459.2,111221500
2026,1421,6,3696.0,111220100
2026,1423,6,225192.3,111220100
2026,1429,6,238715.8,111221700
2026,31,6,6099.1,111210129
2026,32,6,701.2,111210129
2026,34,6,3000.0,111210129
2026,37,6,1109.8,111221500
2026,38,6,8337.6,111221500
2026,39,6,19651.1,111221500
2026,40,6,902.6,111221500
2026,45,6,468.2,111221500
2026,391,6,871.6,111210129
2026,395,6,144.0,111220900
2026,478,6,15442.8,111220900
2026,479,6,8712.0,111210129
2026,2090,6,38887.0,111210129
2026,2092,6,2784.0,111210129
2026,2098,6,49880.0,111220900
2026,2099,6,14740.0,111210129
2026,120,6,6585.2,111210129
2026,124,6,2580.0,111210129
2026,318,6,19259.9,111210128
2026,319,6,2507.5,111221500
2026,321,6,5502.0,111210129
2026,326,6,4122.0,111210129
2026,867,6,2580.0,111221500
2026,869,6,8694.0,111221500
2026,872,6,160.2,111221700
2026,874,6,318168.0,111210127
2026,875,6,1803.4,111210129
2026,923,6,14740.3,111221500
2026,1709,6,4421.76,111220100
2026,1723,6,204915.2,111210131
2026,1771,6,65940.0,111220900
2026,1773,6,5118.4,111220900
2026,1775,6,7364.0,111220900
2026,1777,6,31052.0,111220900
2026,1780,6,69033.6,111221500
2026,1781,6,143680.0,111221500
2026,1782,6,13248.0,111221500
2026,1796,6,182280.0,111222000
2026,1824,6,5169.81,111221500
2026,2315,6,21397.82,111210129
2026,2317,6,23192.54,111210129
2026,2328,6,5868.8,111210129
2026,2336,6,223216.67,111210129
2026,101,6,9738.0,111220100
2026,102,6,6720.4,111210129
2026,1896,6,3374.0,111210129
2026,908,6,36000.0,111210131
2026,1051,6,13047.8,111220900
2026,1311,6,110991.4,111210131
2026,1312,6,58346.7,111210131
2026,1393,6,8025.1,111221500
2026,1394,6,23684.0,111210129
2026,1586,6,20000.0,111210129
2026,1588,6,13792.8,111210129
2026,1590,6,17760.0,111210129
2026,1591,6,8288.0,111210129
2026,532,6,18099.6,111210129
2026,534,6,12567.9,111210129
2026,535,6,9022.7,111210129
2026,1319,6,1296.0,111210129
2026,2667,6,6089.72,111221700
2026,2668,6,28630.84,111210129
2026,2671,6,22709.28,111210129
2026,1669,6,3840.0,111210129
2026,884,6,2073.6,111210129
2026,1417,6,48981.9,111210132
2026,1430,6,6597.4,111221500
2026,1433,6,2024.9,111220100
2026,1435,6,8534.4,111220100
2026,1825,6,12869.16,111210129
2026,1829,6,31813.32,111210129
2026,682,6,6460.8,111221700
2026,685,6,3057.5,111221500
2026,686,6,1751.5,111210128
2026,687,6,1020.0,111220900
2026,691,6,41707.2,111221500
2026,1593,6,14656.0,111210129
2026,1594,6,3360.0,111210129
2026,1595,6,1378.79,111210129
2026,1598,6,33317.42,111210129
2026,1599,6,18400.0,111221500
2026,1600,6,78496.8,111221500
2026,1604,6,57960.0,111221500
2026,1605,6,168320.0,111221500
2026,1609,6,34160.0,111210129
2026,1853,6,35129.09,111210129
2026,1859,6,13350.72,111221700
2026,1865,6,4890.96,111221700
2026,1098,6,5553.6,111221500
2026,1099,6,18840.0,111210129
2026,330,6,84638.4,111210131
2026,1113,6,57302.4,111210131
2026,1114,6,112032.0,111210131
2026,1827,6,81786.0,111210131
2026,2215,6,86976.0,111210129
2026,2216,6,6720.0,111210129
2026,2218,6,5040.0,111210129
2026,2220,6,2910.6,111210129
2026,2222,6,6080.0,111210129
2026,2223,6,16444.4,111210129
2026,2224,6,72132.0,111221500
2026,2225,6,3400.0,111210129
2026,2229,6,6600.0,111220900
2026,2240,6,44256.88,111210129
2026,141,6,120.0,111210129
2026,144,6,3238.6,111210129
2026,1399,6,619212.9,111210131
2026,1682,6,109061.33,111210131
2026,645,6,3942.9,111210129
2026,895,6,56028.7,111210129
2026,889,6,39983.4,111210114
2026,891,6,63151.2,111220900
2026,892,6,1761.7,111220100
2026,896,6,71268.7,111210129
2026,898,6,1140.0,111210129
2026,1029,6,5598.7,111210129
2026,1030,6,2103.2,111220100
2026,1031,6,3273.4,111221500
2026,1032,6,11305.7,111221500
2026,1033,6,30416.8,111221500
2026,1035,6,2968.0,111221500
2026,1036,6,2380.0,111221500
2026,2127,6,4416.0,111221500
2026,2129,6,29400.0,111221500
2026,2130,6,24528.0,111221500
2026,2134,6,26460.0,111210129
2026,2141,6,20748.0,111221500
2026,1371,6,11680.0,111210129
2026,1372,6,104284.8,111221500
2026,1373,6,1040.0,111210129
2026,1374,6,3872.0,111210129
2026,545,7,362683.02,111210129
2026,1220,7,304906.78,111210129
2026,2102,7,349061.25,111210129
2026,711,7,6925715.38,111210129
2026,2405,7,9524294.0,111210129
2026,2161,7,724430.88,111210129
2026,1887,7,8795303.37,111210129
2026,1461,7,9082630.41,111210129
2026,361,7,6717643.01,111210129
2026,1057,7,9372452.75,111210129
2026,132,7,307735.51,111210129
2026,1684,7,387160.06,111210129
2026,2611,7,393103.71,111210129
2026,903,7,205187.89,111210129
2026,1304,8,103500.0,111221500
2026,541,8,287500.0,111221500
2026,1275,8,204500.0,111221500
2026,164,8,280000.0,111221500
2026,165,8,233000.0,111221500
2026,166,8,233000.0,111221500
2026,1629,8,203000.0,111221500
2026,2599,8,226000.0,111221500
2026,2600,8,10350.0,111221500
2026,1895,8,103500.0,111221500
2026,1781,8,224500.0,111221500
2026,1604,8,103500.0,111221500
2026,1605,8,263000.0,111221500
2026,711,9,4399987.91,111210129
2026,2405,9,3736196.85,111210129
2026,1887,9,4066858.71,111210129
2026,1461,9,3820550.06,111210129
2026,361,9,4296909.93,111210129
2026,1057,9,3896984.27,111210129
2026,2405,10,72352.84,111210129
2026,1887,10,72352.84,111210129
2026,711,11,1704210.86,111210129
2026,2405,11,1595815.65,111210129
2026,1887,11,1595815.65,111210129
2026,1461,11,1595815.65,111210129
2026,361,11,1751140.53,111210129
2026,1057,11,1704210.86,111210129
2026,711,14,6450872.74,111210129
2026,2405,14,6434731.25,111210129
2026,1887,14,6362665.88,111210129
2026,1461,14,6377215.17,111210129
2026,361,14,6560579.27,111210129
2026,1057,14,6876654.11,111210129
2026,711,16,1270552.92,111210129
2026,2405,16,1353606.28,111210129
2026,1887,16,1336647.33,111210129
2026,1461,16,1317939.37,111210129
2026,361,16,1279671.47,111210129
2026,1057,16,1278792.64,111210129
2026,711,17,32.81,111210129
2026,2405,17,32.81,111210129
2026,1887,17,32.81,111210129
2026,1461,17,32.81,111210129
2026,361,17,32.81,111210129
2026,1057,17,32.81,111210129
2026,711,19,984429.65,111210129
2026,2405,19,937088.38,111210129
2026,2161,19,156706.89,111210129
2026,1887,19,936511.08,111210129
2026,1461,19,1021269.19,111210129
2026,361,19,973237.15,111210129
2026,1057,19,1005824.01,111210129
2026,711,20,993565.3,111210129
2026,2405,20,1319731.53,111210129
2026,2161,20,520583.86,111210129
2026,1887,20,1233893.85,111210129
2026,1461,20,1244931.5,111210129
2026,361,20,987371.32,111210129
2026,1057,20,1121407.96,111210129
2026,711,21,82318.77,111210129
2026,1887,21,50909.16,111210129
2026,361,21,82318.77,111210129
2026,1057,21,96093.72,111210129
2026,711,25,1057392.37,111210129
2026,2405,25,825989.23,111210129
2026,1887,25,880501.78,111210129
2026,1461,25,913840.68,111210129
2026,361,25,1132661.79,111210129
2026,1057,25,1019628.01,111210129
2026,711,26,168750.0,111210129
2026,2405,26,168750.0,111210129
2026,1887,26,168750.0,111210129
2026,1461,26,168750.0,111210129
2026,361,26,175000.0,111210129
2026,1057,26,168750.0,111210129
2026,615,784,8596.32,111221500
2026,2113,784,6753.97,111210131
2026,2420,784,37793.9,111210131
2026,2421,784,45969.39,111210131
2026,786,784,154423.83,111210131
2026,2509,784,24770.82,111210131
2026,2505,784,164541.25,111210131
2026,2510,784,117475.25,111210131
2026,714,784,100969.54,111210131
2026,2456,784,72708.02,111210131
2026,2457,784,48717.73,111210131
2026,2496,784,66300.08,111210131
2026,2547,784,125159.59,111210131
2026,656,784,209791.31,111221700
2026,678,784,180.9,111210129
2026,681,784,4230.0,111220900
2026,731,784,3505.26,111210129
2026,1073,784,6884.3,111221500
2026,1362,784,24852.56,111210131
2026,1363,784,34421.16,111210131
2026,1622,784,17486.19,111210129
2026,1478,784,72361.13,111210131
2026,1018,784,559.5,111221500
2026,1244,784,8265.2,111210131
2026,1247,784,4844.0,111221500
2026,2170,784,10961.57,111210129
2026,2178,784,10961.57,111210129
2026,1195,784,13376.0,111221500
2026,2138,784,119593.53,111210132
2026,1283,784,9004.96,111210129
2026,1472,784,7933.88,111220900
2026,1485,784,33471.06,111220100
2026,1849,784,10724.62,111210131
2026,1852,784,43314.52,111210131
2026,1858,784,241664.73,111210131
2026,1866,784,85867.85,111210131
2026,1867,784,24252.09,111210131
2026,1873,784,25884.47,111210131
2026,1882,784,55684.29,111210131
2026,2369,784,7165.29,111210131
2026,2391,784,78677.25,111210131
2026,1213,784,5936.4,111210129
2026,567,784,105840.0,111210131
2026,1214,784,26164.42,111210129
2026,1218,784,20157.02,111220400
2026,1219,784,65737.19,111210127
2026,2058,784,879021.88,111210131
2026,2253,784,4024.79,111210129
2026,2268,784,5788.58,111220900
2026,763,784,2210.0,111210129
2026,775,784,18758.75,111221500
2026,2024,784,4265.29,111221500
2026,2028,784,6188.43,111221500
2026,2035,784,304235.04,111220900
2026,2556,784,34682.91,111210131
2026,1100,784,4199.99,111210129
2026,1037,784,106611.57,111210131
2026,1118,784,5097.41,111221500
2026,1120,784,5097.41,111210129
2026,823,784,27769.7,111210131
2026,825,784,54240.6,111210131
2026,832,784,7919.74,111210131
2026,833,784,34663.2,111210131
2026,925,784,930.0,111210129
2026,929,784,5247.93,111210129
2026,930,784,6904.0,111210129
2026,972,784,971.91,111221500
2026,1181,784,4732.74,111221500
2026,2112,784,16934.07,111221500
2026,1528,784,23063.74,111210131
2026,843,784,2396.69,111210129
2026,1808,784,88553.2,111210131
2026,2627,784,7870.6,111210129
2026,2638,784,146049.59,111220400
2026,1925,784,4528.0,111210129
2026,463,784,114320.0,111220400
2026,1231,784,4415.0,111210129
2026,1241,784,6381.82,111222000
2026,1266,784,4037.19,111220900
2026,1274,784,66396.7,111220400
2026,1444,784,47649.58,111210131
2026,1446,784,98128.89,111210131
2026,1567,784,5041.32,111210129
2026,1972,784,4239.93,111210129
2026,2301,784,5537.19,111220900
2026,943,784,6240.0,111221500
2026,944,784,1945.45,111220100
2026,945,784,106.89,111220100
2026,952,784,160.0,111210129
2026,2502,784,4381.93,111221500
2026,916,784,39349.43,111220900
2026,917,784,8833.02,111210129
2026,2277,784,6615.59,111210132
2026,2309,784,28171.07,111210131
2026,1107,784,163570.05,111221700
2026,1321,784,447781.01,111210131
2026,1322,784,49441.29,111210131
2026,1323,784,19884.42,111210131
2026,2437,784,126649.96,111210131
2026,2448,784,51354.54,111210131
2026,698,784,582.28,111221500
2026,699,784,9725.7,111221500
2026,701,784,6633.55,111210128
2026,704,784,24236.81,111210128
2026,1812,784,65973.61,111222000
2026,1816,784,6404.96,111210129
2026,626,784,2219.2,111210129
2026,628,784,17993.39,111210129
2026,629,784,606.69,111221700
2026,1736,784,13224.22,111210129
2026,1772,784,5247.93,111210129
2026,1776,784,6570.25,111210129
2026,1791,784,34380.17,111221500
2026,2190,784,6694.21,111210129
2026,2400,784,29209.92,111220400
2026,2649,784,6416.46,111210129
2026,2650,784,10826.45,111210129
2026,906,784,38850.4,111220400
2026,1452,784,5214.0,111210129
2026,1457,784,4097.52,111221500
2026,963,784,21404.96,111210131
2026,2518,784,9309.92,111220900
2026,2526,784,10664.38,111210129
2026,1986,784,20544.52,111220900
2026,2311,784,41900.81,111220100
2026,2720,784,38706.84,111210131
2026,73,784,172677.07,111210131
2026,1337,784,9102.79,111221500
2026,1343,784,11025.0,111221500
2026,1357,784,9609.0,111221500
2026,1365,784,4008.76,111221500
2026,1757,784,5990.08,111210129
2026,1817,784,12584.46,111210131
2026,2073,784,4466.28,111210129
2026,2076,784,4044.13,111210129
2026,1442,784,35389.09,111221500
2026,1391,784,37041.3,111221500
2026,1395,784,134380.17,111220900
2026,1396,784,7320.66,111220900
2026,1403,784,294214.88,111210127
2026,1798,784,9593.88,111210129
2026,1902,784,162848.7,111210131
2026,1905,784,7929.7,111210131
2026,820,784,16346.51,111210129
2026,822,784,12835.48,111221500
2026,1979,784,43174.38,111210131
2026,2579,784,9129.08,111221500
2026,2424,784,10826.45,111210129
2026,1949,784,8677.69,111220900
2026,2164,784,19703.7,111221500
2026,2174,784,10961.57,111210129
2026,1592,784,64322.56,111210131
2026,1587,784,66964.46,111210131
2026,1636,784,10826.45,111210129
2026,2375,784,25234.04,111221500
2026,2393,784,73024.79,111220900
2026,2618,784,14520.25,111221500
2026,1083,784,23841.69,111210131
2026,919,784,107629.43,111210131
2026,2168,784,9926.72,111210131
2026,2175,784,9926.72,111210131
2026,782,784,16794.89,111210131
2026,783,784,25801.44,111210131
2026,1646,784,84694.21,111220900
2026,751,784,40084.0,111220900
2026,752,784,13842.4,111220900
2026,753,784,279.9,111220900
2026,754,784,1790.1,111220900
2026,1011,784,74884.86,111210131
2026,1381,784,75139.1,111210131
2026,1933,784,99887.05,111210131
2026,241,784,120960.0,111220400
2026,888,784,18460.12,111210131
2026,1700,784,9209.86,111221500
2026,1701,784,247.93,111221500
2026,1702,784,110518.24,111220400
2026,1711,784,5805.64,111210129
2026,2675,784,4132.23,111210129
2026,1415,784,6333.88,111221500
2026,1429,784,49321.45,111221700
2026,670,784,19604.01,111210129
2026,872,784,220.7,111221700
2026,874,784,65737.19,111210127
2026,875,784,2484.29,111210129
2026,876,784,11400.0,111210129
2026,1723,784,60482.64,111210131
2026,1724,784,77727.54,111210131
2026,1771,784,97314.05,111220900
2026,1777,784,9165.29,111220900
2026,1796,784,53801.65,111222000
2026,2315,784,5526.3,111210129
2026,2317,784,4791.85,111210129
2026,2336,784,65884.49,111210129
2026,1901,784,9421.49,111210129
2026,2569,784,16200.0,111210129
2026,1311,784,286651.84,111210131
2026,1312,784,34443.15,111210131
2026,2668,784,6377.93,111210129
2026,2671,784,7820.0,111210129
2026,884,784,1428.1,111210129
2026,689,784,2031.97,111210129
2026,1113,784,117775.05,111210131
2026,1827,784,112652.89,111210131
2026,2212,784,10826.45,111210129
2026,2214,784,6612.11,111210129
2026,2215,784,17970.25,111210129
2026,649,784,17993.39,111210129
2026,717,784,2217.36,111221700
2026,1399,784,149593.62,111210131
2026,1402,784,20068.75,111210131
2026,641,784,11400.0,111210129
2026,895,784,11576.2,111210129
2026,889,784,59007.42,111210114
2026,891,784,93198.35,111220900
2026,1033,784,76042.0,111221500
2026,137,900,527076.0,111210131
