ANIO_PRESUP,JURISDICCION,TRIM1_CUOTA,TRIM2_CUOTA,TRIM3_CUOTA,TRIM4_CUOTA,TRIM1_COMPR,TRIM2_COMPR,TRIM3_COMPR,TRIM4_COMPR
2024,1110117000,50000000.0,206000000.0,100000000.0,100000000.0,26616056.08,34971295.74,38465140.44,60282878.17
2024,1110118000,372000000.0,579000000.0,715000000.0,640000000.0,294359443.0,368045172.28,480477309.13,595160550.34
2025,1110107000,1200000000.0,22000000.0,0.0,0.0,775896059.08,12065041.35,0.0,0.0
2025,1110101000,200000000.0,110000000.0,115000000.0,208000000.0,75017432.79,77410592.07,87589489.23,76303759.0
2025,1110102000,500500000.0,570000000.0,586000000.0,500000000.0,382878992.97,325238780.3,295032475.49,331184564.99
2025,1110103000,2560000000.0,2100000000.0,607000000.0,659000000.0,2368037000.72,729489267.0,612788542.92,472966825.02
2025,1110104000,3109000000.0,4630000000.0,3290000000.0,4930000000.0,2657085053.98,3170496461.77,3118312447.38,3187966356.49
2025,1110105000,200000000.0,260000000.0,211000000.0,261000000.0,187301381.96,210566818.91,176891781.74,196263826.42
2025,1110106000,650000000.0,680000000.0,515000000.0,632000000.0,514204407.16,541568679.81,416386783.9,401495028.23
2025,1110112000,200000000.0,260000000.0,198000000.0,220000000.0,167240855.76,227867544.87,175296465.59,207525938.5
2025,1110113000,1940000000.0,1000000000.0,751000000.0,1320000000.0,513090784.73,690318356.11,608034888.61,606711451.71
2025,1110114000,100000000.0,100000000.0,100000000.0,100000000.0,0.0,0.0,0.0,0.0
2025,1110115000,150000000.0,100000000.0,205000000.0,110000000.0,41158383.45,65880477.21,38225126.03,54723838.72
2025,1110116000,100000000.0,500000000.0,100000000.0,100000000.0,0.0,0.0,0.0,0.0
2025,1110117000,100000000.0,100000000.0,91000000.0,120000000.0,79575193.27,95392897.17,80986041.39,102259236.17
2025,1110118000,1550000000.0,1850000000.0,698000000.0,1710000000.0,968544952.58,1080395974.75,683125729.73,676175863.98
2025,1110200000,100000000.0,100000000.0,80000000.0,200000000.0,79123859.87,88823052.07,79107553.7,93831899.14
2026,1110101000,160000000.0,0.0,0.0,0.0,67156343.89,0.0,0.0,0.0
2026,1110102000,500000000.0,0.0,0.0,0.0,369386289.58,0.0,0.0,0.0
2026,1110103000,370000000.0,0.0,0.0,0.0,277255720.51,0.0,0.0,0.0
2026,1110104000,2780000000.0,0.0,0.0,0.0,2281255278.57,0.0,0.0,0.0
2026,1110106000,600000000.0,0.0,0.0,32000000.0,457975111.86,0.0,0.0,0.0
2026,1110108000,80000000.0,0.0,0.0,0.0,44274466.76,0.0,0.0,0.0
2026,1110109000,170000000.0,0.0,0.0,0.0,115401975.47,0.0,0.0,0.0
2026,1110111000,150000000.0,0.0,0.0,0.0,127313274.02,0.0,0.0,0.0
2026,1110113000,750000000.0,0.0,0.0,0.0,435074916.58,0.0,0.0,0.0
2026,1110115000,120000000.0,0.0,0.0,0.0,55201703.91,0.0,0.0,0.0
2026,1110118000,660000000.0,0.0,0.0,0.0,564355434.57,0.0,0.0,0.0
2026,1110200000,70000000.0,0.0,0.0,0.0,58437306.27,0.0,0.0,0.0
2026,1110117000,100000000.0,0.0,0.0,0.0,61401344.7,0.0,0.0,0.0
2018,1110108000,2700000.0,3000000.0,1300000.0,1300000.0,1711595.11,1567359.67,1458403.67,1774594.33
2018,1110118000,9120000.0,11900000.0,12000000.0,12700000.0,11042606.48,10751081.99,10177056.21,11548797.2
2018,1110101000,6600000.0,4500000.0,6000000.0,3500000.0,3635351.45,2515384.2,1684153.04,3092873.82
2018,1110102000,10000000.0,8500000.0,10000000.0,10000000.0,12372030.63,10892926.51,10377781.08,10501209.13
2018,1110116000,9200000.0,9000000.0,9500000.0,9900000.0,7104477.14,7048131.24,4547370.32,4895848.47
2018,1110115000,2700000.0,1600000.0,1000000.0,1000000.0,731308.53,859734.38,658277.6,800047.26
2018,1110106000,7900000.0,6900000.0,8650000.0,6890000.0,8000922.32,8791733.77,8766750.45,8258513.67
2018,1110112000,4000000.0,6500000.0,7500000.0,5000000.0,6029820.38,5562795.82,4679545.99,5725928.57
2018,1110200000,3000000.0,3530000.0,6500000.0,3300000.0,3102463.92,2982023.0,2845472.51,3203763.05
2019,1110105000,7100000.0,9000000.0,10000000.0,11000000.0,8324603.14,8879183.52,8913157.87,9611056.37
2019,1110103000,162500000.0,350000000.0,350000000.0,100000000.0,39231845.93,12871738.8,21643674.53,21992726.63
2019,1110104000,72000000.0,75500000.0,123000000.0,115100000.0,71444013.04,74763035.13,84912756.87,99847641.97
2019,1110102000,11000000.0,12000000.0,17000000.0,20490000.0,12569350.48,12255187.77,13255788.13,14278153.39
2019,1110200000,3000000.0,5500000.0,5500000.0,5500000.0,3126969.0,3568110.45,3080982.24,3746145.3
2018,1110105000,8950000.0,6900000.0,4900000.0,5000000.0,8545226.25,8447117.45,6090883.68,6428850.68
2018,1110113000,10000000.0,12300000.0,12400000.0,13000000.0,11297928.83,11483035.44,10943418.41,11558071.42
2018,1110109000,3000000.0,3500000.0,7000000.0,3060000.0,5184646.82,4318362.01,4323802.47,3615892.41
2018,1110103000,10900000.0,73100000.0,90900000.0,81500000.0,10430639.8,28760828.93,20900117.86,13379229.27
2018,1110111000,5000000.0,5500000.0,4300000.0,4900000.0,4309073.34,4823532.22,2943718.57,5655684.23
2018,1110117000,3000000.0,3000000.0,3000000.0,5500000.0,3696520.45,3668466.36,2673894.03,3074867.27
2018,1110114000,1200000.0,900000.0,2000000.0,1000000.0,808325.34,948266.8,831922.01,881877.22
2019,1110106000,10000000.0,10800000.0,22000000.0,21000000.0,8819097.86,11074480.28,13184217.59,15573771.03
2019,1110107000,35870000.0,1500500.0,1210000.0,1000000.0,30877696.08,432119.4,853630.66,0.0
2019,1110108000,3000000.0,2000000.0,3000000.0,5000000.0,1737847.03,1973843.13,2419843.7,2645899.92
2019,1110109000,4000000.0,5000000.0,6500000.0,6000000.0,4394924.64,4625485.64,5675395.49,5274115.07
2019,1110114000,1500000.0,1000000.0,1000000.0,2000000.0,911120.82,1025781.22,827079.55,1173369.3
2019,1110111000,6805000.0,7940000.0,7000000.0,7000000.0,6146101.88,8223316.19,6708812.26,6928799.02
2019,1110112000,7000000.0,5500000.0,7000000.0,7500000.0,6193173.98,6010582.34,6597728.47,9520695.89
2019,1110113000,12000000.0,15000000.0,27500000.0,18800000.0,12218430.3,12602919.38,13987210.64,20207139.65
2019,1110115000,1500000.0,1000000.0,1000000.0,1000000.0,869859.97,1147383.59,1016194.67,1121702.93
2019,1110116000,8600000.0,6600000.0,12000000.0,7000000.0,7073103.91,6834417.9,10943657.85,7706410.82
2019,1110117000,3650000.0,3500000.0,4100000.0,7000000.0,3660507.58,3677098.35,3614605.87,4190258.57
2019,1110118000,12000000.0,16700000.0,57500000.0,20000000.0,12207838.37,15350362.97,14198996.02,18987821.36
2017,1110101000,7500000.0,2700000.0,2700000.0,10200000.0,1971215.11,1373807.28,1189668.81,1654992.44
2017,1110110000,1500000.0,100000.0,0.0,0.0,1188062.25,53681.26,0.0,0.0
2018,1110104000,56000000.0,75900000.0,79000000.0,75670000.0,50595110.87,66848576.24,54820678.53,69591531.33
2019,1110101000,4000000.0,4000000.0,5000000.0,6000000.0,2195576.08,2742761.18,2390602.47,4773197.8
2003,1110101000,0.0,0.0,20000.0,84726.0,0.0,0.0,4442.7,2680.0
2003,1110102000,0.0,0.0,100000.0,600000.0,0.0,0.0,2042.0,2500.0
2003,1110103000,1000000.0,1000000.0,1000000.0,1000000.0,0.0,0.0,3780.0,925.0
2003,1110104000,10000000.0,1000000.0,1000000.0,1000000.0,0.0,0.0,0.0,2400.0
2003,1110105000,10000000.0,10000000.0,99899999.0,99999999.0,0.0,0.0,0.0,0.0
2003,1110106000,999999999.0,99999999.0,99999999.0,99999999.0,0.0,0.0,0.0,0.0
2003,1110107000,9999999.0,99999999.0,9999999.0,9999999.0,0.0,0.0,0.0,0.0
2003,1110200000,99999999.0,9999999.0,9999999.0,9999999.0,0.0,0.0,0.0,0.0
2004,1110101000,583424.63,550000.0,411000.0,398401.74,353954.02,479915.85,383420.79,420332.62
2004,1110103000,688680.0,650000.0,802000.0,854250.0,464818.95,534021.36,747889.19,689470.64
2004,1110104000,750000.0,750000.0,725000.0,700000.0,741694.19,739160.87,677098.7,689368.52
2004,1110105000,65000.0,75000.0,70000.0,67930.0,47246.94,61040.22,56492.42,67167.73
2004,1110106000,183774.08,205000.0,341000.0,305138.42,156819.8,171095.94,328435.76,295777.84
2004,1110107000,151533.85,103500.0,103500.0,184144.85,110085.74,78122.27,173586.34,157193.17
2004,1110108000,73107.92,60000.0,76200.0,89640.0,44787.04,58657.15,76158.62,82970.05
2004,1110109000,50000.0,50000.0,60000.0,57668.11,11671.56,20235.35,34508.64,35829.75
2004,1110110000,20000.0,20000.0,20000.0,18694.56,13882.55,14457.69,16625.69,15461.56
2004,1110111000,260000.0,280000.0,260000.0,384250.0,186117.53,216765.73,176671.83,275678.05
2004,1110200000,55233.27,65000.0,65000.0,55233.4,47669.18,55149.83,48761.74,48093.19
2004,1110102000,1999.0,0.0,1340.0,14600.0,1449.86,0.0,1088.13,7466.33
2005,1110101000,238031.2,53772.03,134772.03,255772.03,238634.8,52409.95,51447.88,136870.83
2005,1110102000,1301772.9,797204.92,384504.92,251604.92,1257580.34,755486.36,206435.16,512181.49
2005,1110103000,1499490.6,859650.65,1046750.65,596450.65,1422849.22,1062338.45,1218661.93,822169.71
2005,1110104000,2544361.6,240038.82,1290038.82,1250038.82,2542435.44,237975.89,1437950.82,1646739.39
2005,1110105000,248708.36,22358.38,137359.38,162258.38,247999.04,20434.34,157875.84,205088.48
2005,1110106000,487554.32,277921.3,396321.3,398821.3,445269.12,324089.32,454495.38,634720.69
2005,1110107000,178000.0,78000.0,148000.0,78000.0,9016.33,71.16,140785.07,38650.58
2005,1110108000,258124.27,49305.03,147505.03,77605.03,255325.85,36688.01,143165.79,202315.54
2005,1110109000,96784.58,66877.29,91277.29,32477.29,90556.43,62536.39,130397.34,63190.87
2005,1110110000,67035.65,8735.65,58735.65,8735.65,61865.24,7621.45,39865.93,21709.01
2005,1110111000,270442.5,219852.5,200852.5,187852.5,270178.56,270733.31,191981.4,395146.71
2005,1110200000,222430.1,9250.1,9250.1,19250.1,219419.52,7336.79,5427.08,58438.32
2006,1110104000,1181270.0,1046270.0,1219729.5,1167697.45,1094020.73,1045766.85,1208127.87,1166870.38
2006,1110101000,92775.21,92475.21,141701.3,143851.71,88912.44,87213.71,126731.14,137892.04
2006,1110102000,640111.15,507111.15,527111.15,595431.96,658474.86,469370.36,471790.08,541765.27
2006,1110103000,1035238.0,1061628.07,1139628.07,6368570.03,938530.96,928130.79,992605.34,2259519.2
2006,1110105000,75307.0,90307.0,94907.0,96787.0,56520.42,80144.87,87925.03,93474.42
2006,1110106000,308061.0,397082.0,607141.0,534221.0,300008.68,489483.88,376924.57,323046.87
2006,1110107000,103000.0,103000.0,103000.0,103000.0,42342.75,64874.68,74366.61,64704.86
2006,1110108000,123886.0,119886.0,104775.26,114643.81,112608.3,102118.28,97485.22,113258.38
2006,1110109000,37208.0,37208.0,99208.0,68061.33,31587.11,34199.55,78048.72,61926.39
2006,1110110000,84095.0,27701.0,27701.0,27701.0,18207.26,15318.35,18929.86,24534.39
2006,1110111000,280450.0,294450.0,130450.0,159450.0,272296.38,288617.24,127983.58,131488.7
2006,1110200000,84414.0,84414.0,84414.0,87414.0,52442.29,49593.21,53590.12,68435.34
2007,1110101000,83853.17,90853.17,99853.17,148003.17,77993.6,90475.94,98833.35,132063.24
2007,1110102000,748274.75,735274.75,716274.75,1049948.0,721438.17,732707.19,714572.13,1069948.68
2007,1110103000,1779441.62,2701741.62,2355441.62,3869900.0,1664251.38,2432367.63,2277102.94,3696839.25
2007,1110104000,1200643.5,1381643.5,1375643.5,1828277.5,1161961.86,1335907.56,1502629.3,1925276.83
2007,1110105000,105695.38,111895.38,125995.38,159461.38,76948.65,102533.67,104517.43,151459.65
2007,1110106000,450000.0,587970.61,397470.61,642581.12,407533.88,503647.48,411746.86,591453.08
2007,1110107000,133000.0,133000.0,133000.0,133000.0,47652.16,51035.02,74140.57,56817.33
2007,1110108000,171362.44,172054.44,157882.44,161252.59,158500.01,139169.42,148497.8,157697.4
2007,1110109000,46699.87,67099.87,124999.87,125719.09,43682.63,59596.15,74135.59,127410.06
2007,1110110000,27478.68,27478.68,27478.68,152870.11,28793.36,22766.67,27032.25,149433.21
2007,1110111000,333000.0,153000.0,223000.0,221000.0,330111.68,141644.96,186988.94,135288.61
2007,1110200000,102130.2,102130.2,102130.2,122130.2,70475.35,78822.25,76677.21,94094.06
2008,1110101000,304143.05,214143.05,260143.05,329143.0,250947.32,213961.48,269148.29,310099.18
2008,1110102000,317798.04,377798.04,382798.04,437798.04,291662.46,362529.0,397750.6,423699.63
2008,1110103000,1323106.0,1792648.26,1452648.26,3093148.26,1024223.3,1567161.86,1362928.9,2658919.13
2008,1110104000,1701265.27,2353265.27,1881265.27,3028265.27,1615776.68,2015555.49,1963926.15,2530894.01
2008,1110105000,111656.52,167656.52,147656.52,191656.5,99478.87,145458.94,145957.85,170431.87
2008,1110106000,355657.53,659657.53,533657.53,990657.53,320239.42,588979.83,508190.87,936214.85
2008,1110107000,128000.0,128000.0,128000.0,128000.0,45007.41,34049.49,65820.66,102727.18
2008,1110108000,199448.4,228678.4,258678.4,283678.4,199135.35,207723.05,253108.95,274595.2
2008,1110109000,78549.94,88549.94,148549.94,253549.92,61162.06,90614.54,122154.94,305102.87
2008,1110110000,57461.96,57461.96,52461.96,72461.9,58819.67,48354.77,48807.32,60121.69
2008,1110111000,385625.0,415625.0,375625.0,399625.0,274751.67,312559.19,293325.12,330519.2
2008,1110112000,245600.07,305600.07,245600.07,295600.07,260349.63,283653.85,252016.72,352842.22
2008,1110113000,345573.54,509573.54,300573.54,395573.5,270802.14,367630.72,305205.52,354033.03
2008,1110114000,51519.63,61519.63,51519.63,51519.63,44876.78,42376.56,37752.9,53503.76
2008,1110200000,120192.01,150192.01,120192.01,190192.0,97245.87,115008.01,126533.79,152307.85
2009,1110101000,167918.62,357918.62,280918.62,260918.62,166975.1,242912.5,218621.08,210588.19
2009,1110102000,519828.32,493828.32,483828.32,535828.32,510621.24,503784.33,457318.79,492728.01
2009,1110103000,2413115.5,49783115.5,42563115.5,35613115.5,2264949.14,38125901.88,7495807.25,4803427.33
2009,1110104000,2646859.7,2746859.7,2657859.7,4191859.7,2663839.2,2738743.07,2591920.0,3605019.48
2009,1110105000,185848.69,235848.69,205848.69,215848.69,191219.25,209047.92,195331.0,229555.97
2009,1110106000,845315.35,2545315.35,1075315.35,985315.35,797618.64,884677.99,962529.67,1189556.85
2009,1110107000,63500.0,83500.0,83500.0,63500.0,43664.75,74075.63,67259.84,34000.92
2009,1110108000,399505.37,399505.37,635505.37,545505.37,361575.06,325317.02,578369.2,604059.97
2009,1110109000,116802.32,116802.32,146802.32,206802.32,110267.28,130644.08,153892.45,222460.9
2009,1110110000,112609.02,59109.02,96109.02,176109.02,86319.26,56656.51,67264.14,80814.68
2009,1110111000,408750.0,408750.0,408750.0,808750.0,234856.54,351238.77,333616.31,782138.94
2009,1110112000,319724.85,284724.85,294724.85,784724.85,352399.49,331641.56,343577.11,710637.02
2009,1110113000,659838.47,732838.47,606838.47,771838.47,531268.94,692616.71,565290.04,696475.46
2009,1110114000,64704.46,94704.46,64704.46,70704.46,46969.23,53794.91,46523.46,56380.75
2009,1110115000,149259.49,254259.49,84259.49,134259.49,157693.11,181539.87,71306.25,141564.68
2009,1110200000,164275.97,194275.97,164275.97,164275.97,135429.16,150352.37,137362.85,184497.92
2010,1110107000,2200000.0,497500.0,408500.0,528500.0,26151.05,74192.42,73195.37,211570.28
2010,1110101000,324833.62,304900.0,404866.62,314866.62,293244.39,312550.13,280224.55,237824.75
2010,1110102000,693650.32,703650.32,563650.32,513650.32,710897.15,792301.42,655834.62,681654.24
2010,1110103000,3958787.0,4153787.0,9828787.0,6388787.0,3397879.59,3880883.29,9282904.98,8994042.53
2010,1110104000,3738997.36,4898997.36,4198997.36,5998997.36,3461934.86,3897427.77,4168858.92,5455854.28
2010,1110105000,208197.73,248197.73,338197.73,358197.73,206610.66,280817.62,275734.98,368048.57
2010,1110106000,511660.8,543660.8,601660.8,696660.8,422328.63,474318.52,706602.65,758315.8
2010,1110108000,329246.16,149246.16,149246.16,252246.16,228272.9,167980.95,155824.61,246113.94
2010,1110109000,122918.54,152918.54,262918.54,942918.54,155809.65,207607.05,268973.8,897522.92
2010,1110110000,58299.02,78299.02,88299.02,78299.02,80589.56,102158.22,86278.18,104653.91
2010,1110111000,527500.0,547500.0,530500.0,597500.0,536158.74,512502.4,505973.03,603324.1
2010,1110112000,384432.98,464432.98,534432.98,475432.98,483894.57,614243.29,673284.89,682693.0
2010,1110113000,808723.95,858723.95,898732.95,1208732.95,787567.33,786996.56,806977.17,1473867.46
2010,1110114000,50564.34,60564.34,50564.34,50564.34,58545.53,73875.42,73581.33,77502.76
2010,1110115000,130111.68,290111.68,801111.68,470111.68,101992.34,251625.13,604359.43,521818.57
2010,1110200000,193809.54,193809.54,193809.54,193809.54,162730.31,187581.0,169950.78,198440.73
2011,1110101000,331702.67,313702.0,360702.67,336702.67,288601.69,331941.85,377311.93,317902.59
2011,1110102000,955450.6,1029450.6,685450.6,700450.6,1031776.69,1156246.41,793706.12,868553.28
2011,1110103000,6191384.0,9717364.0,10135864.0,38954864.0,5869941.21,9546059.98,11052857.15,9698176.48
2011,1110104000,5523770.0,5784470.0,5989770.0,6562770.0,5362966.84,5980094.72,5843656.68,6852464.2
2011,1110105000,398723.0,446723.0,442723.0,604723.0,374554.83,464506.29,471135.29,550177.36
2011,1110106000,851203.0,879203.0,941203.0,1870203.0,774850.44,912100.55,979578.36,1321973.5
2011,1110107000,5394000.0,1261000.0,1053000.0,125000.0,4130530.53,637621.66,47837.91,68547.59
2011,1110108000,260331.75,633331.75,1198331.75,330331.75,213486.73,614551.55,559741.21,394734.21
2011,1110109000,203039.0,289239.0,372039.0,1154039.0,224789.79,330361.25,442208.69,1094278.82
2011,1110110000,85027.5,105027.5,85027.5,85027.5,91718.32,134240.39,97114.91,106377.87
2011,1110111000,836250.0,593250.0,1360250.0,556250.0,666395.1,593134.35,1182014.14,578825.77
2011,1110112000,557990.0,667990.0,635990.0,870000.0,680456.34,886142.56,843265.79,1145469.89
2011,1110113000,1350070.75,1977000.0,2957672.75,900070.0,1055452.72,1201817.65,2634245.32,1104931.48
2011,1110114000,56297.84,400352.0,56297.84,71297.84,86341.02,96246.82,65153.91,91811.75
2011,1110115000,443959.91,396759.91,245959.91,375959.91,418415.83,368808.25,283041.38,347082.75
2011,1110200000,274176.75,274176.75,274176.75,274176.75,193350.09,247035.09,209766.15,277082.92
2012,1110107000,5654000.0,15505000.0,42000.0,100000.0,6876555.31,1937501.7,38391.89,93736.44
2012,1110111000,887500.0,887500.0,887500.0,887500.0,741979.71,717691.0,763340.96,807951.58
2012,1110102000,1025826.0,1155826.87,875826.87,993826.87,1179545.61,1453607.3,1799822.02,2234391.83
2012,1110109000,395003.75,427003.0,467003.75,892003.0,414703.37,1101778.95,755989.31,1694083.02
2012,1110106000,1084244.0,894244.02,924244.02,922244.02,1124978.18,1146949.72,1371631.6,1744490.33
2012,1110108000,568422.0,258422.0,250422.15,358422.15,422342.75,260166.07,507905.48,961425.88
2012,1110112000,860586.1,900586.1,896586.1,1015586.1,1148874.75,1357709.78,2322952.3,2570396.02
2012,1110113000,1371020.0,2501020.0,1261020.3,1241020.3,1556830.0,3296830.5,2234506.23,2863965.07
2012,1110101000,352273.55,492273.55,655273.55,347273.55,286365.15,737952.77,569942.88,538573.38
2012,1110103000,206097805.2,6817805.0,6677805.2,6277805.0,6909914.44,5753841.94,6065744.21,10639184.82
2012,1110104000,10046735.0,6861735.7,7331735.7,10128735.7,7136926.91,7205626.41,6980563.4,9370194.76
2012,1110105000,1078127.0,563127.85,648127.85,907127.85,851697.13,1089608.54,1002070.07,1546333.04
2012,1110110000,120222.44,121222.44,120222.44,130222.44,172122.25,326753.9,426460.86,631445.65
2012,1110114000,87164.68,107164.68,247167.68,223164.0,88659.7,146811.91,230863.73,258721.86
2012,1110115000,192912.56,1922912.56,192912.56,192912.56,157137.83,243168.06,445829.78,464016.57
2012,1110200000,518844.42,420844.42,468844.42,418844.42,254590.93,356350.1,558542.02,618509.91
2013,1110107000,7995000.0,760000.0,704500.0,800000.0,9114396.59,325242.76,18245.8,19115.9
2013,1110104000,10500000.0,13498004.0,9848004.0,11388004.0,9187724.47,11289994.82,10467667.45,13385129.52
2013,1110109000,684500.0,781922.09,931500.0,1396500.0,636363.55,880902.53,607728.5,2230164.15
2013,1110111000,1290000.0,1225000.0,1375000.0,1235000.0,990525.9,832540.06,1502131.28,1393233.79
2013,1110102000,1355000.0,1946116.0,1431000.0,4119000.0,1541812.47,2187394.59,1575284.35,3715596.87
2013,1110112000,1149500.0,1693543.33,1193500.0,1293500.0,1555874.28,1805690.53,1788739.01,7455944.54
2013,1110200000,503815.0,503715.0,503715.0,613715.0,374905.03,672516.4,365177.97,1034725.64
2013,1110103000,50719093.0,8504828.0,89899750.0,18951750.0,6326161.85,8016907.24,9675763.67,14364656.66
2013,1110108000,359250.0,389573.41,669250.0,379250.0,342265.07,268762.04,316690.52,1282477.98
2013,1110113000,2156682.5,2270060.0,5992849.0,4832849.1,2244214.54,2647519.7,3061817.94,7425100.67
2013,1110106000,1361050.0,2087938.0,2147250.0,2997250.0,1407620.72,1667942.66,1836007.32,3409542.86
2013,1110105000,1154250.0,1647923.0,1157250.0,2057250.0,1228907.76,1247302.65,1076591.73,4521747.93
2013,1110101000,488750.0,560527.69,588750.0,848750.0,517363.33,561496.38,609729.56,1105774.1
2013,1110110000,174794.06,157294.06,154794.06,214794.06,231041.45,202104.84,217603.84,627861.41
2013,1110114000,211395.2,111395.2,111395.2,121995.2,128897.8,146536.41,230136.27,566689.13
2013,1110115000,100000.0,148000.0,100000.0,300000.0,117376.37,141485.59,104852.47,597363.58
2014,1110101000,1041789.4,1271789.0,1171789.4,1149789.39,977583.07,1367913.18,1434826.69,1383245.16
2014,1110107000,190040000.0,2540000.0,50000.0,10000.0,7689889.58,2064367.12,52002.0,824.75
2014,1110102000,1521439.22,2042439.23,1871439.22,2491439.23,2036379.36,3196150.82,3080430.62,2875867.17
2014,1110103000,13062232.29,20491232.29,9311232.29,1138681232.29,13104576.15,12091025.06,10512274.03,14948657.41
2014,1110104000,12979370.63,18269370.63,22959370.63,15944370.63,12555941.87,15510889.08,14342261.35,18279620.31
2014,1110105000,1248925.35,1500925.35,1295925.35,2165925.36,1809400.51,2685000.46,2398125.69,2602238.77
2014,1110106000,1507775.78,1597775.78,1667775.78,2797775.78,1971952.72,2312705.98,2542666.08,2961861.83
2014,1110108000,399073.67,449073.67,404073.67,1399073.65,606654.42,695482.69,834311.63,975296.46
2014,1110109000,6984324.89,877324.88,687324.89,1202324.88,1242541.99,1713096.32,1714048.99,1782523.67
2014,1110110000,194841.16,194841.16,194841.16,224841.16,325816.52,424865.66,373798.91,409178.07
2014,1110111000,1963244.28,1963244.28,1900244.28,1993244.27,1262148.64,1414929.76,1920087.73,2175485.13
2014,1110112000,1761871.41,1961871.41,1761871.41,1761871.41,3176410.02,4296204.56,3845529.79,3399358.53
2014,1110113000,4099690.98,3994690.98,4054690.98,6914690.98,4474082.49,7364254.32,6422580.32,7835181.34
2014,1110114000,127253.03,177253.03,197253.03,477253.04,179868.05,396269.95,349777.54,440024.38
2014,1110115000,114414.7,114414.7,114414.7,214414.69,138274.38,322309.05,290851.74,268205.11
2014,1110200000,807847.5,807847.5,807847.5,807847.5,741706.57,1046787.09,931921.56,942341.71
2015,1110101000,2220000.0,1997000.0,1667000.0,1561000.0,1902798.41,1645904.92,1292171.2,1852032.71
2015,1110102000,3150000.0,27971800.0,3500000.0,3501800.0,3131987.19,5570259.94,4810400.33,6347433.26
2015,1110103000,16900000.0,15766882.0,44950000.0,15196882.5,16007738.62,17528428.39,22502873.46,23817776.67
2015,1110104000,22400000.0,20799600.0,22800000.0,29579600.0,18017956.67,22381370.36,24298247.73,27682433.34
2015,1110105000,2300000.0,2031802.9,3000000.0,5799802.93,2641556.33,3680630.78,3632384.56,7474281.59
2015,1110200000,1370408.7,1170408.8,1170408.7,1170408.8,1009214.04,1329641.06,1130717.29,1643107.78
2015,1110115000,190000.0,301250.0,2190000.0,881250.0,167552.78,610020.24,570599.4,1327737.07
2015,1110114000,350000.0,452750.0,350000.0,357750.0,515573.46,735233.62,561143.08,849014.34
2015,1110113000,3990000.0,5164900.0,6100000.0,6799900.0,6211476.2,10189680.62,8381797.03,12109054.34
2015,1110112000,2000000.0,2229550.0,2000000.0,2229550.0,3197934.21,5947545.03,4228517.56,6755711.73
2015,1110111000,1725000.0,1750000.0,3900000.0,1750000.0,1846317.61,2057400.72,3728128.53,2054851.86
2015,1110110000,300000.0,362350.0,300000.0,362350.0,391624.92,794457.35,518021.64,646498.57
2015,1110109000,1500000.0,1676849.7,1600000.0,1676849.39,1688037.31,2482641.82,2440351.37,3118484.35
2015,1110108000,500000.0,633450.0,500000.0,633450.0,902546.03,1100126.92,844586.01,1420882.42
2015,1110107000,2004600000.0,1283834.0,813833.0,963833.0,12021040.99,860871.81,497363.98,780395.34
2015,1110106000,2300000.0,2987597.54,4000000.0,3987597.54,2564909.16,3405703.72,4585307.5,6000287.31
2016,1110107000,11900000.0,15650000.0,2950000.0,1700000.0,11957186.88,8387191.91,1343416.19,3008620.97
2016,1110104000,25900000.0,30950000.0,549900000.0,38530000.0,26954676.96,32245110.09,34289237.98,37761289.26
2016,1110112000,2600000.0,2445000.0,2000000.0,2800000.0,5163701.55,3509438.34,4469248.98,4835208.56
2016,1110102000,3900000.0,4850000.0,6750000.0,5750000.0,5055392.91,4752122.88,6658595.68,6454483.01
2016,1110103000,10980000.0,7050000.0,12710000.0,23911000.0,10679432.16,7144385.93,13268736.99,21210990.25
2016,1110101000,1400000.0,3000000.0,1200000.0,990000.0,924705.6,1026631.47,877777.67,1155801.46
2016,1110105000,3700000.0,4950000.0,3550000.0,9401000.0,2360196.53,3257819.55,3250140.42,4176790.17
2016,1110106000,2600000.0,3610000.0,6660000.0,5661000.0,2921605.37,3990184.97,4290798.24,5050858.92
2016,1110108000,1310000.0,850000.0,1000000.0,1240000.0,1327610.1,981363.77,1398055.03,1502701.03
2016,1110109000,2600000.0,1850000.0,2970000.0,2650000.0,2124064.34,2254721.25,2980679.01,3585609.47
2016,1110110000,1350000.0,2100000.0,1000000.0,1010400.0,1365604.37,1400325.75,966606.18,1043005.85
2016,1110111000,2900000.0,2500000.0,3200000.0,3598000.0,2156134.74,2340787.43,3492767.12,2826357.17
2016,1110113000,5910000.0,6500000.0,99400000.0,9901000.0,7580378.97,8919738.56,11239265.63,13310850.03
2016,1110114000,1185000.0,320000.0,1000000.0,520000.0,442718.6,288548.43,407173.0,456477.41
2016,1110115000,300000.0,1000000.0,2900000.0,2100000.0,748439.47,996208.74,846536.95,1148312.63
2016,1110200000,1500000.0,1900000.0,1360000.0,1450500.0,1319323.39,1709726.66,1404744.51,1856345.88
2016,1110118000,200000.0,5900000.0,8520000.0,7200000.0,108811.6,6604043.69,8932296.84,8326958.02
2016,1110117000,50000.0,1000000.0,1390000.0,1250000.0,9555.5,1442082.14,1968634.5,2085347.93
2016,1110116000,400000.0,1900000.0,2900000.0,3060000.0,384695.6,2502677.92,3902769.36,3683018.32
2017,1110107000,10000000.0,1400000.0,300700.0,30000.0,10504887.51,859328.97,168688.29,352580.49
2017,1110102000,7700000.0,8431000.0,8000000.0,14400000.0,10698240.73,7613555.37,7499549.56,8076326.04
2017,1110103000,17750000.0,36660000.0,100950000.0,100750000.0,16911244.35,26543670.86,19089336.25,97953836.76
2017,1110104000,76100000.0,44199000.0,43000000.0,52990000.0,39155753.96,44436505.26,46131465.37,49405095.97
2017,1110105000,10600000.0,7935000.0,7900000.0,18000000.0,7646856.89,6967492.36,8135688.01,6354390.43
2017,1110106000,5100000.0,6422000.0,6800000.0,7600000.0,5895979.95,6410162.78,6229494.19,7250089.95
2017,1110108000,3000000.0,1485000.0,2000000.0,4000000.0,2120794.99,1467868.86,1305684.68,1569905.41
2017,1110109000,5000000.0,3018000.0,3800000.0,3350000.0,5137233.94,3364571.87,4041608.72,3062693.13
2017,1110111000,3100000.0,3100000.0,5100000.0,6100000.0,3434665.45,3206359.93,4859836.65,6681505.41
2017,1110112000,7000000.0,3200000.0,3200000.0,3800000.0,8176459.2,5352356.46,5479746.75,6499320.97
2017,1110113000,18000000.0,11616000.0,12000000.0,19460000.0,16950759.73,11880312.01,10369320.06,9940383.82
2017,1110114000,6000000.0,1170000.0,5000000.0,2100000.0,898628.98,552464.79,502032.23,605224.56
2017,1110115000,2000000.0,2040000.0,3000000.0,2000000.0,2586654.64,1196665.98,1180439.41,1441135.75
2017,1110116000,4000000.0,5600000.0,7500000.0,4520000.0,7731134.04,5291818.12,7403236.94,5292099.43
2017,1110117000,6000000.0,3400000.0,3000000.0,1520000.0,3894361.09,2412522.0,2483305.65,2762245.25
2017,1110118000,10000000.0,9660000.0,19100000.0,16000000.0,10625347.64,9110985.81,12728222.04,13953046.16
2017,1110200000,3000000.0,3001000.0,3000000.0,2200000.0,2988685.41,2220364.39,1958399.73,2607867.56
2018,1110107000,27200000.0,6060000.0,115000.0,1100000.0,26270347.45,9199000.08,69718.86,223100.65
2021,1110111000,15000000.0,15000000.0,25000000.0,46000000.0,15720571.11,9889529.89,9851151.14,30144229.62
2021,1110107000,47000000.0,4000000.0,6000000.0,0.0,29034908.8,22059.88,6000.0,0.0
2021,1110102000,36000000.0,36000000.0,50000000.0,100000000.0,43128451.51,41331139.15,42899446.01,51305139.59
2021,1110103000,101000000.0,111500000.0,195500000.0,199000000.0,94368602.06,29371047.76,79667271.4,33737452.74
2021,1110104000,190000000.0,234000000.0,270000000.0,300000000.0,152062231.93,174171226.41,197329166.97,200129518.61
2021,1110106000,42000000.0,45000000.0,65000000.0,107000000.0,20646670.51,21927251.24,21033321.53,28760142.45
2021,1110108000,5000000.0,5000000.0,5000000.0,5000000.0,2469625.82,3171858.37,3378076.77,5001683.71
2021,1110109000,8000000.0,8000000.0,6500000.0,11000000.0,6820823.35,7836979.78,7486917.19,9983266.93
2021,1110112000,10000000.0,10000000.0,10000000.0,90000000.0,10185099.61,10209511.91,10735427.11,12006940.33
2021,1110113000,26000000.0,36000000.0,64000000.0,110000000.0,22330042.89,30445859.18,34831520.52,44290978.97
2021,1110114000,5000000.0,5000000.0,0.0,1000000.0,0.0,0.0,0.0,0.0
2021,1110115000,10000000.0,10000000.0,10000000.0,10000000.0,3184303.44,3826140.99,3321280.85,4258765.78
2021,1110116000,5000000.0,5000000.0,0.0,1000000.0,0.0,0.0,0.0,0.0
2021,1110117000,5000000.0,6500000.0,6000000.0,7000000.0,4597824.16,6213158.55,5411823.59,6965826.61
2021,1110118000,38000000.0,47500000.0,50000000.0,73000000.0,37174858.3,49536027.88,46364912.6,73788828.65
2022,1110101000,25000000.0,25000000.0,25000000.0,25000000.0,6395320.21,6944591.07,6651848.16,5775822.87
2022,1110102000,100000000.0,50000000.0,63000000.0,100000000.0,70663377.55,64919945.54,80969283.07,88396130.13
2022,1110103000,105000000.0,166000000.0,271000000.0,297000000.0,30993461.54,95094157.04,61923880.17,144940242.58
2022,1110104000,300000000.0,450000000.0,500000000.0,600000000.0,190311332.59,266162895.07,273834268.38,347510927.21
2022,1110106000,150000000.0,52000000.0,45000000.0,55000000.0,46222360.89,45228245.31,43964814.55,46950261.67
2022,1110107000,300000000.0,0.0,0.0,0.0,103778380.19,0.0,0.0,0.0
2022,1110108000,26000000.0,26000000.0,28000000.0,50000000.0,5150282.43,6784416.72,9200082.52,17568170.4
2022,1110109000,25000000.0,25000000.0,25000000.0,25000000.0,10888098.57,14304472.55,17895443.01,16993023.59
2022,1110112000,25000000.0,25000000.0,25000000.0,25000000.0,15070252.08,16712732.74,22055441.0,22354204.53
2022,1110113000,60000000.0,75000000.0,118000000.0,150000000.0,39976823.72,57916797.99,67111170.34,83402730.72
2022,1110110000,1000000.0,0.0,0.0,0.0,263941.02,0.0,0.0,0.0
2022,1110115000,25000000.0,25000000.0,25000000.0,25000000.0,3997177.97,5853990.86,5090846.74,6175315.8
2022,1110116000,25000000.0,25000000.0,25000000.0,25000000.0,0.0,0.0,0.0,0.0
2022,1110117000,25000000.0,25000000.0,25000000.0,25000000.0,6644125.45,8404951.52,9220189.63,11481624.39
2022,1110118000,107500000.0,95000000.0,140000000.0,147000000.0,64665921.5,91000083.76,91320417.69,132020076.01
2022,1110200000,15000000.0,9000000.0,15000000.0,15000000.0,6780938.51,8664150.09,8322926.21,10415435.32
2023,1110107000,163500000.0,5000000.0,80000.0,0.0,97337696.35,1639624.02,70417.01,0.0
2023,1110102000,132000000.0,202000000.0,350000000.0,400000000.0,192954578.53,167908537.51,132474383.46,168039845.31
2023,1110103000,358000000.0,1197000000.0,1532000000.0,2005000000.0,251423320.01,983072687.01,228167335.7,369142694.48
2023,1110104000,430000000.0,990000000.0,1105000000.0,1169000000.0,415911311.82,502787997.88,632580563.34,881130003.13
2023,1110106000,98000000.0,151000000.0,190000000.0,167000000.0,90709820.83,101096433.58,88016914.1,126462424.33
2023,1110108000,51000000.0,50000000.0,55000000.0,55000000.0,15684111.29,20090839.94,15191059.88,14057462.01
2023,1110109000,30000000.0,43000000.0,60000000.0,93000000.0,33834501.41,39383181.0,38153219.1,47831190.29
2023,1110112000,50000000.0,50000000.0,50000000.0,50000000.0,28636433.02,36670385.83,28892915.16,39270188.3
2023,1110113000,89000000.0,108000000.0,200000000.0,280000000.0,87531375.62,108105851.76,136796029.09,175193254.95
2023,1110115000,10000000.0,10000000.0,30000000.0,50000000.0,10040285.29,11794889.26,11839099.22,14027151.97
2023,1110117000,15000000.0,15000000.0,20000000.0,20000000.0,18786456.24,20867506.96,13996257.32,19468353.48
2023,1110118000,155000000.0,320000000.0,300000000.0,330000000.0,155915546.03,315175260.86,174559182.51,188813892.32
2023,1110200000,20000000.0,20000000.0,20000000.0,20000000.0,15047710.95,15742403.71,13416468.53,18163365.82
2023,1110111000,35000000.0,105000000.0,100000000.0,100000000.0,31576631.75,108651838.4,33525055.65,43757286.5
2023,1110101000,35000000.0,40000000.0,50000000.0,50000000.0,19825507.26,10564834.34,11931551.89,14760390.61
2024,1110107000,415000000.0,10000000.0,100000.0,100000.0,453083670.13,0.0,0.0,0.0
2024,1110101000,102000000.0,110000000.0,300000000.0,300000000.0,24720617.48,34712303.35,32810294.06,74978165.05
2024,1110102000,200000000.0,200000000.0,230000000.0,410000000.0,147967305.58,155062238.69,178797979.17,248261884.71
2024,1110106000,260000000.0,400000000.0,450000000.0,490000000.0,160510686.23,208931402.41,307383786.14,371761904.55
2024,1110108000,50000000.0,50000000.0,200000000.0,200000000.0,19813190.5,24103747.56,27992384.4,36435723.66
2024,1110115000,50000000.0,37000000.0,50000000.0,50000000.0,19938586.76,21784266.42,26632905.7,38600380.94
2024,1110111000,130000000.0,321000000.0,300000000.0,300000000.0,94977445.13,102403020.49,91341308.23,227237707.8
2024,1110113000,250000000.0,740000000.0,500000000.0,580000000.0,209794502.02,295008057.27,387515606.87,458777850.16
2024,1110105000,112000000.0,262000000.0,300000000.0,300000000.0,99986730.1,85993751.51,108924361.39,158445707.82
2024,1110112000,70000000.0,165000000.0,200000000.0,200000000.0,64121455.23,88224675.5,102600702.81,167830625.85
2024,1110109000,110000000.0,220000000.0,200000000.0,200000000.0,61206291.84,61774815.93,106081731.48,126174457.14
2024,1110200000,50000000.0,50000000.0,50000000.0,70000000.0,25517173.26,35855297.46,41123413.97,63359621.09
2025,1110108000,190000000.0,200000000.0,105000000.0,108000000.0,63447074.12,67695003.22,59355973.3,57242055.4
2025,1110109000,250000000.0,280000000.0,205000000.0,290000000.0,205535258.8,165217182.56,160734197.2,188280325.91
2026,1110107000,1360000000.0,0.0,0.0,0.0,841301030.62,0.0,0.0,0.0
2026,1110105000,260000000.0,0.0,0.0,0.0,170945283.26,0.0,0.0,0.0
2021,1110101000,5100000.0,6100000.0,3500000.0,5065000.0,5110152.43,4453923.76,3292372.24,5539318.58
2021,1110200000,4500000.0,4500000.0,8000000.0,6000000.0,4267180.94,5216783.54,4699320.83,7192722.47
2025,1110111000,200000000.0,200000000.0,140000000.0,280000000.0,155092432.38,115291609.5,150401012.27,220844844.78
2026,1110112000,210000000.0,0.0,0.0,0.0,151055010.94,0.0,0.0,0.0
2020,1110105000,2000000.0,2000000.0,1000000.0,1000000.0,0.0,0.0,0.0,0.0
2020,1110107000,35000000.0,12250000.0,70000.0,6000.0,35012074.03,1414910.97,195325.29,42870.0
2020,1110102000,29000000.0,20500000.0,46000000.0,29600000.0,32379144.64,29914901.04,24759871.21,34589163.12
2020,1110200000,4500000.0,6000000.0,5000000.0,6000000.0,3654918.1,4460152.0,3644125.81,4705774.74
2020,1110101000,3900000.0,4000000.0,3000000.0,4500000.0,3278800.62,3081829.99,3023488.92,4764631.41
2020,1110103000,28000000.0,21000000.0,40000000.0,49000000.0,12437235.71,13218441.09,21502432.01,44093406.68
2020,1110104000,108500000.0,124600000.0,161500000.0,243000000.0,98922759.43,106778705.65,112767593.07,130058265.92
2020,1110106000,28600000.0,25500000.0,26000000.0,18000000.0,12493305.87,15851899.66,17471373.8,17910346.54
2020,1110108000,6500000.0,6000000.0,1500000.0,6000000.0,2055009.8,2568333.63,2044383.68,2999232.67
2020,1110109000,6900000.0,5500000.0,3500000.0,5000000.0,5265853.93,4526184.34,3621328.61,5179604.18
2020,1110111000,20500000.0,22500000.0,10500000.0,20000000.0,7603706.84,5936727.76,8398594.32,15970229.22
2020,1110113000,25500000.0,37000000.0,23500000.0,31000000.0,14896802.47,17721534.49,20014045.45,23458858.19
2020,1110115000,10200000.0,900000.0,1000000.0,1200000.0,1270430.3,1630288.22,1490796.6,1990370.0
2020,1110117000,10500000.0,5500000.0,4000000.0,16000000.0,4267698.44,4800799.48,4327025.07,5670748.47
2020,1110118000,29500000.0,28000000.0,39000000.0,49000000.0,30252786.72,28886539.56,32457391.15,48529218.72
2020,1110112000,23000000.0,10000000.0,10000000.0,18000000.0,8094207.54,8319915.63,7418043.32,8988874.49
2022,1110111000,730000000.0,25000000.0,26000000.0,25000000.0,13942514.62,19896807.83,24927659.33,22678723.29
2024,1110103000,300000000.0,605000000.0,1360000000.0,2964000000.0,198002577.76,425833439.14,1014103972.79,1575859955.57
2024,1110104000,1460000000.0,1650000000.0,2105000000.0,2865000000.0,1192417712.04,1424241912.58,1769936091.21,2524842308.71
