EJERCICIO,NRO_ORDEN,DOCU_TIPO,DOCU_NRO,FECHA_DE_REGISTRO,NRO_CANCE,BOCA_RECAUDA,JURISDICCION,DEPENDENCIA,DOCU_TIPO_REGULADO,DOCU_NRO_REGULADO,DOCU_TIPO_REGULADOR,DOCU_NRO_REGULADOR,ASIENTO,TIPO_DE_INGRESO,CONTRIBUYENTE,NRO_CONTRIB,ESTADO,DEDUCCIONES,REIM_NRO,FECHA_DOC,FECHA_ANUL
2026,273790,DIN,42,2026-02-24 00:00:00,,1,1110112000,TESOR,,,,,8434,N,,,,,,2026-02-24 00:00:00,
2026,273785,REDO,258,2026-02-24 00:00:00,,1,1110112000,,,,,,8604,N,,,,,,2026-02-23 00:00:00,
2026,273800,REPA,654,2026-02-24 00:00:00,654,,,,,,,,,,,,,,,2026-02-24 00:00:00,
2026,273801,REPA,655,2026-02-24 00:00:00,655,,,,,,,,,,,,,,,2026-02-24 00:00:00,
2026,273793,REDO,259,2026-02-24 00:00:00,,5,1110112000,,,,,,8446,N,,,,,,2026-02-23 00:00:00,
2026,273797,REPA,652,2026-02-24 00:00:00,652,,,,,,,,,,,,,,,2026-02-24 00:00:00,
2026,273803,REDO,262,2026-02-24 00:00:00,,24,1110112000,,,,,,8519,N,,,,,,2026-02-24 00:00:00,
2026,273806,REPA,657,2026-02-24 00:00:00,657,,,,,,,,,,,,,,,2026-02-24 00:00:00,
2026,273807,REPA,658,2026-02-24 00:00:00,658,,,,,,,,,,,,,,,2026-02-24 00:00:00,
2026,273808,REPA,659,2026-02-24 00:00:00,659,,,,,,,,,,,,,,,2026-02-24 00:00:00,
2026,273810,REDO,270,2026-02-24 00:00:00,,1,1110112000,,,,,,8554,N,,,,,,2026-02-24 00:00:00,
2026,273357,REDO,179,2026-02-06 00:00:00,,24,1110112000,,,,,,6277,N,,,,,,2026-02-06 00:00:00,
2026,273355,REDO,178,2026-02-06 00:00:00,,10,1110112000,,,,,,6275,N,,,,,,2026-02-06 00:00:00,
2026,273361,REDO,177,2026-02-06 00:00:00,,22,1110112000,,,,,,6295,N,,,,,,2026-02-06 00:00:00,
2026,273385,REPA,483,2026-02-09 00:00:00,483,,,,,,,,,,,,,,,2026-02-09 00:00:00,
2026,273359,REDO,175,2026-02-06 00:00:00,,5,1110112000,,,,,,6291,N,,,,,,2026-02-05 00:00:00,
2026,273386,REPA,484,2026-02-09 00:00:00,484,,,,,,,,,,,,,,,2026-02-09 00:00:00,
2026,273369,REDO,184,2026-02-09 00:00:00,,5,1110112000,,,,,,6334,N,,,,,,2026-02-09 00:00:00,
2026,273387,REPAD,484,2026-02-09 00:00:00,484,,,,,,,,,,,,,N,2,2026-02-09 00:00:00,
2026,273388,REPA,485,2026-02-09 00:00:00,485,,,,,,,,,,,,,,,2026-02-09 00:00:00,
2026,273389,REPA,486,2026-02-09 00:00:00,486,,,,,,,,,,,,,,,2026-02-09 00:00:00,
2026,273390,REPAD,478,2026-02-09 00:00:00,478,,,,,,,,,,,,,N,2,2026-02-09 00:00:00,
2026,273391,REPAD,483,2026-02-09 00:00:00,483,,,,,,,,,,,,,N,2,2026-02-09 00:00:00,
2026,273715,REPA,620,2026-02-20 00:00:00,620,,,,,,,,,,,,,,,2026-02-20 00:00:00,
2026,273716,REPAD,620,2026-02-20 00:00:00,620,,,,,,,,,,,,,N,2,2026-02-20 00:00:00,
2026,274123,REPA,786,2026-03-05 00:00:00,786,,,,,,,,,,,,,,,2026-03-05 00:00:00,
2026,274124,REPAD,786,2026-03-05 00:00:00,786,,,,,,,,,,,,,N,,2026-03-05 00:00:00,
2026,273399,REPA,488,2026-02-10 00:00:00,488,,,,,,,,,,,,,,,2026-02-10 00:00:00,
2026,273398,REPA,487,2026-02-10 00:00:00,487,,,,,,,,,,,,,,,2026-02-10 00:00:00,
2026,273400,REPA,489,2026-02-10 00:00:00,489,,,,,,,,,,,,,,,2026-02-10 00:00:00,
2026,273401,REPA,490,2026-02-10 00:00:00,490,,,,,,,,,,,,,,,2026-02-10 00:00:00,
2026,273412,REPA,491,2026-02-10 00:00:00,491,,,,,,,,,,,,,,,2026-02-10 00:00:00,
2026,273413,REPA,492,2026-02-10 00:00:00,492,,,,,,,,,,,,,,,2026-02-10 00:00:00,
2026,273414,REPA,493,2026-02-10 00:00:00,493,,,,,,,,,,,,,,,2026-02-10 00:00:00,
2026,273415,REPAD,493,2026-02-10 00:00:00,493,,,,,,,,,,,,,N,2,2026-02-10 00:00:00,
2026,273603,REPA,565,2026-02-18 00:00:00,565,,,,,,,,,,,,,,,2026-02-18 00:00:00,
2026,273591,DIN,38,2026-02-18 00:00:00,,1,1110112000,TESOR,,,,,7439,N,,,,,,2026-02-18 00:00:00,
2026,273597,REDO,230,2026-02-18 00:00:00,,5,1110112000,,,,,,7492,N,,,,,,2026-02-13 00:00:00,
2026,273600,REPA,563,2026-02-18 00:00:00,563,,,,,,,,,,,,,,,2026-02-18 00:00:00,
2026,273604,REPA,566,2026-02-18 00:00:00,566,,,,,,,,,,,,,,,2026-02-18 00:00:00,
2026,273625,REDO,233,2026-02-18 00:00:00,,1,1110112000,,,,,,7676,N,,,,,,2026-02-18 00:00:00,
2026,273608,REDO,231,2026-02-18 00:00:00,,1,1110112000,,,,,,7592,N,,,,,,2026-02-18 00:00:00,
2026,273622,REDO,234,2026-02-18 00:00:00,,1,1110112000,,,,,,7668,N,,,,,,2026-02-18 00:00:00,
2026,273612,REDO,212,2026-02-18 00:00:00,,4,1110112000,,,,,,7602,N,,,,,,2026-02-13 00:00:00,
2026,273616,REPA,571,2026-02-18 00:00:00,571,,,,,,,,,,,,,,,2026-02-18 00:00:00,
2026,273995,REDO,294,2026-03-02 00:00:00,,24,1110112000,,,,,,9591,N,,,,,,2026-03-02 00:00:00,
2026,273978,REPA,716,2026-03-02 00:00:00,716,,,,,,,,,,,,,,,2026-03-02 00:00:00,
2026,273989,DIN,48,2026-03-02 00:00:00,,1,1110112000,TESOR,,,,,9556,N,,,,,,2026-03-02 00:00:00,
2026,273998,REPA,726,2026-03-02 00:00:00,726,,,,,,,,,,,,,,,2026-03-02 00:00:00,
2026,273993,REDO,297,2026-03-02 00:00:00,,10,1110112000,,,,,,9589,N,,,,,,2026-03-02 00:00:00,
2026,274001,REDO,301,2026-03-02 00:00:00,,1,1110112000,,,,,,9627,N,,,,,,2026-03-02 00:00:00,
2026,274003,REDO,303,2026-03-02 00:00:00,,1,1110112000,,,,,,9640,N,,,,,,2026-03-02 00:00:00,
2026,273371,DIN,31,2026-02-09 00:00:00,,1,1110112000,TESOR,,,,,6350,N,,,,,,2026-02-09 00:00:00,
2026,273375,REPA,476,2026-02-09 00:00:00,476,,,,,,,,,,,,,,,2026-02-09 00:00:00,
2026,273373,REPA,474,2026-02-09 00:00:00,474,,,,,,,,,,,,,,,2026-02-09 00:00:00,
2026,273374,REPA,475,2026-02-09 00:00:00,475,,,,,,,,,,,,,,,2026-02-09 00:00:00,
2026,273376,REPA,477,2026-02-09 00:00:00,477,,,,,,,,,,,,,,,2026-02-09 00:00:00,
2026,273377,REPA,478,2026-02-09 00:00:00,478,,,,,,,,,,,,,,,2026-02-09 00:00:00,
2026,273378,REPA,479,2026-02-09 00:00:00,479,,,,,,,,,,,,,,,2026-02-09 00:00:00,
2026,273379,REPAD,479,2026-02-09 00:00:00,479,,,,,,,,,,,,,N,2,2026-02-09 00:00:00,
2026,273380,REPA,480,2026-02-09 00:00:00,480,,,,,,,,,,,,,,,2026-02-09 00:00:00,
2026,273381,REPA,481,2026-02-09 00:00:00,481,,,,,,,,,,,,,,,2026-02-09 00:00:00,
2026,273382,REPA,482,2026-02-09 00:00:00,482,,,,,,,,,,,,,,,2026-02-09 00:00:00,
2026,273395,REDO,191,2026-02-09 00:00:00,,1,1110112000,,,,,,6511,N,,,,,,2026-02-09 00:00:00,
2026,273384,REDO,180,2026-02-09 00:00:00,,4,1110112000,,,,,,6426,N,,,,,,2026-02-09 00:00:00,
2026,273427,REDO,146,2026-02-10 00:00:00,,1,1110112000,,,,,,6695,N,,,,,,2026-02-10 00:00:00,
2026,273393,REDO,147,2026-02-09 00:00:00,,1,1110112000,,,,,,6490,N,,,,,,2026-02-09 00:00:00,
2026,273425,REDO,198,2026-02-10 00:00:00,,1,1110112000,,,,,,6693,N,,,,,,2026-02-10 00:00:00,
2026,273397,REDO,195,2026-02-09 00:00:00,,1,1110112000,,,,,,6513,N,,,,,,2026-02-09 00:00:00,
2026,273429,REDO,197,2026-02-10 00:00:00,,1,1110112000,,,,,,6704,N,,,,,,2026-02-10 00:00:00,
2026,273707,REPA,613,2026-02-20 00:00:00,613,,,,,,,,,,,,,,,2026-02-20 00:00:00,
2026,273705,REPA,611,2026-02-20 00:00:00,611,,,,,,,,,,,,,,,2026-02-20 00:00:00,
2026,273706,REPA,612,2026-02-20 00:00:00,612,,,,,,,,,,,,,,,2026-02-20 00:00:00,
2026,273708,REPA,614,2026-02-20 00:00:00,614,,,,,,,,,,,,,,,2026-02-20 00:00:00,
2026,273714,REPA,619,2026-02-20 00:00:00,619,,,,,,,,,,,,,,,2026-02-20 00:00:00,
2026,273726,REDO,247,2026-02-20 00:00:00,,1,1110112000,,,,,,8125,N,,,,,,2026-02-20 00:00:00,
2026,273719,REDO,228,2026-02-20 00:00:00,,1,1110112000,,,,,,8102,N,,,,,,2026-02-20 00:00:00,
2026,273724,REDO,252,2026-02-20 00:00:00,,1,1110112000,,,,,,8115,N,,,,,,2026-02-20 00:00:00,
2026,273721,REDO,251,2026-02-20 00:00:00,,1,1110112000,,,,,,8104,N,,,,,,2026-02-20 00:00:00,
2026,273831,REPA,661,2026-02-25 00:00:00,661,,,,,,,,,,,,,,,2026-02-25 00:00:00,
2026,273832,REPA,668,2026-02-25 00:00:00,668,,,,,,,,,,,,,,,2026-02-25 00:00:00,
2026,273834,REPA,670,2026-02-25 00:00:00,670,,,,,,,,,,,,,,,2026-02-25 00:00:00,
2026,273835,REPAD,670,2026-02-25 00:00:00,670,,,,,,,,,,,,,N,2,2026-02-25 00:00:00,
2026,273845,REPA,675,2026-02-25 00:00:00,675,,,,,,,,,,,,,,,2026-02-25 00:00:00,
2026,273848,REPA,677,2026-02-25 00:00:00,677,,,,,,,,,,,,,,,2026-02-25 00:00:00,
2026,273849,REPAD,677,2026-02-25 00:00:00,677,,,,,,,,,,,,,N,2,2026-02-25 00:00:00,
2026,273873,REDO,274,2026-02-25 00:00:00,,1,1110112000,,,,,,8843,N,,,,,,2026-02-25 00:00:00,
2026,273879,REDO,272,2026-02-25 00:00:00,,1,1110112000,,,,,,8855,N,,,,,,2026-02-25 00:00:00,
2026,273334,REPA,467,2026-02-06 00:00:00,467,,,,,,,,,,,,,,,2026-02-06 00:00:00,
2026,273335,REPA,468,2026-02-06 00:00:00,468,,,,,,,,,,,,,,,2026-02-06 00:00:00,
2026,273336,REPAD,468,2026-02-06 00:00:00,468,,,,,,,,,,,,,N,2,2026-02-06 00:00:00,
2026,273337,REPA,469,2026-02-06 00:00:00,469,,,,,,,,,,,,,,,2026-02-06 00:00:00,
2026,273338,REPA,470,2026-02-06 00:00:00,470,,,,,,,,,,,,,,,2026-02-06 00:00:00,
2026,273344,REPA,471,2026-02-06 00:00:00,471,,,,,,,,,,,,,,,2026-02-06 00:00:00,
2026,273365,REDO,167,2026-02-06 00:00:00,,1,1110112000,,,,,,6300,N,,,,,,2026-02-06 00:00:00,
2026,273352,REDO,13,2026-02-06 00:00:00,,6,1110112000,,,,,,6265,N,,,,,,2026-02-06 00:00:00,
2026,273491,REPAD,516,2026-02-12 00:00:00,516,,,,,,,,,,,,,N,2,2026-02-12 00:00:00,
2026,273363,REDO,183,2026-02-06 00:00:00,,1,1110112000,,,,,,6297,N,,,,,,2026-02-06 00:00:00,
2026,273367,REDO,182,2026-02-06 00:00:00,,1,1110112000,,,,,,6302,N,,,,,,2026-02-06 00:00:00,
2026,273488,REPA,515,2026-02-12 00:00:00,515,,,,,,,,,,,,,,,2026-02-12 00:00:00,
2026,273489,REPAD,515,2026-02-12 00:00:00,515,,,,,,,,,,,,,N,2,2026-02-12 00:00:00,
2026,273490,REPA,516,2026-02-12 00:00:00,516,,,,,,,,,,,,,,,2026-02-12 00:00:00,
2026,273492,REPA,517,2026-02-12 00:00:00,517,,,,,,,,,,,,,,,2026-02-12 00:00:00,
2026,273493,REPA,518,2026-02-12 00:00:00,518,,,,,,,,,,,,,,,2026-02-12 00:00:00,
2026,273494,REPAD,518,2026-02-12 00:00:00,518,,,,,,,,,,,,,N,2,2026-02-12 00:00:00,
2026,273495,REPA,519,2026-02-12 00:00:00,519,,,,,,,,,,,,,,,2026-02-12 00:00:00,
2026,273496,REPA,520,2026-02-12 00:00:00,520,,,,,,,,,,,,,,,2026-02-12 00:00:00,
2026,273497,REPA,521,2026-02-12 00:00:00,521,,,,,,,,,,,,,,,2026-02-12 00:00:00,
2026,273498,REPA,522,2026-02-12 00:00:00,522,,,,,,,,,,,,,,,2026-02-12 00:00:00,
2026,273499,REPAD,522,2026-02-12 00:00:00,522,,,,,,,,,,,,,N,2,2026-02-12 00:00:00,
2026,273500,REPA,523,2026-02-12 00:00:00,523,,,,,,,,,,,,,,,2026-02-12 00:00:00,
2026,273502,REPA,524,2026-02-12 00:00:00,524,,,,,,,,,,,,,,,2026-02-12 00:00:00,
2026,273504,REPA,525,2026-02-12 00:00:00,525,,,,,,,,,,,,,,,2026-02-12 00:00:00,
2026,273505,REPAD,525,2026-02-12 00:00:00,525,,,,,,,,,,,,,N,2,2026-02-12 00:00:00,
2026,273506,REPA,526,2026-02-12 00:00:00,526,,,,,,,,,,,,,,,2026-02-12 00:00:00,
2026,273508,REPA,527,2026-02-12 00:00:00,527,,,,,,,,,,,,,,,2026-02-12 00:00:00,
2026,273541,REPAD,535,2026-02-12 00:00:00,535,,,,,,,,,,,,,N,2,2026-02-12 00:00:00,
2026,273521,REDO,200,2026-02-12 00:00:00,,4,1110112000,,,,,,7070,N,,,,,,2026-02-12 00:00:00,
2026,273522,REPA,536,2026-02-12 00:00:00,536,,,,,,,,,,,,,,,2026-02-12 00:00:00,
2026,273523,REPAD,536,2026-02-12 00:00:00,536,,,,,,,,,,,,,N,2,2026-02-12 00:00:00,
2026,273540,REPAD,532,2026-02-12 00:00:00,532,,,,,,,,,,,,,N,2,2026-02-12 00:00:00,
2026,273542,REPAD,534,2026-02-12 00:00:00,534,,,,,,,,,,,,,N,2,2026-02-12 00:00:00,
2026,273686,REPA,599,2026-02-20 00:00:00,599,,,,,,,,,,,,,,,2026-02-20 00:00:00,
2026,273687,REPA,600,2026-02-20 00:00:00,600,,,,,,,,,,,,,,,2026-02-20 00:00:00,
2026,273688,REPA,601,2026-02-20 00:00:00,601,,,,,,,,,,,,,,,2026-02-20 00:00:00,
2026,273689,REPA,602,2026-02-20 00:00:00,602,,,,,,,,,,,,,,,2026-02-20 00:00:00,
2026,273690,REPAD,602,2026-02-20 00:00:00,602,,,,,,,,,,,,,N,2,2026-02-20 00:00:00,
2026,273691,REPA,603,2026-02-20 00:00:00,603,,,,,,,,,,,,,,,2026-02-20 00:00:00,
2026,273692,REPA,604,2026-02-20 00:00:00,604,,,,,,,,,,,,,,,2026-02-20 00:00:00,
2026,273693,REPA,605,2026-02-20 00:00:00,605,,,,,,,,,,,,,,,2026-02-20 00:00:00,
2026,273694,REPA,606,2026-02-20 00:00:00,606,,,,,,,,,,,,,,,2026-02-20 00:00:00,
2026,273695,REPA,607,2026-02-20 00:00:00,607,,,,,,,,,,,,,,,2026-02-20 00:00:00,
2026,273696,REPA,608,2026-02-20 00:00:00,608,,,,,,,,,,,,,,,2026-02-20 00:00:00,
2026,273697,REPA,609,2026-02-20 00:00:00,609,,,,,,,,,,,,,,,2026-02-20 00:00:00,
2026,273698,REPA,610,2026-02-20 00:00:00,610,,,,,,,,,,,,,,,2026-02-20 00:00:00,
2026,273709,REPA,615,2026-02-20 00:00:00,615,,,,,,,,,,,,,,,2026-02-20 00:00:00,
2026,273710,REPAD,615,2026-02-20 00:00:00,615,,,,,,,,,,,,,N,2,2026-02-20 00:00:00,
2026,273711,REPA,616,2026-02-20 00:00:00,616,,,,,,,,,,,,,,,2026-02-20 00:00:00,
2026,273712,REPA,617,2026-02-20 00:00:00,617,,,,,,,,,,,,,,,2026-02-20 00:00:00,
2026,273713,REPA,618,2026-02-20 00:00:00,618,,,,,,,,,,,,,,,2026-02-20 00:00:00,
2026,273717,REPA,621,2026-02-20 00:00:00,621,,,,,,,,,,,,,,,2026-02-20 00:00:00,
2026,274135,REDO,322,2026-03-06 00:00:00,,4,1110112000,,,,,,10343,N,,,,,,2026-03-06 00:00:00,
2026,274133,REDO,320,2026-03-06 00:00:00,,24,1110112000,,,,,,10337,N,,,,,,2026-03-06 00:00:00,
2026,274139,REPA,789,2026-03-06 00:00:00,789,,,,,,,,,,,,,,,2026-03-06 00:00:00,
2026,274140,REPA,790,2026-03-06 00:00:00,790,,,,,,,,,,,,,,,2026-03-06 00:00:00,
2026,274137,DIN,52,2026-03-06 00:00:00,,1,1110112000,TESOR,,,,,10345,N,,,,,,2026-03-06 00:00:00,
2026,274138,REPA,788,2026-03-06 00:00:00,788,,,,,,,,,,,,,,,2026-03-06 00:00:00,
2026,274141,REPA,791,2026-03-06 00:00:00,791,,,,,,,,,,,,,,,2026-03-06 00:00:00,
2026,274142,REPA,792,2026-03-06 00:00:00,792,,,,,,,,,,,,,,,2026-03-06 00:00:00,
2026,274143,REPA,793,2026-03-06 00:00:00,793,,,,,,,,,,,,,,,2026-03-06 00:00:00,
2026,274144,REPA,794,2026-03-06 00:00:00,794,,,,,,,,,,,,,,,2026-03-06 00:00:00,
2026,274145,REPA,795,2026-03-06 00:00:00,795,,,,,,,,,,,,,,,2026-03-06 00:00:00,
2026,274146,REPA,796,2026-03-06 00:00:00,796,,,,,,,,,,,,,,,2026-03-06 00:00:00,
2026,274147,REPA,797,2026-03-06 00:00:00,797,,,,,,,,,,,,,,,2026-03-06 00:00:00,
2026,274148,REPA,798,2026-03-06 00:00:00,798,,,,,,,,,,,,,,,2026-03-06 00:00:00,
2026,274149,REPA,799,2026-03-06 00:00:00,799,,,,,,,,,,,,,,,2026-03-06 00:00:00,
2026,274150,REPA,800,2026-03-06 00:00:00,800,,,,,,,,,,,,,,,2026-03-06 00:00:00,
2026,274151,REPA,801,2026-03-06 00:00:00,801,,,,,,,,,,,,,,,2026-03-06 00:00:00,
2026,274152,REPA,802,2026-03-06 00:00:00,802,,,,,,,,,,,,,,,2026-03-06 00:00:00,
2026,274153,REPA,803,2026-03-06 00:00:00,803,,,,,,,,,,,,,,,2026-03-06 00:00:00,
2026,274154,REPA,804,2026-03-06 00:00:00,804,,,,,,,,,,,,,,,2026-03-06 00:00:00,
2026,274155,REPA,805,2026-03-06 00:00:00,805,,,,,,,,,,,,,,,2026-03-06 00:00:00,
2026,274156,REPA,806,2026-03-06 00:00:00,806,,,,,,,,,,,,,,,2026-03-06 00:00:00,
2026,274160,REPA,807,2026-03-06 00:00:00,807,,,,,,,,,,,,,,,2026-03-06 00:00:00,
2026,274161,REPA,808,2026-03-06 00:00:00,808,,,,,,,,,,,,,,,2026-03-06 00:00:00,
2026,274162,REPAD,808,2026-03-06 00:00:00,808,,,,,,,,,,,,,N,,2026-03-06 00:00:00,
2026,274163,REPA,809,2026-03-06 00:00:00,809,,,,,,,,,,,,,,,2026-03-06 00:00:00,
2026,274164,REPA,810,2026-03-06 00:00:00,810,,,,,,,,,,,,,,,2026-03-06 00:00:00,
2026,274165,REPA,811,2026-03-06 00:00:00,811,,,,,,,,,,,,,,,2026-03-06 00:00:00,
2026,274166,REPA,812,2026-03-06 00:00:00,812,,,,,,,,,,,,,,,2026-03-06 00:00:00,
2026,274167,REPAD,812,2026-03-06 00:00:00,812,,,,,,,,,,,,,N,,2026-03-06 00:00:00,
2026,274171,REDO,325,2026-03-06 00:00:00,,1,1110112000,,,,,,10436,N,,,,,,2026-03-06 00:00:00,
2026,274169,REDO,324,2026-03-06 00:00:00,,1,1110112000,,,,,,10434,N,,,,,,2026-03-06 00:00:00,
2026,274248,REPAD,847,2026-03-10 00:00:00,847,,,,,,,,,,,,,N,,2026-03-10 00:00:00,
2026,274249,REPA,848,2026-03-10 00:00:00,848,,,,,,,,,,,,,,,2026-03-10 00:00:00,
2026,274245,REDO,340,2026-03-10 00:00:00,,29,1110112000,,,,,,10697,N,,,,,,2026-03-10 00:00:00,
2026,274247,REPA,847,2026-03-10 00:00:00,847,,,,,,,,,,,,,,,2026-03-10 00:00:00,
2026,274250,REPAD,848,2026-03-10 00:00:00,848,,,,,,,,,,,,,N,,2026-03-10 00:00:00,
2026,274346,REPA,888,2026-03-12 00:00:00,888,,,,,,,,,,,,,,,2026-03-12 00:00:00,
2026,274347,REPAD,888,2026-03-12 00:00:00,888,,,,,,,,,,,,,N,,2026-03-12 00:00:00,
2026,274371,REPA,900,2026-03-13 00:00:00,900,,,,,,,,,,,,,,,2026-03-13 00:00:00,
2026,274372,REPA,901,2026-03-13 00:00:00,901,,,,,,,,,,,,,,,2026-03-13 00:00:00,
2026,274373,REPA,902,2026-03-13 00:00:00,902,,,,,,,,,,,,,,,2026-03-13 00:00:00,
2026,274380,DIN,58,2026-03-13 00:00:00,,1,1110112000,TESOR,,,,,11241,N,,,,,,2026-03-13 00:00:00,
2026,274375,REDO,360,2026-03-13 00:00:00,,5,1110112000,,,,,,11207,N,,,,,,2026-03-13 00:00:00,
2026,274384,REPAD,905,2026-03-13 00:00:00,905,,,,,,,,,,,,,N,,2026-03-13 00:00:00,
2026,274381,REPA,904,2026-03-13 00:00:00,904,,,,,,,,,,,,,,,2026-03-13 00:00:00,
2026,274382,REPAD,904,2026-03-13 00:00:00,904,,,,,,,,,,,,,N,,2026-03-13 00:00:00,
2026,274383,REPA,905,2026-03-13 00:00:00,905,,,,,,,,,,,,,,,2026-03-13 00:00:00,
2026,274385,REPA,906,2026-03-13 00:00:00,906,,,,,,,,,,,,,,,2026-03-13 00:00:00,
2026,274386,REPAD,906,2026-03-13 00:00:00,906,,,,,,,,,,,,,N,,2026-03-13 00:00:00,
2026,274387,REPA,907,2026-03-13 00:00:00,907,,,,,,,,,,,,,,,2026-03-13 00:00:00,
2026,274401,REDO,361,2026-03-13 00:00:00,,1,1110112000,,,,,,11339,N,,,,,,2026-03-13 00:00:00,
2026,274395,REDO,94,2026-03-13 00:00:00,,8,1110112000,,,,,,11307,N,,,,,,2026-03-13 00:00:00,
2026,274399,REDO,353,2026-03-13 00:00:00,,1,1110112000,,,,,,11337,N,,,,,,2026-03-13 00:00:00,
2026,274403,REDO,362,2026-03-13 00:00:00,,1,1110112000,,,,,,11341,N,,,,,,2026-03-13 00:00:00,
2026,273634,REPA,575,2026-02-19 00:00:00,575,,,,,,,,,,,,,,,2026-02-19 00:00:00,
2026,273637,REPA,576,2026-02-19 00:00:00,576,,,,,,,,,,,,,,,2026-02-19 00:00:00,
2026,273638,REPAD,576,2026-02-19 00:00:00,576,,,,,,,,,,,,,N,2,2026-02-19 00:00:00,
2026,273642,REPA,577,2026-02-19 00:00:00,577,,,,,,,,,,,,,,,2026-02-19 00:00:00,
2026,273643,REPAD,577,2026-02-19 00:00:00,577,,,,,,,,,,,,,N,2,2026-02-19 00:00:00,
2026,273644,REPA,578,2026-02-19 00:00:00,578,,,,,,,,,,,,,,,2026-02-19 00:00:00,
2026,273645,REPA,579,2026-02-19 00:00:00,579,,,,,,,,,,,,,,,2026-02-19 00:00:00,
2026,273646,REPA,580,2026-02-19 00:00:00,580,,,,,,,,,,,,,,,2026-02-19 00:00:00,
2026,273647,REPA,581,2026-02-19 00:00:00,581,,,,,,,,,,,,,,,2026-02-19 00:00:00,
2026,273648,REPA,582,2026-02-19 00:00:00,582,,,,,,,,,,,,,,,2026-02-19 00:00:00,
2026,273649,REPA,583,2026-02-19 00:00:00,583,,,,,,,,,,,,,,,2026-02-19 00:00:00,
2026,273289,REPA,453,2026-02-04 00:00:00,453,,,,,,,,,,,,,,,2026-02-04 00:00:00,
2026,273511,DIN,36,2026-02-12 00:00:00,,1,1110112000,TESOR,,,,,7037,N,,,,,,2026-02-12 00:00:00,
2026,273503,REDO,204,2026-02-12 00:00:00,,22,1110112000,,,,,,7015,N,,,,,,2026-02-11 00:00:00,
2026,273509,DIN,35,2026-02-12 00:00:00,,1,1110112000,TESOR,,,,,7035,N,,,,,,2026-02-12 00:00:00,
2026,273525,REDO,206,2026-02-12 00:00:00,,5,1110112000,,,,,,7081,N,,,,,,2026-02-11 00:00:00,
2026,273650,REPA,584,2026-02-19 00:00:00,584,,,,,,,,,,,,,,,2026-02-19 00:00:00,
2026,273651,REPA,585,2026-02-19 00:00:00,585,,,,,,,,,,,,,,,2026-02-19 00:00:00,
2026,273652,REPA,586,2026-02-19 00:00:00,586,,,,,,,,,,,,,,,2026-02-19 00:00:00,
2026,273653,REPA,587,2026-02-19 00:00:00,587,,,,,,,,,,,,,,,2026-02-19 00:00:00,
2026,273654,REPA,588,2026-02-19 00:00:00,588,,,,,,,,,,,,,,,2026-02-19 00:00:00,
2026,273672,REPA,594,2026-02-19 00:00:00,594,,,,,,,,,,,,,,,2026-02-19 00:00:00,
2026,273673,REPA,595,2026-02-19 00:00:00,595,,,,,,,,,,,,,,,2026-02-19 00:00:00,
2026,273682,REDO,236,2026-02-19 00:00:00,,1,1110112000,,,,,,7972,N,,,,,,2026-02-19 00:00:00,
2026,273680,REDO,241,2026-02-19 00:00:00,,1,1110112000,,,,,,7964,N,,,,,,2026-02-19 00:00:00,
2026,273684,REDO,244,2026-02-19 00:00:00,,1,1110112000,,,,,,7976,N,,,,,,2026-02-19 00:00:00,
2026,273527,REDO,211,2026-02-12 00:00:00,,24,1110112000,,,,,,7094,N,,,,,,2026-02-12 00:00:00,
2026,273530,REPA,538,2026-02-12 00:00:00,538,,,,,,,,,,,,,,,2026-02-12 00:00:00,
2026,273905,REDO,282,2026-02-26 00:00:00,,29,1110112000,,,,,,8979,N,,,,,,2026-02-26 00:00:00,
2026,273881,DIN,45,2026-02-26 00:00:00,,1,1110112000,TESOR,,,,,8874,N,,,,,,2026-02-26 00:00:00,
2026,273883,DIN,46,2026-02-26 00:00:00,,1,1110112000,TESOR,,,,,8876,N,,,,,,2026-02-26 00:00:00,
2026,273909,REDO,280,2026-02-26 00:00:00,,10,1110112000,,,,,,8984,N,,,,,,2026-02-26 00:00:00,
2026,273910,REPA,692,2026-02-26 00:00:00,692,,,,,,,,,,,,,,,2026-02-26 00:00:00,
2026,273907,REDO,281,2026-02-26 00:00:00,,34,1110112000,,,,,,8982,N,,,,,,2026-02-26 00:00:00,
2026,274013,REPA,730,2026-03-03 00:00:00,730,,,,,,,,,,,,,,,2026-03-03 00:00:00,
2026,273911,REPA,693,2026-02-26 00:00:00,693,,,,,,,,,,,,,,,2026-02-26 00:00:00,
2026,273914,REDO,275,2026-02-26 00:00:00,,5,1110112000,,,,,,9013,N,,,,,,2026-02-25 00:00:00,
2026,274012,REPA,729,2026-03-03 00:00:00,729,,,,,,,,,,,,,,,2026-03-03 00:00:00,
2026,274019,REPA,734,2026-03-03 00:00:00,734,,,,,,,,,,,,,,,2026-03-03 00:00:00,
2026,274020,REPA,735,2026-03-03 00:00:00,735,,,,,,,,,,,,,,,2026-03-03 00:00:00,
2026,274021,REPA,736,2026-03-03 00:00:00,736,,,,,,,,,,,,,,,2026-03-03 00:00:00,
2026,274022,REPA,737,2026-03-03 00:00:00,737,,,,,,,,,,,,,,,2026-03-03 00:00:00,
2026,274023,REPA,738,2026-03-03 00:00:00,738,,,,,,,,,,,,,,,2026-03-03 00:00:00,
2026,274024,REPA,739,2026-03-03 00:00:00,739,,,,,,,,,,,,,,,2026-03-03 00:00:00,
2026,274025,REPA,740,2026-03-03 00:00:00,740,,,,,,,,,,,,,,,2026-03-03 00:00:00,
2026,274026,REPA,741,2026-03-03 00:00:00,741,,,,,,,,,,,,,,,2026-03-03 00:00:00,
2026,274027,REPA,742,2026-03-03 00:00:00,742,,,,,,,,,,,,,,,2026-03-03 00:00:00,
2026,274028,REPA,743,2026-03-03 00:00:00,743,,,,,,,,,,,,,,,2026-03-03 00:00:00,
2026,274193,REPA,823,2026-03-09 00:00:00,823,,,,,,,,,,,,,,,2026-03-09 00:00:00,
2026,274175,REDO,319,2026-03-09 00:00:00,,22,1110112000,,,,,,10481,N,,,,,,2026-03-09 00:00:00,
2026,274194,REPAD,823,2026-03-09 00:00:00,823,,,,,,,,,,,,,N,,2026-03-09 00:00:00,
2026,274179,REDO,328,2026-03-09 00:00:00,,5,1110112000,,,,,,10495,N,,,,,,2026-03-09 00:00:00,
2026,274190,REPA,821,2026-03-09 00:00:00,821,,,,,,,,,,,,,,,2026-03-09 00:00:00,
2026,274197,REPA,825,2026-03-09 00:00:00,825,,,,,,,,,,,,,,,2026-03-09 00:00:00,
2026,274198,REPAD,825,2026-03-09 00:00:00,825,,,,,,,,,,,,,N,,2026-03-09 00:00:00,
2026,274201,REPA,827,2026-03-09 00:00:00,827,,,,,,,,,,,,,,,2026-03-09 00:00:00,
2026,274202,REPA,828,2026-03-09 00:00:00,828,,,,,,,,,,,,,,,2026-03-09 00:00:00,
2026,274203,REPA,829,2026-03-09 00:00:00,829,,,,,,,,,,,,,,,2026-03-09 00:00:00,
2026,274204,REPA,830,2026-03-09 00:00:00,830,,,,,,,,,,,,,,,2026-03-09 00:00:00,
2026,274205,REPA,831,2026-03-09 00:00:00,831,,,,,,,,,,,,,,,2026-03-09 00:00:00,
2026,274206,REPA,832,2026-03-09 00:00:00,832,,,,,,,,,,,,,,,2026-03-09 00:00:00,
2026,274207,REPAD,832,2026-03-09 00:00:00,832,,,,,,,,,,,,,N,,2026-03-09 00:00:00,
2026,274208,REPA,833,2026-03-09 00:00:00,833,,,,,,,,,,,,,,,2026-03-09 00:00:00,
2026,274209,REPAD,833,2026-03-09 00:00:00,833,,,,,,,,,,,,,N,,2026-03-09 00:00:00,
2026,274212,REPA,834,2026-03-09 00:00:00,834,,,,,,,,,,,,,,,2026-03-09 00:00:00,
2026,274213,REPAD,834,2026-03-09 00:00:00,834,,,,,,,,,,,,,N,,2026-03-09 00:00:00,
2026,274217,REPA,835,2026-03-09 00:00:00,835,,,,,,,,,,,,,,,2026-03-09 00:00:00,
2026,274220,REPA,837,2026-03-09 00:00:00,837,,,,,,,,,,,,,,,2026-03-09 00:00:00,
2026,274221,REPA,838,2026-03-09 00:00:00,838,,,,,,,,,,,,,,,2026-03-09 00:00:00,
2026,274222,REPA,839,2026-03-09 00:00:00,839,,,,,,,,,,,,,,,2026-03-09 00:00:00,
2026,274441,REPA,926,2026-03-17 00:00:00,926,,,,,,,,,,,,,,,2026-03-17 00:00:00,
2026,274226,REDO,333,2026-03-09 00:00:00,,1,1110112000,,,,,,10618,N,,,,,,2026-03-09 00:00:00,
2026,274437,REDO,351,2026-03-17 00:00:00,,4,1110112000,,,,,,11532,N,,,,,,2026-03-17 00:00:00,
2026,274442,REPAD,926,2026-03-17 00:00:00,926,,,,,,,,,,,,,N,,2026-03-17 00:00:00,
2026,274439,REDO,354,2026-03-17 00:00:00,,24,1110112000,,,,,,11546,N,,,,,,2026-03-17 00:00:00,
2026,274440,REPA,925,2026-03-17 00:00:00,925,,,,,,,,,,,,,,,2026-03-17 00:00:00,
2026,274443,REPA,927,2026-03-17 00:00:00,927,,,,,,,,,,,,,,,2026-03-17 00:00:00,
2026,274444,REPAD,927,2026-03-17 00:00:00,927,,,,,,,,,,,,,N,,2026-03-17 00:00:00,
2026,274446,REPA,928,2026-03-17 00:00:00,928,,,,,,,,,,,,,,,2026-03-17 00:00:00,
2026,274447,REPAD,928,2026-03-17 00:00:00,928,,,,,,,,,,,,,N,,2026-03-17 00:00:00,
2026,274449,REPA,929,2026-03-17 00:00:00,929,,,,,,,,,,,,,,,2026-03-17 00:00:00,
2026,274450,REPAD,929,2026-03-17 00:00:00,929,,,,,,,,,,,,,N,,2026-03-17 00:00:00,
2026,274451,REPA,930,2026-03-17 00:00:00,930,,,,,,,,,,,,,,,2026-03-17 00:00:00,
2026,274452,REPAD,930,2026-03-17 00:00:00,930,,,,,,,,,,,,,N,,2026-03-17 00:00:00,
2026,274453,REPA,931,2026-03-17 00:00:00,931,,,,,,,,,,,,,,,2026-03-17 00:00:00,
2026,274454,REPA,932,2026-03-17 00:00:00,932,,,,,,,,,,,,,,,2026-03-17 00:00:00,
2026,274455,REPAD,932,2026-03-17 00:00:00,932,,,,,,,,,,,,,N,,2026-03-17 00:00:00,
2026,274456,REPA,933,2026-03-17 00:00:00,933,,,,,,,,,,,,,,,2026-03-17 00:00:00,
2026,274457,REPA,934,2026-03-17 00:00:00,934,,,,,,,,,,,,,,,2026-03-17 00:00:00,
2026,274458,REPA,935,2026-03-17 00:00:00,935,,,,,,,,,,,,,,,2026-03-17 00:00:00,
2026,274459,REPAD,935,2026-03-17 00:00:00,935,,,,,,,,,,,,,N,,2026-03-17 00:00:00,
2026,274460,REPA,936,2026-03-17 00:00:00,936,,,,,,,,,,,,,,,2026-03-17 00:00:00,
2026,274465,REPA,939,2026-03-17 00:00:00,939,,,,,,,,,,,,,,,2026-03-17 00:00:00,
2026,274462,REDO,371,2026-03-17 00:00:00,,5,1110112000,,,,,,11639,N,,,,,,2026-03-17 00:00:00,
2026,274463,REPA,937,2026-03-17 00:00:00,937,,,,,,,,,,,,,,,2026-03-17 00:00:00,
2026,274464,REPA,938,2026-03-17 00:00:00,938,,,,,,,,,,,,,,,2026-03-17 00:00:00,
2026,274466,REPA,940,2026-03-17 00:00:00,940,,,,,,,,,,,,,,,2026-03-17 00:00:00,
2026,274467,REPA,941,2026-03-17 00:00:00,941,,,,,,,,,,,,,,,2026-03-17 00:00:00,
2026,274471,REDO,374,2026-03-17 00:00:00,,1,1110112000,,,,,,11666,N,,,,,,2026-03-17 00:00:00,
2026,274469,REDO,372,2026-03-17 00:00:00,,1,1110112000,,,,,,11664,N,,,,,,2026-03-17 00:00:00,
2026,274472,REPA,942,2026-03-17 00:00:00,942,,,,,,,,,,,,,,,2026-03-17 00:00:00,
2026,274473,REPAD,925,2026-03-17 00:00:00,925,,,,,,,,,,,,,N,,2026-03-17 00:00:00,
2026,273342,REDO,176,2026-02-06 00:00:00,,1,1110112000,,,,,,6227,N,,,,,,2026-02-05 00:00:00,
2026,273340,DIN,30,2026-02-06 00:00:00,,1,1110112000,TESOR,,,,,6221,N,,,,,,2026-02-06 00:00:00,
2026,273350,REDO,174,2026-02-06 00:00:00,,4,1110112000,,,,,,6257,N,,,,,,2026-02-05 00:00:00,
2026,273348,REDO,187,2026-02-06 00:00:00,,1,1110112000,,,,,,6245,N,,,,,,2026-02-06 00:00:00,
2026,273345,REDO,159,2026-02-06 00:00:00,,22,1110112000,,,,,,6234,N,,,,,,2026-02-04 00:00:00,
2026,273346,REPA,472,2026-02-06 00:00:00,472,,,,,,,,,,,,,,,2026-02-06 00:00:00,
2026,273954,REPA,712,2026-02-27 00:00:00,712,,,,,,,,,,,,,,,2026-02-27 00:00:00,
2026,273353,REPA,473,2026-02-06 00:00:00,473,,,,,,,,,,,,,,,2026-02-06 00:00:00,
2026,273562,REPA,533,2026-02-13 00:00:00,533,,,,,,,,,,,,,,,2026-02-13 00:00:00,
2026,273955,REPA,713,2026-02-27 00:00:00,713,,,,,,,,,,,,,,,2026-02-27 00:00:00,
2026,273956,REPA,714,2026-02-27 00:00:00,714,,,,,,,,,,,,,,,2026-02-27 00:00:00,
2026,273957,REPAD,714,2026-02-27 00:00:00,714,,,,,,,,,,,,,N,2,2026-02-27 00:00:00,
2026,274057,REPA,757,2026-03-04 00:00:00,757,,,,,,,,,,,,,,,2026-03-04 00:00:00,
2026,274058,REPA,758,2026-03-04 00:00:00,758,,,,,,,,,,,,,,,2026-03-04 00:00:00,
2026,274063,REPA,760,2026-03-04 00:00:00,760,,,,,,,,,,,,,,,2026-03-04 00:00:00,
2026,274064,REPAD,760,2026-03-04 00:00:00,760,,,,,,,,,,,,,N,,2026-03-04 00:00:00,
2026,274065,REPA,761,2026-03-04 00:00:00,761,,,,,,,,,,,,,,,2026-03-04 00:00:00,
2026,274066,REPAD,761,2026-03-04 00:00:00,761,,,,,,,,,,,,,N,,2026-03-04 00:00:00,
2026,274067,REPA,762,2026-03-04 00:00:00,762,,,,,,,,,,,,,,,2026-03-04 00:00:00,
2026,274068,REPAD,762,2026-03-04 00:00:00,762,,,,,,,,,,,,,N,,2026-03-04 00:00:00,
2026,274243,REPA,845,2026-03-10 00:00:00,845,,,,,,,,,,,,,,,2026-03-10 00:00:00,
2026,274095,REDO,314,2026-03-05 00:00:00,,25,1110112000,,,,,,10158,N,,,,,,2026-03-05 00:00:00,
2026,274238,REPA,843,2026-03-10 00:00:00,843,,,,,,,,,,,,,,,2026-03-10 00:00:00,
2026,274239,REPAD,843,2026-03-10 00:00:00,843,,,,,,,,,,,,,N,,2026-03-10 00:00:00,
2026,274240,REPA,844,2026-03-10 00:00:00,844,,,,,,,,,,,,,,,2026-03-10 00:00:00,
2026,274246,REPA,846,2026-03-10 00:00:00,846,,,,,,,,,,,,,,,2026-03-10 00:00:00,
2026,274307,REPA,862,2026-03-12 00:00:00,862,,,,,,,,,,,,,,,2026-03-12 00:00:00,
2026,274308,REPA,863,2026-03-12 00:00:00,863,,,,,,,,,,,,,,,2026-03-12 00:00:00,
2026,274309,REPA,864,2026-03-12 00:00:00,864,,,,,,,,,,,,,,,2026-03-12 00:00:00,
2026,274311,REPA,866,2026-03-12 00:00:00,866,,,,,,,,,,,,,,,2026-03-12 00:00:00,
2026,274312,REPA,867,2026-03-12 00:00:00,867,,,,,,,,,,,,,,,2026-03-12 00:00:00,
2026,274313,REPAD,867,2026-03-12 00:00:00,867,,,,,,,,,,,,,N,,2026-03-12 00:00:00,
2026,274315,REPA,869,2026-03-12 00:00:00,869,,,,,,,,,,,,,,,2026-03-12 00:00:00,
2026,274316,REPAD,869,2026-03-12 00:00:00,869,,,,,,,,,,,,,N,,2026-03-12 00:00:00,
2026,274317,REPA,870,2026-03-12 00:00:00,870,,,,,,,,,,,,,,,2026-03-12 00:00:00,
2026,274319,REPA,872,2026-03-12 00:00:00,872,,,,,,,,,,,,,,,2026-03-12 00:00:00,
2026,274320,REPAD,872,2026-03-12 00:00:00,872,,,,,,,,,,,,,N,,2026-03-12 00:00:00,
2026,274322,REPA,874,2026-03-12 00:00:00,874,,,,,,,,,,,,,,,2026-03-12 00:00:00,
2026,274323,REPAD,874,2026-03-12 00:00:00,874,,,,,,,,,,,,,N,,2026-03-12 00:00:00,
2026,274324,REPA,875,2026-03-12 00:00:00,875,,,,,,,,,,,,,,,2026-03-12 00:00:00,
2026,274325,REPAD,875,2026-03-12 00:00:00,875,,,,,,,,,,,,,N,,2026-03-12 00:00:00,
2026,274326,REPA,876,2026-03-12 00:00:00,876,,,,,,,,,,,,,,,2026-03-12 00:00:00,
2026,274327,REPAD,876,2026-03-12 00:00:00,876,,,,,,,,,,,,,N,,2026-03-12 00:00:00,
2026,274328,REPA,877,2026-03-12 00:00:00,877,,,,,,,,,,,,,,,2026-03-12 00:00:00,
2026,274329,REPA,878,2026-03-12 00:00:00,878,,,,,,,,,,,,,,,2026-03-12 00:00:00,
2026,274330,REPAD,878,2026-03-12 00:00:00,878,,,,,,,,,,,,,N,,2026-03-12 00:00:00,
2026,274331,REPA,879,2026-03-12 00:00:00,879,,,,,,,,,,,,,,,2026-03-12 00:00:00,
2026,274335,REPA,882,2026-03-12 00:00:00,882,,,,,,,,,,,,,,,2026-03-12 00:00:00,
2026,274352,REDO,348,2026-03-12 00:00:00,,1,1110112000,,,,,,11105,N,,,,,,2026-03-12 00:00:00,
2026,274338,REDO,350,2026-03-12 00:00:00,,5,1110112000,,,,,,11071,N,,,,,,2026-03-12 00:00:00,
2026,274427,REPAD,923,2026-03-16 00:00:00,923,,,,,,,,,,,,,N,,2026-03-16 00:00:00,
2026,274350,REDO,359,2026-03-12 00:00:00,,1,1110112000,,,,,,11099,N,,,,,,2026-03-12 00:00:00,
2026,274419,REDO,368,2026-03-16 00:00:00,,5,1110112000,,,,,,11441,N,,,,,,2026-03-16 00:00:00,
2026,274426,REPA,923,2026-03-16 00:00:00,923,,,,,,,,,,,,,,,2026-03-16 00:00:00,
2026,274428,REPA,924,2026-03-16 00:00:00,924,,,,,,,,,,,,,,,2026-03-16 00:00:00,
2026,273435,DIN,34,2026-02-11 00:00:00,,1,1110112000,TESOR,,,,,6734,N,,,,,,2026-02-11 00:00:00,
2026,273433,DIN,33,2026-02-11 00:00:00,,1,1110112000,TESOR,,,,,6729,N,,,,,,2026-02-11 00:00:00,
2026,273440,REDO,199,2026-02-11 00:00:00,,22,1110112000,,,,,,6754,N,,,,,,2026-02-10 00:00:00,
2026,273449,REPA,502,2026-02-11 00:00:00,502,,,,,,,,,,,,,,,2026-02-11 00:00:00,
2026,273437,REDO,193,2026-02-11 00:00:00,,1,1110112000,,,,,,6749,N,,,,,,2026-02-10 00:00:00,
2026,273465,REPA,509,2026-02-11 00:00:00,509,,,,,,,,,,,,,,,2026-02-11 00:00:00,
2026,273464,REDO,202,2026-02-11 00:00:00,,29,1110112000,,,,,,6831,N,,,,,,2026-02-11 00:00:00,
2026,273472,REDO,205,2026-02-11 00:00:00,,10,1110112000,,,,,,6860,N,,,,,,2026-02-11 00:00:00,
2026,273468,REDO,201,2026-02-11 00:00:00,,5,1110112000,,,,,,6851,N,,,,,,2026-02-10 00:00:00,
2026,273476,REPA,512,2026-02-11 00:00:00,512,,,,,,,,,,,,,,,2026-02-11 00:00:00,
2026,273470,REDO,194,2026-02-11 00:00:00,,25,1110112000,,,,,,6858,N,,,,,,2026-02-11 00:00:00,
2026,273477,REPA,513,2026-02-11 00:00:00,513,,,,,,,,,,,,,,,2026-02-11 00:00:00,
2026,273474,REDO,203,2026-02-11 00:00:00,,24,1110112000,,,,,,6862,N,,,,,,2026-02-11 00:00:00,
2026,273475,REPA,511,2026-02-11 00:00:00,511,,,,,,,,,,,,,,,2026-02-11 00:00:00,
2026,273478,REPA,514,2026-02-11 00:00:00,514,,,,,,,,,,,,,,,2026-02-11 00:00:00,
2026,273702,DIN,40,2026-02-20 00:00:00,,1,1110112000,TESOR,,,,,8020,N,,,,,,2026-02-20 00:00:00,
2026,273480,REDO,213,2026-02-11 00:00:00,,1,1110112000,,,,,,6904,N,,,,,,2026-02-11 00:00:00,
2026,274173,REDO,321,2026-03-09 00:00:00,,1,1110112000,,,,,,10468,N,,,,,,2026-03-09 00:00:00,
2026,273700,REDO,224,2026-02-20 00:00:00,,22,1110112000,,,,,,8014,N,,,,,,2026-02-19 00:00:00,
2026,273704,REDO,242,2026-02-20 00:00:00,,5,1110112000,,,,,,8026,N,,,,,,2026-02-19 00:00:00,
2026,273244,REDO,158,2026-02-04 00:00:00,,10,1110112000,,,,,,5870,N,,,,,,2026-02-03 00:00:00,
2026,273242,REDO,154,2026-02-04 00:00:00,,24,1110112000,,,,,,5868,N,,,,,,2026-02-03 00:00:00,
2026,273513,REPA,529,2026-02-12 00:00:00,529,,,,,,,,,,,,,,,2026-02-12 00:00:00,
2026,273514,REPA,530,2026-02-12 00:00:00,530,,,,,,,,,,,,,,,2026-02-12 00:00:00,
2026,273255,DIN,27,2026-02-04 00:00:00,,1,1110112000,TESOR,,,,,5900,N,,,,,,2026-02-04 00:00:00,
2026,273512,REPA,528,2026-02-12 00:00:00,528,,,,,,,,,,,,,,,2026-02-12 00:00:00,
2026,273515,REPA,531,2026-02-12 00:00:00,531,,,,,,,,,,,,,,,2026-02-12 00:00:00,
2026,273516,REPA,532,2026-02-12 00:00:00,532,,,,,,,,,,,,,,,2026-02-12 00:00:00,
2026,273518,REPA,534,2026-02-12 00:00:00,534,,,,,,,,,,,,,,,2026-02-12 00:00:00,
2026,273520,REPA,535,2026-02-12 00:00:00,535,,,,,,,,,,,,,,,2026-02-12 00:00:00,
2026,273539,REDO,216,2026-02-12 00:00:00,,1,1110112000,,,,,,7161,N,,,,,,2026-02-12 00:00:00,
2026,273534,REDO,220,2026-02-12 00:00:00,,1,1110112000,,,,,,7148,N,,,,,,2026-02-12 00:00:00,
2026,273537,REDO,217,2026-02-12 00:00:00,,1,1110112000,,,,,,7154,N,,,,,,2026-02-12 00:00:00,
2026,273546,REDO,214,2026-02-12 00:00:00,,1,1110112000,,,,,,7194,N,,,,,,2026-02-12 00:00:00,
2026,273655,REPA,589,2026-02-19 00:00:00,589,,,,,,,,,,,,,,,2026-02-19 00:00:00,
2026,273544,REDO,207,2026-02-12 00:00:00,,22,1110112000,,,,,,7191,N,,,,,,2026-02-12 00:00:00,
2026,273662,REPA,591,2026-02-19 00:00:00,591,,,,,,,,,,,,,,,2026-02-19 00:00:00,
2026,273656,REPA,590,2026-02-19 00:00:00,590,,,,,,,,,,,,,,,2026-02-19 00:00:00,
2026,273664,REPA,592,2026-02-19 00:00:00,592,,,,,,,,,,,,,,,2026-02-19 00:00:00,
2026,273669,REPA,593,2026-02-19 00:00:00,593,,,,,,,,,,,,,,,2026-02-19 00:00:00,
2026,273675,REPAD,568,2026-02-19 00:00:00,568,,,,,,,,,,,,,N,2,2026-02-19 00:00:00,
2026,273676,REPA,597,2026-02-19 00:00:00,597,,,,,,,,,,,,,,,2026-02-19 00:00:00,
2026,273677,REPA,598,2026-02-19 00:00:00,598,,,,,,,,,,,,,,,2026-02-19 00:00:00,
2026,273678,REPAD,598,2026-02-19 00:00:00,598,,,,,,,,,,,,,N,2,2026-02-19 00:00:00,
2026,273900,REPA,690,2026-02-26 00:00:00,690,,,,,,,,,,,,,,,2026-02-26 00:00:00,
2026,273901,REPAD,690,2026-02-26 00:00:00,690,,,,,,,,,,,,,N,2,2026-02-26 00:00:00,
2026,274181,REPA,814,2026-03-09 00:00:00,814,,,,,,,,,,,,,,,2026-03-09 00:00:00,
2026,274177,DIN,53,2026-03-09 00:00:00,,1,1110112000,TESOR,,,,,10487,N,,,,,,2026-03-09 00:00:00,
2026,274180,REPA,813,2026-03-09 00:00:00,813,,,,,,,,,,,,,,,2026-03-09 00:00:00,
2026,274182,REPA,815,2026-03-09 00:00:00,815,,,,,,,,,,,,,,,2026-03-09 00:00:00,
2026,274183,REPA,816,2026-03-09 00:00:00,816,,,,,,,,,,,,,,,2026-03-09 00:00:00,
2026,274184,REPA,817,2026-03-09 00:00:00,817,,,,,,,,,,,,,,,2026-03-09 00:00:00,
2026,274185,REPAD,817,2026-03-09 00:00:00,817,,,,,,,,,,,,,N,,2026-03-09 00:00:00,
2026,274186,REPA,818,2026-03-09 00:00:00,818,,,,,,,,,,,,,,,2026-03-09 00:00:00,
2026,274187,REPA,819,2026-03-09 00:00:00,819,,,,,,,,,,,,,,,2026-03-09 00:00:00,
2026,274188,REPA,820,2026-03-09 00:00:00,820,,,,,,,,,,,,,,,2026-03-09 00:00:00,
2026,274189,REPAD,820,2026-03-09 00:00:00,820,,,,,,,,,,,,,N,,2026-03-09 00:00:00,
2026,274191,REPA,822,2026-03-09 00:00:00,822,,,,,,,,,,,,,,,2026-03-09 00:00:00,
2026,274192,REPAD,822,2026-03-09 00:00:00,822,,,,,,,,,,,,,N,,2026-03-09 00:00:00,
2026,274195,REPA,824,2026-03-09 00:00:00,824,,,,,,,,,,,,,,,2026-03-09 00:00:00,
2026,274196,REPAD,824,2026-03-09 00:00:00,824,,,,,,,,,,,,,N,,2026-03-09 00:00:00,
2026,274199,REPA,826,2026-03-09 00:00:00,826,,,,,,,,,,,,,,,2026-03-09 00:00:00,
2026,274200,REPAD,826,2026-03-09 00:00:00,826,,,,,,,,,,,,,N,,2026-03-09 00:00:00,
2026,274216,REDO,313,2026-03-09 00:00:00,,34,1110112000,,,,,,10591,N,,,,,,2026-03-09 00:00:00,
2026,274211,REDO,326,2026-03-09 00:00:00,,29,1110112000,,,,,,10578,N,,,,,,2026-03-09 00:00:00,
2026,274229,REDO,334,2026-03-09 00:00:00,,1,1110112000,,,,,,10625,N,,,,,,2026-03-09 00:00:00,
2026,274218,REPAD,826,2026-03-09 00:00:00,826,,,,,,,,,,,,,A,,2026-03-09 00:00:00,
2026,274219,REPA,836,2026-03-09 00:00:00,836,,,,,,,,,,,,,,,2026-03-09 00:00:00,
2026,274227,REDO,335,2026-03-09 00:00:00,,1,1110112000,,,,,,10620,N,,,,,,2026-03-09 00:00:00,
2026,274231,REDO,302,2026-03-09 00:00:00,,1,1110112000,,,,,,10632,N,,,,,,2026-03-09 00:00:00,
2026,274251,REPA,849,2026-03-10 00:00:00,849,,,,,,,,,,,,,,,2026-03-10 00:00:00,
2026,274252,REPA,850,2026-03-10 00:00:00,850,,,,,,,,,,,,,,,2026-03-10 00:00:00,
2026,274253,REPA,851,2026-03-10 00:00:00,851,,,,,,,,,,,,,,,2026-03-10 00:00:00,
2026,274256,REPA,852,2026-03-10 00:00:00,852,,,,,,,,,,,,,,,2026-03-10 00:00:00,
2026,274257,REPAD,852,2026-03-10 00:00:00,852,,,,,,,,,,,,,N,,2026-03-10 00:00:00,
2026,274258,REPA,853,2026-03-10 00:00:00,853,,,,,,,,,,,,,,,2026-03-10 00:00:00,
2026,274262,REDO,346,2026-03-10 00:00:00,,1,1110112000,,,,,,10757,N,,,,,,2026-03-10 00:00:00,
2026,274260,REDO,337,2026-03-10 00:00:00,,1,1110112000,,,,,,10755,N,,,,,,2026-03-10 00:00:00,
2026,274264,REDO,338,2026-03-10 00:00:00,,1,1110112000,,,,,,10759,N,,,,,,2026-03-10 00:00:00,
2026,274266,REDO,342,2026-03-10 00:00:00,,1,1110112000,,,,,,10761,N,,,,,,2026-03-10 00:00:00,
2026,273297,REPA,455,2026-02-05 00:00:00,455,,,,,,,,,,,,,,,2026-02-05 00:00:00,
2026,273296,REPA,454,2026-02-05 00:00:00,454,,,,,,,,,,,,,,,2026-02-05 00:00:00,
2026,273298,REPA,456,2026-02-05 00:00:00,456,,,,,,,,,,,,,,,2026-02-05 00:00:00,
2026,273299,REPA,457,2026-02-05 00:00:00,457,,,,,,,,,,,,,,,2026-02-05 00:00:00,
2026,273300,REPAD,457,2026-02-05 00:00:00,457,,,,,,,,,,,,,N,2,2026-02-05 00:00:00,
2026,273301,REPA,458,2026-02-05 00:00:00,458,,,,,,,,,,,,,,,2026-02-05 00:00:00,
2026,273302,REPA,459,2026-02-05 00:00:00,459,,,,,,,,,,,,,,,2026-02-05 00:00:00,
2026,273303,REPAD,459,2026-02-05 00:00:00,459,,,,,,,,,,,,,N,2,2026-02-05 00:00:00,
2026,273304,REPA,460,2026-02-05 00:00:00,460,,,,,,,,,,,,,,,2026-02-05 00:00:00,
2026,273305,REPAD,460,2026-02-05 00:00:00,460,,,,,,,,,,,,,N,2,2026-02-05 00:00:00,
2026,273306,REPA,461,2026-02-05 00:00:00,461,,,,,,,,,,,,,,,2026-02-05 00:00:00,
2026,273307,REPAD,461,2026-02-05 00:00:00,461,,,,,,,,,,,,,N,2,2026-02-05 00:00:00,
2026,273308,REPA,462,2026-02-05 00:00:00,462,,,,,,,,,,,,,,,2026-02-05 00:00:00,
2026,273309,REPA,463,2026-02-05 00:00:00,463,,,,,,,,,,,,,,,2026-02-05 00:00:00,
2026,273310,REPAD,463,2026-02-05 00:00:00,463,,,,,,,,,,,,,N,2,2026-02-05 00:00:00,
2026,273311,REPA,464,2026-02-05 00:00:00,464,,,,,,,,,,,,,,,2026-02-05 00:00:00,
2026,273312,REPA,465,2026-02-05 00:00:00,465,,,,,,,,,,,,,,,2026-02-05 00:00:00,
2026,273313,REPA,466,2026-02-05 00:00:00,466,,,,,,,,,,,,,,,2026-02-05 00:00:00,
2026,273333,REDO,169,2026-02-05 00:00:00,,1,1110112000,,,,,,6195,N,,,,,,2026-02-05 00:00:00,
2026,273331,REDO,181,2026-02-05 00:00:00,,1,1110112000,,,,,,6187,N,,,,,,2026-02-05 00:00:00,
2026,273799,REPAD,653,2026-02-24 00:00:00,653,,,,,,,,,,,,,N,2,2026-02-24 00:00:00,
2026,273555,REPA,545,2026-02-13 00:00:00,545,,,,,,,,,,,,,,,2026-02-13 00:00:00,
2026,273556,REPAD,545,2026-02-13 00:00:00,545,,,,,,,,,,,,,N,2,2026-02-13 00:00:00,
2026,273563,REPA,546,2026-02-13 00:00:00,546,,,,,,,,,,,,,,,2026-02-13 00:00:00,
2026,273580,REDO,223,2026-02-13 00:00:00,,1,1110112000,,,,DIN,44,7372,N,,,R,,,2026-02-13 00:00:00,
2026,273796,REPA,651,2026-02-24 00:00:00,651,,,,,,,,,,,,,,,2026-02-24 00:00:00,
2026,273798,REPA,653,2026-02-24 00:00:00,653,,,,,,,,,,,,,,,2026-02-24 00:00:00,
2026,273804,REPA,656,2026-02-24 00:00:00,656,,,,,,,,,,,,,,,2026-02-24 00:00:00,
2026,273805,REPAD,656,2026-02-24 00:00:00,656,,,,,,,,,,,,,N,2,2026-02-24 00:00:00,
2026,273811,REPA,660,2026-02-24 00:00:00,660,,,,,,,,,,,,,,,2026-02-24 00:00:00,
2026,273812,REPA,661,2026-02-24 00:00:00,661,,,,,,,,,,,,,,,2026-02-24 00:00:00,
2026,273813,REPA,662,2026-02-24 00:00:00,662,,,,,,,,,,,,,,,2026-02-24 00:00:00,
2026,273819,REDO,267,2026-02-24 00:00:00,,1,1110112000,,,,,,8602,N,,,,,,2026-02-24 00:00:00,
2026,273817,REDO,256,2026-02-24 00:00:00,,1,1110112000,,,,,,8592,N,,,,,,2026-02-24 00:00:00,
2026,273823,REPA,664,2026-02-25 00:00:00,664,,,,,,,,,,,,,,,2026-02-25 00:00:00,
2026,273824,REPA,665,2026-02-25 00:00:00,665,,,,,,,,,,,,,,,2026-02-25 00:00:00,
2026,273821,REDO,266,2026-02-24 00:00:00,,1,1110112000,,,,,,8618,N,,,,,,2026-02-24 00:00:00,
2026,273822,REPA,663,2026-02-25 00:00:00,663,,,,,,,,,,,,,,,2026-02-25 00:00:00,
2026,273825,REPA,666,2026-02-25 00:00:00,666,,,,,,,,,,,,,,,2026-02-25 00:00:00,
2026,273826,REPA,667,2026-02-25 00:00:00,667,,,,,,,,,,,,,,,2026-02-25 00:00:00,
2026,273833,REPA,669,2026-02-25 00:00:00,669,,,,,,,,,,,,,,,2026-02-25 00:00:00,
2026,273836,REPA,671,2026-02-25 00:00:00,671,,,,,,,,,,,,,,,2026-02-25 00:00:00,
2026,273837,REPA,672,2026-02-25 00:00:00,672,,,,,,,,,,,,,,,2026-02-25 00:00:00,
2026,273838,REPA,673,2026-02-25 00:00:00,673,,,,,,,,,,,,,,,2026-02-25 00:00:00,
2026,273839,REPA,674,2026-02-25 00:00:00,674,,,,,,,,,,,,,,,2026-02-25 00:00:00,
2026,273851,REPAD,678,2026-02-25 00:00:00,678,,,,,,,,,,,,,N,2,2026-02-25 00:00:00,
2026,273841,REDO,271,2026-02-25 00:00:00,,4,1110112000,,,,,,8713,N,,,,,,2026-02-25 00:00:00,
2026,273847,REPA,676,2026-02-25 00:00:00,676,,,,,,,,,,,,,,,2026-02-25 00:00:00,
2026,273850,REPA,678,2026-02-25 00:00:00,678,,,,,,,,,,,,,,,2026-02-25 00:00:00,
2026,273852,REPA,679,2026-02-25 00:00:00,679,,,,,,,,,,,,,,,2026-02-25 00:00:00,
2026,273853,REPA,680,2026-02-25 00:00:00,680,,,,,,,,,,,,,,,2026-02-25 00:00:00,
2026,273854,REPA,681,2026-02-25 00:00:00,681,,,,,,,,,,,,,,,2026-02-25 00:00:00,
2026,273855,REPAD,681,2026-02-25 00:00:00,681,,,,,,,,,,,,,N,2,2026-02-25 00:00:00,
2026,273886,REPA,683,2026-02-26 00:00:00,683,,,,,,,,,,,,,,,2026-02-26 00:00:00,
2026,273912,REPA,694,2026-02-26 00:00:00,694,,,,,,,,,,,,,,,2026-02-26 00:00:00,
2026,274015,REPAD,731,2026-03-03 00:00:00,731,,,,,,,,,,,,,N,,2026-03-03 00:00:00,
2026,273920,REDO,284,2026-02-26 00:00:00,,1,1110112000,,,,,,9035,N,,,,,,2026-02-26 00:00:00,
2026,274005,REDO,295,2026-03-03 00:00:00,,4,1110112000,,,,,,9664,N,,,,,,2026-03-03 00:00:00,
2026,274006,REPA,728,2026-03-03 00:00:00,728,,,,,,,,,,,,,,,2026-03-03 00:00:00,
2026,274008,REDO,305,2026-03-03 00:00:00,,5,1110112000,,,,,,9680,N,,,,,,2026-03-03 00:00:00,
2026,274014,REPA,731,2026-03-03 00:00:00,731,,,,,,,,,,,,,,,2026-03-03 00:00:00,
2026,274016,REPA,732,2026-03-03 00:00:00,732,,,,,,,,,,,,,,,2026-03-03 00:00:00,
2026,274017,REPA,733,2026-03-03 00:00:00,733,,,,,,,,,,,,,,,2026-03-03 00:00:00,
2026,274018,REPAD,733,2026-03-03 00:00:00,733,,,,,,,,,,,,,N,,2026-03-03 00:00:00,
2026,274033,REDO,307,2026-03-03 00:00:00,,1,1110112000,,,,DIN,57,9833,N,,,R,,,2026-03-03 00:00:00,
2026,274030,REDO,306,2026-03-03 00:00:00,,1,1110112000,,,,,,9802,N,,,,,,2026-03-03 00:00:00,
2026,273981,REPA,718,2026-03-02 00:00:00,718,,,,,,,,,,,,,,,2026-03-02 00:00:00,
2026,274051,REDO,309,2026-03-04 00:00:00,,5,1110112000,,,,,,9922,N,,,,,,2026-03-04 00:00:00,
2026,273991,REDO,288,2026-03-02 00:00:00,,5,1110112000,,,,,,9569,N,,,,,,2026-03-02 00:00:00,
2026,274074,REDO,310,2026-03-04 00:00:00,,1,1110112000,,,,,,10076,N,,,,,,2026-03-04 00:00:00,
2026,274070,REDO,312,2026-03-04 00:00:00,,24,1110112000,,,,,,10061,N,,,,,,2026-03-04 00:00:00,
2026,274077,REDO,311,2026-03-04 00:00:00,,1,1110112000,,,,,,10079,N,,,,,,2026-03-04 00:00:00,
2026,273262,REPA,438,2026-02-04 00:00:00,438,,,,,,,,,,,,,,,2026-02-04 00:00:00,
2026,273264,REPA,440,2026-02-04 00:00:00,440,,,,,,,,,,,,,,,2026-02-04 00:00:00,
2026,273263,REPA,439,2026-02-04 00:00:00,439,,,,,,,,,,,,,,,2026-02-04 00:00:00,
2026,273265,REPA,441,2026-02-04 00:00:00,441,,,,,,,,,,,,,,,2026-02-04 00:00:00,
2026,273266,REPA,442,2026-02-04 00:00:00,442,,,,,,,,,,,,,,,2026-02-04 00:00:00,
2026,273267,REPA,443,2026-02-04 00:00:00,443,,,,,,,,,,,,,,,2026-02-04 00:00:00,
2026,273268,REPA,444,2026-02-04 00:00:00,444,,,,,,,,,,,,,,,2026-02-04 00:00:00,
2026,273269,REPA,445,2026-02-04 00:00:00,445,,,,,,,,,,,,,,,2026-02-04 00:00:00,
2026,273270,REPA,446,2026-02-04 00:00:00,446,,,,,,,,,,,,,,,2026-02-04 00:00:00,
2026,273271,REPA,447,2026-02-04 00:00:00,447,,,,,,,,,,,,,,,2026-02-04 00:00:00,
2026,273272,REPA,448,2026-02-04 00:00:00,448,,,,,,,,,,,,,,,2026-02-04 00:00:00,
2026,273273,REPA,449,2026-02-04 00:00:00,449,,,,,,,,,,,,,,,2026-02-04 00:00:00,
2026,273274,REPA,450,2026-02-04 00:00:00,450,,,,,,,,,,,,,,,2026-02-04 00:00:00,
2026,273282,REPA,451,2026-02-04 00:00:00,451,,,,,,,,,,,,,,,2026-02-04 00:00:00,
2026,273283,REPA,452,2026-02-04 00:00:00,452,,,,,,,,,,,,,,,2026-02-04 00:00:00,
2026,273284,REPAD,452,2026-02-04 00:00:00,452,,,,,,,,,,,,,N,2,2026-02-04 00:00:00,
2026,273295,REDO,160,2026-02-04 00:00:00,,1,1110112000,,,,,,5999,N,,,,,,2026-02-04 00:00:00,
2026,273291,REDO,161,2026-02-04 00:00:00,,1,1110112000,,,,,,5989,N,,,,,,2026-02-04 00:00:00,
2026,274388,REPA,908,2026-03-13 00:00:00,908,,,,,,,,,,,,,,,2026-03-13 00:00:00,
2026,273293,REDO,168,2026-02-04 00:00:00,,1,1110112000,,,,,,5996,N,,,,,,2026-02-04 00:00:00,
2026,274389,REPAD,908,2026-03-13 00:00:00,908,,,,,,,,,,,,,N,,2026-03-13 00:00:00,
2026,274390,REPA,909,2026-03-13 00:00:00,909,,,,,,,,,,,,,,,2026-03-13 00:00:00,
2026,274391,REPA,910,2026-03-13 00:00:00,910,,,,,,,,,,,,,,,2026-03-13 00:00:00,
2026,273885,REPAD,682,2026-02-26 00:00:00,682,,,,,,,,,,,,,N,2,2026-02-26 00:00:00,
2026,273887,REPA,684,2026-02-26 00:00:00,684,,,,,,,,,,,,,,,2026-02-26 00:00:00,
2026,273884,REPA,682,2026-02-26 00:00:00,682,,,,,,,,,,,,,,,2026-02-26 00:00:00,
2026,273888,REPA,685,2026-02-26 00:00:00,685,,,,,,,,,,,,,,,2026-02-26 00:00:00,
2026,273889,REPAD,685,2026-02-26 00:00:00,685,,,,,,,,,,,,,N,2,2026-02-26 00:00:00,
2026,273890,REPA,686,2026-02-26 00:00:00,686,,,,,,,,,,,,,,,2026-02-26 00:00:00,
2026,273891,REPAD,686,2026-02-26 00:00:00,686,,,,,,,,,,,,,N,2,2026-02-26 00:00:00,
2026,273892,REPA,687,2026-02-26 00:00:00,687,,,,,,,,,,,,,,,2026-02-26 00:00:00,
2026,273893,REPAD,687,2026-02-26 00:00:00,687,,,,,,,,,,,,,N,2,2026-02-26 00:00:00,
2026,273894,REPA,688,2026-02-26 00:00:00,688,,,,,,,,,,,,,,,2026-02-26 00:00:00,
2026,273895,REPA,689,2026-02-26 00:00:00,689,,,,,,,,,,,,,,,2026-02-26 00:00:00,
2026,273896,REPAD,689,2026-02-26 00:00:00,689,,,,,,,,,,,,,N,2,2026-02-26 00:00:00,
2026,273903,REPA,691,2026-02-26 00:00:00,691,,,,,,,,,,,,,,,2026-02-26 00:00:00,
2026,273898,REDO,279,2026-02-26 00:00:00,,4,1110112000,,,,,,8910,N,,,,,,2026-02-26 00:00:00,
2026,273899,REPAD,683,2026-02-26 00:00:00,683,,,,,,,,,,,,,N,2,2026-02-26 00:00:00,
2026,273904,REPAD,691,2026-02-26 00:00:00,691,,,,,,,,,,,,,N,2,2026-02-26 00:00:00,
2026,273915,REPA,695,2026-02-26 00:00:00,695,,,,,,,,,,,,,,,2026-02-26 00:00:00,
2026,274267,REPA,854,2026-03-11 00:00:00,854,,,,,,,,,,,,,,,2026-03-11 00:00:00,
2026,274269,REPA,856,2026-03-11 00:00:00,856,,,,,,,,,,,,,,,2026-03-11 00:00:00,
2026,274268,REPA,855,2026-03-11 00:00:00,855,,,,,,,,,,,,,,,2026-03-11 00:00:00,
2026,274270,REPA,857,2026-03-11 00:00:00,857,,,,,,,,,,,,,,,2026-03-11 00:00:00,
2026,274271,REPAD,857,2026-03-11 00:00:00,857,,,,,,,,,,,,,N,,2026-03-11 00:00:00,
2026,274288,REPA,859,2026-03-11 00:00:00,859,,,,,,,,,,,,,,,2026-03-11 00:00:00,
2026,274275,REDO,341,2026-03-11 00:00:00,,5,1110112000,,,,,,10821,N,,,,,,2026-03-11 00:00:00,
2026,274278,REPA,858,2026-03-11 00:00:00,858,,,,,,,,,,,,,,,2026-03-11 00:00:00,
2026,273278,REDO,163,2026-02-04 00:00:00,,10,1110112000,,,,,,5952,N,,,,,,2026-02-04 00:00:00,
2026,273276,REDO,162,2026-02-04 00:00:00,,34,1110112000,,,,,,5950,N,,,,,,2026-02-04 00:00:00,
2026,273286,REDO,155,2026-02-04 00:00:00,,5,1110112000,,,,,,5969,N,,,,,,2026-02-03 00:00:00,
2026,273315,DIN,28,2026-02-05 00:00:00,,1,1110112000,TESOR,,,,,6115,N,,,,,,2026-02-05 00:00:00,
2026,273281,REDO,157,2026-02-04 00:00:00,,4,1110112000,,,,,,5959,N,,,,,,2026-02-03 00:00:00,
2026,273319,REDO,164,2026-02-05 00:00:00,,4,1110112000,,,,,,6136,N,,,,,,2026-02-04 00:00:00,
2026,273288,REDO,166,2026-02-04 00:00:00,,29,1110112000,,,,,,5974,N,,,,,,2026-02-04 00:00:00,
2026,273323,REDO,172,2026-02-05 00:00:00,,25,1110112000,,,,,,6140,N,,,,,,2026-02-05 00:00:00,
2026,273317,DIN,29,2026-02-05 00:00:00,,1,1110112000,TESOR,,,,,6121,N,,,,,,2026-02-05 00:00:00,
2026,273327,REDO,171,2026-02-05 00:00:00,,10,1110112000,,,,,,6144,N,,,,,,2026-02-05 00:00:00,
2026,273321,REDO,165,2026-02-05 00:00:00,,5,1110112000,,,,,,6138,N,,,,,,2026-02-04 00:00:00,
2026,273517,REPA,533,2026-02-12 00:00:00,533,,,,,,,,,,,,,,,2026-02-12 00:00:00,
2026,273325,REDO,170,2026-02-05 00:00:00,,10,1110112000,,,,,,6142,N,,,,,,2026-02-05 00:00:00,
2026,273528,REPA,537,2026-02-12 00:00:00,537,,,,,,,,,,,,,,,2026-02-12 00:00:00,
2026,273329,REDO,173,2026-02-05 00:00:00,,29,1110112000,,,,,,6147,N,,,,,,2026-02-05 00:00:00,
2026,273466,REPA,510,2026-02-11 00:00:00,510,,,,,,,,,,,,,,,2026-02-11 00:00:00,
2026,273529,REPAD,537,2026-02-12 00:00:00,537,,,,,,,,,,,,,N,2,2026-02-12 00:00:00,
2026,273531,REPAD,537,2026-02-12 00:00:00,537,,,,,,,,,,,,,A,2,2026-02-12 00:00:00,
2026,273532,REPAD,537,2026-02-12 00:00:00,537,,,,,,,,,,,,,N,2,2026-02-12 00:00:00,
2026,273568,REPA,549,2026-02-13 00:00:00,549,,,,,,,,,,,,,,,2026-02-13 00:00:00,
2026,273558,REDO,215,2026-02-13 00:00:00,,33,1110112000,,,,,,7278,N,,,,,,2026-02-12 00:00:00,
2026,273569,REPA,550,2026-02-13 00:00:00,550,,,,,,,,,,,,,,,2026-02-13 00:00:00,
2026,273561,DIN,37,2026-02-13 00:00:00,,1,1110112000,TESOR,,,,,7283,N,,,,,,2026-02-13 00:00:00,
2026,273567,REPA,548,2026-02-13 00:00:00,548,,,,,,,,,,,,,,,2026-02-13 00:00:00,
2026,273570,REPA,551,2026-02-13 00:00:00,551,,,,,,,,,,,,,,,2026-02-13 00:00:00,
2026,273571,REPA,552,2026-02-13 00:00:00,552,,,,,,,,,,,,,,,2026-02-13 00:00:00,
2026,274409,REDO,352,2026-03-16 00:00:00,,22,1110112000,,,,,,11400,N,,,,,,2026-03-16 00:00:00,
2026,274405,REDO,363,2026-03-16 00:00:00,,24,1110112000,,,,,,11385,N,,,,,,2026-03-16 00:00:00,
2026,274410,REPA,913,2026-03-16 00:00:00,913,,,,,,,,,,,,,,,2026-03-16 00:00:00,
2026,274407,DIN,59,2026-03-16 00:00:00,,1,1110112000,TESOR,,,,,11395,N,,,,,,2026-03-16 00:00:00,
2026,274412,REPA,915,2026-03-16 00:00:00,915,,,,,,,,,,,,,,,2026-03-16 00:00:00,
2026,274411,REPA,914,2026-03-16 00:00:00,914,,,,,,,,,,,,,,,2026-03-16 00:00:00,
2026,274413,REPA,916,2026-03-16 00:00:00,916,,,,,,,,,,,,,,,2026-03-16 00:00:00,
2026,274414,REPAD,916,2026-03-16 00:00:00,916,,,,,,,,,,,,,N,,2026-03-16 00:00:00,
2026,274415,REPA,917,2026-03-16 00:00:00,917,,,,,,,,,,,,,,,2026-03-16 00:00:00,
2026,274416,REPAD,917,2026-03-16 00:00:00,917,,,,,,,,,,,,,N,,2026-03-16 00:00:00,
2026,274417,REPA,918,2026-03-16 00:00:00,918,,,,,,,,,,,,,,,2026-03-16 00:00:00,
2026,274422,REPA,920,2026-03-16 00:00:00,920,,,,,,,,,,,,,,,2026-03-16 00:00:00,
2026,274423,REPA,921,2026-03-16 00:00:00,921,,,,,,,,,,,,,,,2026-03-16 00:00:00,
2026,274424,REPAD,921,2026-03-16 00:00:00,921,,,,,,,,,,,,,N,,2026-03-16 00:00:00,
2026,274425,REPA,922,2026-03-16 00:00:00,922,,,,,,,,,,,,,,,2026-03-16 00:00:00,
2026,274432,REDO,369,2026-03-16 00:00:00,,1,1110112000,,,,,,11501,N,,,,,,2026-03-16 00:00:00,
2026,274430,REDO,358,2026-03-16 00:00:00,,1,1110112000,,,,,,11499,N,,,,,,2026-03-16 00:00:00,
2026,274434,REDO,370,2026-03-16 00:00:00,,1,1110112000,,,,,,11505,N,,,,,,2026-03-16 00:00:00,
2026,273405,REDO,186,2026-02-10 00:00:00,,24,1110112000,,,,,,6576,N,,,,,,2026-02-09 00:00:00,
2026,273403,REDO,192,2026-02-10 00:00:00,,1,1110112000,,,,,,6574,N,,,,,,2026-02-09 00:00:00,
2026,273409,REDO,189,2026-02-10 00:00:00,,10,1110112000,,,,,,6581,N,,,,,,2026-02-09 00:00:00,
2026,273417,DIN,32,2026-02-10 00:00:00,,1,1110112000,TESOR,,,,,6622,N,,,,,,2026-02-10 00:00:00,
2026,273407,REDO,188,2026-02-10 00:00:00,,34,1110112000,,,,,,6578,N,,,,,,2026-02-09 00:00:00,
2026,273418,REPA,494,2026-02-10 00:00:00,494,,,,,,,,,,,,,,,2026-02-10 00:00:00,
2026,273411,REDO,185,2026-02-10 00:00:00,,22,1110112000,,,,,,6583,N,,,,,,2026-02-09 00:00:00,
2026,273923,REPA,697,2026-02-27 00:00:00,697,,,,,,,,,,,,,,,2026-02-27 00:00:00,
2026,273420,REDO,190,2026-02-10 00:00:00,,4,1110112000,,,,,,6641,N,,,,,,2026-02-09 00:00:00,
2026,273961,REPAD,696,2026-02-27 00:00:00,696,,,,,,,,,,,,,N,2,2026-02-27 00:00:00,
2026,273422,REDO,196,2026-02-10 00:00:00,,5,1110112000,,,,,,6644,N,,,,,,2026-02-09 00:00:00,
2026,273922,REPA,696,2026-02-27 00:00:00,696,,,,,,,,,,,,,,,2026-02-27 00:00:00,
2026,273941,REDO,289,2026-02-27 00:00:00,,4,1110112000,,,,,,9109,N,,,,,,2026-02-27 00:00:00,
2026,273953,REPA,711,2026-02-27 00:00:00,711,,,,,,,,,,,,,,,2026-02-27 00:00:00,
2026,273958,REPA,715,2026-02-27 00:00:00,715,,,,,,,,,,,,,,,2026-02-27 00:00:00,
2026,273962,REPAD,697,2026-02-27 00:00:00,697,,,,,,,,,,,,,N,2,2026-02-27 00:00:00,
2026,273963,REPAD,711,2026-02-27 00:00:00,711,,,,,,,,,,,,,N,2,2026-02-27 00:00:00,
2026,274310,REPA,865,2026-03-12 00:00:00,865,,,,,,,,,,,,,,,2026-03-12 00:00:00,
2026,273969,REDO,291,2026-02-27 00:00:00,,6,1110112000,,,,,,9462,N,,,,,,2026-02-27 00:00:00,
2026,274061,ORGE,3,2026-03-04 00:00:00,,,1110102000,,,,,,9970,,,,N,,,2026-03-04 00:00:00,
2026,274305,DIN,56,2026-03-12 00:00:00,,1,1110112000,TESOR,,,,,10932,N,,,,,,2026-03-12 00:00:00,
2026,274306,REPA,861,2026-03-12 00:00:00,861,,,,,,,,,,,,,,,2026-03-12 00:00:00,
2026,274314,REPA,868,2026-03-12 00:00:00,868,,,,,,,,,,,,,,,2026-03-12 00:00:00,
2026,274318,REPA,871,2026-03-12 00:00:00,871,,,,,,,,,,,,,,,2026-03-12 00:00:00,
2026,274321,REPA,873,2026-03-12 00:00:00,873,,,,,,,,,,,,,,,2026-03-12 00:00:00,
2026,274332,REPA,880,2026-03-12 00:00:00,880,,,,,,,,,,,,,,,2026-03-12 00:00:00,
2026,274333,REPA,881,2026-03-12 00:00:00,881,,,,,,,,,,,,,,,2026-03-12 00:00:00,
2026,274334,REPAD,881,2026-03-12 00:00:00,881,,,,,,,,,,,,,N,,2026-03-12 00:00:00,
2026,274336,REPA,883,2026-03-12 00:00:00,883,,,,,,,,,,,,,,,2026-03-12 00:00:00,
2026,274339,REPA,884,2026-03-12 00:00:00,884,,,,,,,,,,,,,,,2026-03-12 00:00:00,
2026,274340,REPAD,884,2026-03-12 00:00:00,884,,,,,,,,,,,,,N,,2026-03-12 00:00:00,
2026,274341,REPA,885,2026-03-12 00:00:00,885,,,,,,,,,,,,,,,2026-03-12 00:00:00,
2026,274342,REPA,886,2026-03-12 00:00:00,886,,,,,,,,,,,,,,,2026-03-12 00:00:00,
2026,274343,REPA,887,2026-03-12 00:00:00,887,,,,,,,,,,,,,,,2026-03-12 00:00:00,
2026,274345,DIN,57,2026-03-12 00:00:00,,1,1110112000,TESOR,REDO,307,,,11089,R,,,,,,2026-03-12 00:00:00,
2026,273446,REPA,500,2026-02-11 00:00:00,500,,,,,,,,,,,,,,,2026-02-11 00:00:00,
2026,273447,REPAD,500,2026-02-11 00:00:00,500,,,,,,,,,,,,,N,2,2026-02-11 00:00:00,
2026,273439,REPA,495,2026-02-11 00:00:00,495,,,,,,,,,,,,,,,2026-02-11 00:00:00,
2026,273441,REPA,496,2026-02-11 00:00:00,496,,,,,,,,,,,,,,,2026-02-11 00:00:00,
2026,273442,REPA,497,2026-02-11 00:00:00,497,,,,,,,,,,,,,,,2026-02-11 00:00:00,
2026,273443,REPA,498,2026-02-11 00:00:00,498,,,,,,,,,,,,,,,2026-02-11 00:00:00,
2026,273444,REPA,499,2026-02-11 00:00:00,499,,,,,,,,,,,,,,,2026-02-11 00:00:00,
2026,273445,REPAD,499,2026-02-11 00:00:00,499,,,,,,,,,,,,,N,2,2026-02-11 00:00:00,
2026,273448,REPA,501,2026-02-11 00:00:00,501,,,,,,,,,,,,,,,2026-02-11 00:00:00,
2026,273452,REPA,503,2026-02-11 00:00:00,503,,,,,,,,,,,,,,,2026-02-11 00:00:00,
2026,273453,REPAD,503,2026-02-11 00:00:00,503,,,,,,,,,,,,,N,2,2026-02-11 00:00:00,
2026,273454,REPA,504,2026-02-11 00:00:00,504,,,,,,,,,,,,,,,2026-02-11 00:00:00,
2026,273455,REPAD,504,2026-02-11 00:00:00,504,,,,,,,,,,,,,N,2,2026-02-11 00:00:00,
2026,273456,REPA,505,2026-02-11 00:00:00,505,,,,,,,,,,,,,,,2026-02-11 00:00:00,
2026,273457,REPAD,505,2026-02-11 00:00:00,505,,,,,,,,,,,,,N,2,2026-02-11 00:00:00,
2026,273458,REPA,506,2026-02-11 00:00:00,506,,,,,,,,,,,,,,,2026-02-11 00:00:00,
2026,273459,REPAD,506,2026-02-11 00:00:00,506,,,,,,,,,,,,,N,2,2026-02-11 00:00:00,
2026,273460,REPA,507,2026-02-11 00:00:00,507,,,,,,,,,,,,,,,2026-02-11 00:00:00,
2026,273461,REPAD,507,2026-02-11 00:00:00,507,,,,,,,,,,,,,N,2,2026-02-11 00:00:00,
2026,273462,REPA,508,2026-02-11 00:00:00,508,,,,,,,,,,,,,,,2026-02-11 00:00:00,
2026,273463,REPAD,508,2026-02-11 00:00:00,508,,,,,,,,,,,,,N,2,2026-02-11 00:00:00,
2026,273481,REPAD,498,2026-02-11 00:00:00,498,,,,,,,,,,,,,N,2,2026-02-11 00:00:00,
2026,273487,REDO,208,2026-02-11 00:00:00,,1,1110112000,,,,,,6951,N,,,,,,2026-02-11 00:00:00,
2026,273483,REDO,210,2026-02-11 00:00:00,,1,1110112000,,,,,,6938,N,,,,,,2026-02-11 00:00:00,
2026,273787,REPAD,628,2026-02-24 00:00:00,628,,,,,,,,,,,,,A,2,2026-02-24 00:00:00,
2026,273485,REDO,209,2026-02-11 00:00:00,,1,1110112000,,,,,,6943,N,,,,,,2026-02-11 00:00:00,
2026,273791,REPA,650,2026-02-24 00:00:00,650,,,,,,,,,,,,,,,2026-02-24 00:00:00,
2026,273788,REPA,628,2026-02-24 00:00:00,628,,,,,,,,,,,,,,,2026-02-24 00:00:00,
2026,273789,REPA,649,2026-02-24 00:00:00,649,,,,,,,,,,,,,,,2026-02-24 00:00:00,
2026,273925,REPAD,698,2026-02-27 00:00:00,698,,,,,,,,,,,,,N,2,2026-02-27 00:00:00,
2026,273795,REDO,239,2026-02-24 00:00:00,,4,1110112000,,,,,,8449,N,,,,,,2026-02-24 00:00:00,
2026,273815,REPAD,649,2026-02-24 00:00:00,649,,,,,,,,,,,,,N,2,2026-02-24 00:00:00,
2026,273924,REPA,698,2026-02-27 00:00:00,698,,,,,,,,,,,,,,,2026-02-27 00:00:00,
2026,273926,REPA,699,2026-02-27 00:00:00,699,,,,,,,,,,,,,,,2026-02-27 00:00:00,
2026,273927,REPAD,699,2026-02-27 00:00:00,699,,,,,,,,,,,,,N,2,2026-02-27 00:00:00,
2026,273928,REPA,700,2026-02-27 00:00:00,700,,,,,,,,,,,,,,,2026-02-27 00:00:00,
2026,273929,REPAD,700,2026-02-27 00:00:00,700,,,,,,,,,,,,,N,2,2026-02-27 00:00:00,
2026,273930,REPA,701,2026-02-27 00:00:00,701,,,,,,,,,,,,,,,2026-02-27 00:00:00,
2026,273931,REPAD,701,2026-02-27 00:00:00,701,,,,,,,,,,,,,N,2,2026-02-27 00:00:00,
2026,273932,REPA,702,2026-02-27 00:00:00,702,,,,,,,,,,,,,,,2026-02-27 00:00:00,
2026,273933,REPAD,702,2026-02-27 00:00:00,702,,,,,,,,,,,,,N,2,2026-02-27 00:00:00,
2026,273934,REPA,703,2026-02-27 00:00:00,703,,,,,,,,,,,,,,,2026-02-27 00:00:00,
2026,273935,REPAD,703,2026-02-27 00:00:00,703,,,,,,,,,,,,,N,2,2026-02-27 00:00:00,
2026,273936,REPA,704,2026-02-27 00:00:00,704,,,,,,,,,,,,,,,2026-02-27 00:00:00,
2026,273937,REPAD,704,2026-02-27 00:00:00,704,,,,,,,,,,,,,N,2,2026-02-27 00:00:00,
2026,273977,REDO,292,2026-02-27 00:00:00,,1,1110112000,,,,,,9495,N,,,,,,2026-02-27 00:00:00,
2026,273966,REDO,293,2026-02-27 00:00:00,,1,1110112000,,,,,,9460,N,,,,,,2026-02-27 00:00:00,
2026,273973,REDO,278,2026-02-27 00:00:00,,1,1110112000,,,,,,9478,N,,,,,,2026-02-27 00:00:00,
2026,273979,REPA,717,2026-03-02 00:00:00,717,,,,,,,,,,,,,,,2026-03-02 00:00:00,
2026,273975,REDO,285,2026-02-27 00:00:00,,1,1110112000,,,,,,9484,N,,,,,,2026-02-27 00:00:00,
2026,273980,REPAD,717,2026-03-02 00:00:00,717,,,,,,,,,,,,,N,,2026-03-02 00:00:00,
2026,273982,REPA,719,2026-03-02 00:00:00,719,,,,,,,,,,,,,,,2026-03-02 00:00:00,
2026,273983,REPA,720,2026-03-02 00:00:00,720,,,,,,,,,,,,,,,2026-03-02 00:00:00,
2026,273984,REPA,721,2026-03-02 00:00:00,721,,,,,,,,,,,,,,,2026-03-02 00:00:00,
2026,273985,REPA,722,2026-03-02 00:00:00,722,,,,,,,,,,,,,,,2026-03-02 00:00:00,
2026,273986,REPA,723,2026-03-02 00:00:00,723,,,,,,,,,,,,,,,2026-03-02 00:00:00,
2026,273987,REPA,724,2026-03-02 00:00:00,724,,,,,,,,,,,,,,,2026-03-02 00:00:00,
2026,273997,REPA,725,2026-03-02 00:00:00,725,,,,,,,,,,,,,,,2026-03-02 00:00:00,
2026,273999,REPA,727,2026-03-02 00:00:00,727,,,,,,,,,,,,,,,2026-03-02 00:00:00,
2026,274421,REPAD,919,2026-03-16 00:00:00,919,,,,,,,,,,,,,N,,2026-03-16 00:00:00,
2026,274011,DIN,49,2026-03-03 00:00:00,,1,1110112000,TESOR,,,,,9691,N,,,,,,2026-03-03 00:00:00,
2026,274420,REPA,919,2026-03-16 00:00:00,919,,,,,,,,,,,,,,,2026-03-16 00:00:00,
2026,273592,REPA,560,2026-02-18 00:00:00,560,,,,,,,,,,,,,,,2026-02-18 00:00:00,
2026,273593,REPAD,560,2026-02-18 00:00:00,560,,,,,,,,,,,,,N,2,2026-02-18 00:00:00,
2026,273598,REPA,562,2026-02-18 00:00:00,562,,,,,,,,,,,,,,,2026-02-18 00:00:00,
2026,273599,REPAD,562,2026-02-18 00:00:00,562,,,,,,,,,,,,,N,2,2026-02-18 00:00:00,
2026,273601,REPA,564,2026-02-18 00:00:00,564,,,,,,,,,,,,,,,2026-02-18 00:00:00,
2026,273602,REPAD,564,2026-02-18 00:00:00,564,,,,,,,,,,,,,N,2,2026-02-18 00:00:00,
2026,273606,REPA,567,2026-02-18 00:00:00,567,,,,,,,,,,,,,,,2026-02-18 00:00:00,
2026,273607,REPAD,567,2026-02-18 00:00:00,567,,,,,,,,,,,,,N,2,2026-02-18 00:00:00,
2026,273609,REPA,568,2026-02-18 00:00:00,568,,,,,,,,,,,,,,,2026-02-18 00:00:00,
2026,273610,REPAD,568,2026-02-18 00:00:00,568,,,,,,,,,,,,,N,2,2026-02-18 00:00:00,
2026,273619,REPAD,564,2026-02-18 00:00:00,564,,,,,,,,,,,,,A,2,2026-02-18 00:00:00,
2026,273620,REPA,574,2026-02-18 00:00:00,574,,,,,,,,,,,,,,,2026-02-18 00:00:00,
2026,273627,REPAD,567,2026-02-18 00:00:00,567,,,,,,,,,,,,,A,2,2026-02-18 00:00:00,
2026,273628,REPAD,567,2026-02-18 00:00:00,567,,,,,,,,,,,,,N,2,2026-02-18 00:00:00,
2026,273629,REPAD,568,2026-02-18 00:00:00,568,,,,,,,,,,,,,A,2,2026-02-18 00:00:00,
2026,273767,REDO,250,2026-02-23 00:00:00,,34,1110112000,,,,,,8310,N,,,,,,2026-02-23 00:00:00,
2026,273738,REDO,245,2026-02-23 00:00:00,,22,1110112000,,,,,,8192,N,,,,,,2026-02-20 00:00:00,
2026,273765,REDO,246,2026-02-23 00:00:00,,5,1110112000,,,,,,8293,N,,,,,,2026-02-20 00:00:00,
2026,273740,DIN,41,2026-02-23 00:00:00,,1,1110112000,TESOR,,,,,8202,N,,,,,,2026-02-23 00:00:00,
2026,273778,REDO,248,2026-02-23 00:00:00,,22,1110112000,,,,,,8369,N,,,,,,2026-02-23 00:00:00,
2026,273772,REDO,253,2026-02-23 00:00:00,,24,1110112000,,,,,,8342,N,,,,,,2026-02-23 00:00:00,
2026,273245,REPA,424,2026-02-04 00:00:00,424,,,,,,,,,,,,,,,2026-02-04 00:00:00,
2026,273246,REPA,425,2026-02-04 00:00:00,425,,,,,,,,,,,,,,,2026-02-04 00:00:00,
2026,273247,REPA,426,2026-02-04 00:00:00,426,,,,,,,,,,,,,,,2026-02-04 00:00:00,
2026,273248,REPA,427,2026-02-04 00:00:00,427,,,,,,,,,,,,,,,2026-02-04 00:00:00,
2026,273249,REPA,428,2026-02-04 00:00:00,428,,,,,,,,,,,,,,,2026-02-04 00:00:00,
2026,273250,REPA,429,2026-02-04 00:00:00,429,,,,,,,,,,,,,,,2026-02-04 00:00:00,
2026,273251,REPAD,429,2026-02-04 00:00:00,429,,,,,,,,,,,,,N,2,2026-02-04 00:00:00,
2026,273252,REPA,430,2026-02-04 00:00:00,430,,,,,,,,,,,,,,,2026-02-04 00:00:00,
2026,273254,REPA,431,2026-02-04 00:00:00,431,,,,,,,,,,,,,,,2026-02-04 00:00:00,
2026,273256,REPA,432,2026-02-04 00:00:00,432,,,,,,,,,,,,,,,2026-02-04 00:00:00,
2026,273257,REPA,433,2026-02-04 00:00:00,433,,,,,,,,,,,,,,,2026-02-04 00:00:00,
2026,273258,REPA,434,2026-02-04 00:00:00,434,,,,,,,,,,,,,,,2026-02-04 00:00:00,
2026,273259,REPA,435,2026-02-04 00:00:00,435,,,,,,,,,,,,,,,2026-02-04 00:00:00,
2026,273260,REPA,436,2026-02-04 00:00:00,436,,,,,,,,,,,,,,,2026-02-04 00:00:00,
2026,273261,REPA,437,2026-02-04 00:00:00,437,,,,,,,,,,,,,,,2026-02-04 00:00:00,
2026,274236,REPA,841,2026-03-10 00:00:00,841,,,,,,,,,,,,,,,2026-03-10 00:00:00,
2026,274234,DIN,54,2026-03-10 00:00:00,,1,1110112000,TESOR,,,,,10658,N,,,,,,2026-03-10 00:00:00,
2026,274235,REPA,840,2026-03-10 00:00:00,840,,,,,,,,,,,,,,,2026-03-10 00:00:00,
2026,274237,REPA,842,2026-03-10 00:00:00,842,,,,,,,,,,,,,,,2026-03-10 00:00:00,
2026,273769,REDO,254,2026-02-23 00:00:00,,10,1110112000,,,,,,8332,N,,,,,,2026-02-23 00:00:00,
2026,273770,REPA,648,2026-02-23 00:00:00,648,,,,,,,,,,,,,,,2026-02-23 00:00:00,
2026,274273,DIN,55,2026-03-11 00:00:00,,1,1110112000,TESOR,,,,,10819,N,,,,,,2026-03-11 00:00:00,
2026,273878,REDO,265,2026-02-25 00:00:00,,1,1110112000,,,,,,8858,N,,,,,,2026-02-25 00:00:00,
2026,273868,REDO,260,2026-02-25 00:00:00,,22,1110112000,,,,,,8837,N,,,,,,2026-02-25 00:00:00,
2026,274242,REDO,327,2026-03-10 00:00:00,,4,1110112000,,,,,,10688,N,,,,,,2026-03-10 00:00:00,
2026,274280,REDO,345,2026-03-11 00:00:00,,4,1110112000,,,,,,10851,N,,,,,,2026-03-11 00:00:00,
2026,274255,REDO,336,2026-03-10 00:00:00,,5,1110112000,,,,,,10735,N,,,,,,2026-03-10 00:00:00,
2026,274284,REDO,331,2026-03-11 00:00:00,,24,1110112000,,,,,,10871,N,,,,,,2026-03-11 00:00:00,
2026,274277,REDO,332,2026-03-11 00:00:00,,24,1110112000,,,,,,10832,N,,,,,,2026-03-11 00:00:00,
2026,274293,REDO,273,2026-03-11 00:00:00,,1,1110112000,,,,,,10895,N,,,,,,2026-03-11 00:00:00,
2026,274282,REDO,343,2026-03-11 00:00:00,,25,1110112000,,,,,,10858,N,,,,,,2026-03-11 00:00:00,
2026,274291,REDO,349,2026-03-11 00:00:00,,1,1110112000,,,,,,10891,N,,,,,,2026-03-11 00:00:00,
2026,274286,REDO,344,2026-03-11 00:00:00,,33,1110112000,,,,,,10879,N,,,,,,2026-03-11 00:00:00,
2026,274289,REPA,860,2026-03-11 00:00:00,860,,,,,,,,,,,,,,,2026-03-11 00:00:00,
2026,274302,REDO,347,2026-03-11 00:00:00,,1,1110112000,,,,,,10910,N,,,,,,2026-03-11 00:00:00,
2026,274300,REDO,356,2026-03-11 00:00:00,,1,1110112000,,,,,,10908,N,,,,,,2026-03-11 00:00:00,
2026,274093,REDO,308,2026-03-05 00:00:00,,4,1110112000,,,,,,10154,N,,,,,,2026-03-05 00:00:00,
2026,274084,DIN,51,2026-03-05 00:00:00,,1,1110112000,TESOR,,,,,10117,N,,,,,,2026-03-05 00:00:00,
2026,274096,REPA,770,2026-03-05 00:00:00,770,,,,,,,,,,,,,,,2026-03-05 00:00:00,
2026,274091,REDO,299,2026-03-05 00:00:00,,22,1110112000,,,,,,10143,N,,,,,,2026-03-05 00:00:00,
2026,274100,REPA,772,2026-03-05 00:00:00,772,,,,,,,,,,,,,,,2026-03-05 00:00:00,
2026,274097,REPA,771,2026-03-05 00:00:00,771,,,,,,,,,,,,,,,2026-03-05 00:00:00,
2026,274105,REPA,776,2026-03-05 00:00:00,776,,,,,,,,,,,,,,,2026-03-05 00:00:00,
2026,274106,REPA,777,2026-03-05 00:00:00,777,,,,,,,,,,,,,,,2026-03-05 00:00:00,
2026,274107,REPA,778,2026-03-05 00:00:00,778,,,,,,,,,,,,,,,2026-03-05 00:00:00,
2026,274108,REPA,779,2026-03-05 00:00:00,779,,,,,,,,,,,,,,,2026-03-05 00:00:00,
2026,274109,REPA,780,2026-03-05 00:00:00,780,,,,,,,,,,,,,,,2026-03-05 00:00:00,
2026,274121,REPA,784,2026-03-05 00:00:00,784,,,,,,,,,,,,,,,2026-03-05 00:00:00,
2026,274122,REPA,785,2026-03-05 00:00:00,785,,,,,,,,,,,,,,,2026-03-05 00:00:00,
2026,274126,REDO,323,2026-03-05 00:00:00,,1,1110112000,,,,,,10299,N,,,,,,2026-03-05 00:00:00,
2026,274127,REPA,787,2026-03-05 00:00:00,787,,,,,,,,,,,,,,,2026-03-05 00:00:00,
2026,274034,REPA,744,2026-03-04 00:00:00,744,,,,,,,,,,,,,,,2026-03-04 00:00:00,
2026,274035,REPA,745,2026-03-04 00:00:00,745,,,,,,,,,,,,,,,2026-03-04 00:00:00,
2026,274036,REPA,746,2026-03-04 00:00:00,746,,,,,,,,,,,,,,,2026-03-04 00:00:00,
2026,274037,REPA,747,2026-03-04 00:00:00,747,,,,,,,,,,,,,,,2026-03-04 00:00:00,
2026,274038,REPA,748,2026-03-04 00:00:00,748,,,,,,,,,,,,,,,2026-03-04 00:00:00,
2026,274039,REPA,749,2026-03-04 00:00:00,749,,,,,,,,,,,,,,,2026-03-04 00:00:00,
2026,274040,REPA,750,2026-03-04 00:00:00,750,,,,,,,,,,,,,,,2026-03-04 00:00:00,
2026,274041,REPA,751,2026-03-04 00:00:00,751,,,,,,,,,,,,,,,2026-03-04 00:00:00,
2026,274042,REPAD,751,2026-03-04 00:00:00,751,,,,,,,,,,,,,N,,2026-03-04 00:00:00,
2026,274043,REPA,752,2026-03-04 00:00:00,752,,,,,,,,,,,,,,,2026-03-04 00:00:00,
2026,274044,REPAD,752,2026-03-04 00:00:00,752,,,,,,,,,,,,,N,,2026-03-04 00:00:00,
2026,274045,REPA,753,2026-03-04 00:00:00,753,,,,,,,,,,,,,,,2026-03-04 00:00:00,
2026,274046,REPAD,753,2026-03-04 00:00:00,753,,,,,,,,,,,,,N,,2026-03-04 00:00:00,
2026,274047,REPA,754,2026-03-04 00:00:00,754,,,,,,,,,,,,,,,2026-03-04 00:00:00,
2026,274048,REPAD,754,2026-03-04 00:00:00,754,,,,,,,,,,,,,N,,2026-03-04 00:00:00,
2026,274049,REPA,755,2026-03-04 00:00:00,755,,,,,,,,,,,,,,,2026-03-04 00:00:00,
2026,274052,REPA,756,2026-03-04 00:00:00,756,,,,,,,,,,,,,,,2026-03-04 00:00:00,
2026,274056,REDO,290,2026-03-04 00:00:00,,22,1110112000,,,,,,9938,N,,,,,,2026-03-04 00:00:00,
2026,274054,REDO,298,2026-03-04 00:00:00,,4,1110112000,,,,,,9930,N,,,,,,2026-03-04 00:00:00,
2026,274073,REDO,316,2026-03-04 00:00:00,,1,1110112000,,,,,,10074,N,,,,,,2026-03-04 00:00:00,
2026,274060,DIN,50,2026-03-04 00:00:00,,1,1110112000,TESOR,,,,,9963,N,,,,,,2026-03-04 00:00:00,
2026,274062,REPA,759,2026-03-04 00:00:00,759,,,,,,,,,,,,,,,2026-03-04 00:00:00,
2026,273583,REPA,555,2026-02-18 00:00:00,555,,,,,,,,,,,,,,,2026-02-18 00:00:00,
2026,273581,REPA,553,2026-02-18 00:00:00,553,,,,,,,,,,,,,,,2026-02-18 00:00:00,
2026,273582,REPA,554,2026-02-18 00:00:00,554,,,,,,,,,,,,,,,2026-02-18 00:00:00,
2026,273584,REPA,556,2026-02-18 00:00:00,556,,,,,,,,,,,,,,,2026-02-18 00:00:00,
2026,273585,REPA,557,2026-02-18 00:00:00,557,,,,,,,,,,,,,,,2026-02-18 00:00:00,
2026,273586,REPA,558,2026-02-18 00:00:00,558,,,,,,,,,,,,,,,2026-02-18 00:00:00,
2026,273587,REPAD,558,2026-02-18 00:00:00,558,,,,,,,,,,,,,N,2,2026-02-18 00:00:00,
2026,273588,REPA,559,2026-02-18 00:00:00,559,,,,,,,,,,,,,,,2026-02-18 00:00:00,
2026,273589,REPAD,559,2026-02-18 00:00:00,559,,,,,,,,,,,,,N,2,2026-02-18 00:00:00,
2026,273594,REPA,561,2026-02-18 00:00:00,561,,,,,,,,,,,,,,,2026-02-18 00:00:00,
2026,273595,REPAD,561,2026-02-18 00:00:00,561,,,,,,,,,,,,,N,2,2026-02-18 00:00:00,
2026,273613,REPA,569,2026-02-18 00:00:00,569,,,,,,,,,,,,,,,2026-02-18 00:00:00,
2026,273614,REPAD,569,2026-02-18 00:00:00,569,,,,,,,,,,,,,N,2,2026-02-18 00:00:00,
2026,273615,REPA,570,2026-02-18 00:00:00,570,,,,,,,,,,,,,,,2026-02-18 00:00:00,
2026,273617,REPA,572,2026-02-18 00:00:00,572,,,,,,,,,,,,,,,2026-02-18 00:00:00,
2026,273618,REPA,573,2026-02-18 00:00:00,573,,,,,,,,,,,,,,,2026-02-18 00:00:00,
2026,273626,REPAD,564,2026-02-18 00:00:00,564,,,,,,,,,,,,,N,2,2026-02-18 00:00:00,
2026,274159,REDO,329,2026-03-06 00:00:00,,5,1110112000,,,,,,10398,N,,,,,,2026-03-06 00:00:00,
2026,273635,REDO,225,2026-02-19 00:00:00,,24,1110112000,,,,,,7754,N,,,,,,2026-02-18 00:00:00,
2026,273631,REDO,232,2026-02-19 00:00:00,,4,1110112000,,,,,,7750,N,,,,,,2026-02-18 00:00:00,
2026,273639,REDO,222,2026-02-19 00:00:00,,1,1110112000,,,,,,7759,N,,,,,,2026-02-18 00:00:00,
2026,273658,REDO,240,2026-02-19 00:00:00,,34,1110112000,,,,,,7802,N,,,,,,2026-02-19 00:00:00,
2026,273663,REDO,238,2026-02-19 00:00:00,,10,1110112000,,,,,,7809,N,,,,,,2026-02-19 00:00:00,
2026,273641,REDO,235,2026-02-19 00:00:00,,10,1110112000,,,,,,7761,N,,,,,,2026-02-18 00:00:00,
2026,273671,REDO,243,2026-02-19 00:00:00,,29,1110112000,,,,,,7852,N,,,,,,2026-02-19 00:00:00,
2026,273660,REDO,237,2026-02-19 00:00:00,,25,1110112000,,,,,,7804,N,,,,,,2026-02-19 00:00:00,
2026,273666,REDO,229,2026-02-19 00:00:00,,5,1110112000,,,,,,7820,N,,,,,,2026-02-18 00:00:00,
2026,273674,REPA,596,2026-02-19 00:00:00,596,,,,,,,,,,,,,,,2026-02-19 00:00:00,
2026,273668,DIN,39,2026-02-19 00:00:00,,1,1110112000,TESOR,,,,,7829,N,,,,,,2026-02-19 00:00:00,
2026,273728,REPA,623,2026-02-23 00:00:00,623,,,,,,,,,,,,,,,2026-02-23 00:00:00,
2026,273727,REPA,622,2026-02-23 00:00:00,622,,,,,,,,,,,,,,,2026-02-23 00:00:00,
2026,273729,REPA,624,2026-02-23 00:00:00,624,,,,,,,,,,,,,,,2026-02-23 00:00:00,
2026,273730,REPA,625,2026-02-23 00:00:00,625,,,,,,,,,,,,,,,2026-02-23 00:00:00,
2026,273731,REPA,626,2026-02-23 00:00:00,626,,,,,,,,,,,,,,,2026-02-23 00:00:00,
2026,273732,REPAD,626,2026-02-23 00:00:00,626,,,,,,,,,,,,,N,2,2026-02-23 00:00:00,
2026,273733,REPA,627,2026-02-23 00:00:00,627,,,,,,,,,,,,,,,2026-02-23 00:00:00,
2026,273734,REPA,628,2026-02-23 00:00:00,628,,,,,,,,,,,,,,,2026-02-23 00:00:00,
2026,273735,REPA,629,2026-02-23 00:00:00,629,,,,,,,,,,,,,,,2026-02-23 00:00:00,
2026,273736,REPAD,629,2026-02-23 00:00:00,629,,,,,,,,,,,,,N,2,2026-02-23 00:00:00,
2026,273741,REPA,630,2026-02-23 00:00:00,630,,,,,,,,,,,,,,,2026-02-23 00:00:00,
2026,273742,REPA,631,2026-02-23 00:00:00,631,,,,,,,,,,,,,,,2026-02-23 00:00:00,
2026,273743,REPA,632,2026-02-23 00:00:00,632,,,,,,,,,,,,,,,2026-02-23 00:00:00,
2026,273744,REPAD,632,2026-02-23 00:00:00,632,,,,,,,,,,,,,N,2,2026-02-23 00:00:00,
2026,273745,REPA,633,2026-02-23 00:00:00,633,,,,,,,,,,,,,,,2026-02-23 00:00:00,
2026,273746,REPAD,633,2026-02-23 00:00:00,633,,,,,,,,,,,,,N,2,2026-02-23 00:00:00,
2026,273747,REPA,634,2026-02-23 00:00:00,634,,,,,,,,,,,,,,,2026-02-23 00:00:00,
2026,273748,REPA,635,2026-02-23 00:00:00,635,,,,,,,,,,,,,,,2026-02-23 00:00:00,
2026,273547,REPA,539,2026-02-13 00:00:00,539,,,,,,,,,,,,,,,2026-02-13 00:00:00,
2026,273548,REPA,540,2026-02-13 00:00:00,540,,,,,,,,,,,,,,,2026-02-13 00:00:00,
2026,273549,REPAD,540,2026-02-13 00:00:00,540,,,,,,,,,,,,,N,2,2026-02-13 00:00:00,
2026,273550,REPA,541,2026-02-13 00:00:00,541,,,,,,,,,,,,,,,2026-02-13 00:00:00,
2026,273551,REPAD,541,2026-02-13 00:00:00,541,,,,,,,,,,,,,N,2,2026-02-13 00:00:00,
2026,273552,REPA,542,2026-02-13 00:00:00,542,,,,,,,,,,,,,,,2026-02-13 00:00:00,
2026,273553,REPA,543,2026-02-13 00:00:00,543,,,,,,,,,,,,,,,2026-02-13 00:00:00,
2026,273554,REPA,544,2026-02-13 00:00:00,544,,,,,,,,,,,,,,,2026-02-13 00:00:00,
2026,273564,REPA,547,2026-02-13 00:00:00,547,,,,,,,,,,,,,,,2026-02-13 00:00:00,
2026,273573,REDO,227,2026-02-13 00:00:00,,1,1110112000,,,,,,7364,N,,,,,,2026-02-13 00:00:00,
2026,273566,REDO,219,2026-02-13 00:00:00,,5,1110112000,,,,,,7312,N,,,,,,2026-02-13 00:00:00,
2026,273579,REDO,226,2026-02-13 00:00:00,,1,1110112000,,,,,,7370,N,,,,,,2026-02-13 00:00:00,
2026,274079,REPA,763,2026-03-05 00:00:00,763,,,,,,,,,,,,,,,2026-03-05 00:00:00,
2026,273575,REDO,221,2026-02-13 00:00:00,,22,1110112000,,,,,,7367,N,,,,,,2026-02-13 00:00:00,
2026,274080,REPAD,763,2026-03-05 00:00:00,763,,,,,,,,,,,,,N,,2026-03-05 00:00:00,
2026,274083,REPA,764,2026-03-05 00:00:00,764,,,,,,,,,,,,,,,2026-03-05 00:00:00,
2026,274085,REPA,765,2026-03-05 00:00:00,765,,,,,,,,,,,,,,,2026-03-05 00:00:00,
2026,274086,REPA,766,2026-03-05 00:00:00,766,,,,,,,,,,,,,,,2026-03-05 00:00:00,
2026,274087,REPA,767,2026-03-05 00:00:00,767,,,,,,,,,,,,,,,2026-03-05 00:00:00,
2026,274088,REPA,768,2026-03-05 00:00:00,768,,,,,,,,,,,,,,,2026-03-05 00:00:00,
2026,274089,REPA,769,2026-03-05 00:00:00,769,,,,,,,,,,,,,,,2026-03-05 00:00:00,
2026,274102,REPA,774,2026-03-05 00:00:00,774,,,,,,,,,,,,,,,2026-03-05 00:00:00,
2026,274099,REDO,304,2026-03-05 00:00:00,,24,1110112000,,,,,,10165,N,,,,,,2026-03-05 00:00:00,
2026,274101,REPA,773,2026-03-05 00:00:00,773,,,,,,,,,,,,,,,2026-03-05 00:00:00,
2026,274103,REPA,775,2026-03-05 00:00:00,775,,,,,,,,,,,,,,,2026-03-05 00:00:00,
2026,274104,REPAD,775,2026-03-05 00:00:00,775,,,,,,,,,,,,,N,,2026-03-05 00:00:00,
2026,274110,REPA,781,2026-03-05 00:00:00,781,,,,,,,,,,,,,,,2026-03-05 00:00:00,
2026,274111,REPAD,781,2026-03-05 00:00:00,781,,,,,,,,,,,,,N,,2026-03-05 00:00:00,
2026,274131,REDO,317,2026-03-05 00:00:00,,1,1110112000,,,,,,10321,N,,,,,,2026-03-05 00:00:00,
2026,274120,REDO,315,2026-03-05 00:00:00,,5,1110112000,,,,,,10258,N,,,,,,2026-03-05 00:00:00,
2026,274129,REDO,318,2026-03-05 00:00:00,,1,1110112000,,,,,,10312,N,,,,,,2026-03-05 00:00:00,
2026,273749,REPA,636,2026-02-23 00:00:00,636,,,,,,,,,,,,,,,2026-02-23 00:00:00,
2026,273750,REPA,637,2026-02-23 00:00:00,637,,,,,,,,,,,,,,,2026-02-23 00:00:00,
2026,273751,REPA,638,2026-02-23 00:00:00,638,,,,,,,,,,,,,,,2026-02-23 00:00:00,
2026,273752,REPA,639,2026-02-23 00:00:00,639,,,,,,,,,,,,,,,2026-02-23 00:00:00,
2026,273753,REPA,640,2026-02-23 00:00:00,640,,,,,,,,,,,,,,,2026-02-23 00:00:00,
2026,273754,REPA,641,2026-02-23 00:00:00,641,,,,,,,,,,,,,,,2026-02-23 00:00:00,
2026,273755,REPAD,641,2026-02-23 00:00:00,641,,,,,,,,,,,,,N,2,2026-02-23 00:00:00,
2026,273756,REPA,642,2026-02-23 00:00:00,642,,,,,,,,,,,,,,,2026-02-23 00:00:00,
2026,273757,REPA,643,2026-02-23 00:00:00,643,,,,,,,,,,,,,,,2026-02-23 00:00:00,
2026,273758,REPA,644,2026-02-23 00:00:00,644,,,,,,,,,,,,,,,2026-02-23 00:00:00,
2026,273759,REPA,645,2026-02-23 00:00:00,645,,,,,,,,,,,,,,,2026-02-23 00:00:00,
2026,273760,REPAD,645,2026-02-23 00:00:00,645,,,,,,,,,,,,,N,2,2026-02-23 00:00:00,
2026,273761,REPA,646,2026-02-23 00:00:00,646,,,,,,,,,,,,,,,2026-02-23 00:00:00,
2026,273762,REPAD,646,2026-02-23 00:00:00,646,,,,,,,,,,,,,N,2,2026-02-23 00:00:00,
2026,273763,REPA,647,2026-02-23 00:00:00,647,,,,,,,,,,,,,,,2026-02-23 00:00:00,
2026,273776,REDO,257,2026-02-23 00:00:00,,1,1110112000,,,,,,8357,N,,,,,,2026-02-23 00:00:00,
2026,273774,REDO,218,2026-02-23 00:00:00,,1,1110112000,,,,,,8348,N,,,,,,2026-02-23 00:00:00,
2026,273782,REPAD,623,2026-02-23 00:00:00,623,,,,,,,,,,,,,N,2,2026-02-23 00:00:00,
2026,273783,REPAD,628,2026-02-23 00:00:00,628,,,,,,,,,,,,,N,2,2026-02-23 00:00:00,
2026,273780,REDO,249,2026-02-23 00:00:00,,1,1110112000,,,,,,8372,N,,,,,,2026-02-23 00:00:00,
2026,273781,REPAD,622,2026-02-23 00:00:00,622,,,,,,,,,,,,,N,2,2026-02-23 00:00:00,
2026,273830,DIN,43,2026-02-25 00:00:00,,1,1110112000,TESOR,,,,,8661,N,,,,,,2026-02-25 00:00:00,
2026,273828,REDO,255,2026-02-25 00:00:00,,3,1110112000,,,,,,8652,N,,,,,,2026-02-23 00:00:00,
2026,273846,REDO,269,2026-02-25 00:00:00,,34,1110112000,,,,,,8728,N,,,,,,2026-02-25 00:00:00,
2026,273859,REDO,264,2026-02-25 00:00:00,,5,1110112000,,,,,,8768,N,,,,,,2026-02-24 00:00:00,
2026,273843,REDO,261,2026-02-25 00:00:00,,24,1110112000,,,,,,8725,N,,,,,,2026-02-25 00:00:00,
2026,273863,REDO,263,2026-02-25 00:00:00,,10,1110112000,,,,,,8789,N,,,,,,2026-02-25 00:00:00,
2026,273857,DIN,44,2026-02-25 00:00:00,,1,1110112000,TESOR,REDO,223,,,8764,R,,,,,,2026-02-25 00:00:00,
2026,273943,REDO,283,2026-02-27 00:00:00,,5,1110112000,,,,,,9230,N,,,,,,2026-02-26 00:00:00,
2026,273861,REDO,268,2026-02-25 00:00:00,,25,1110112000,,,,,,8787,N,,,,,,2026-02-25 00:00:00,
2026,273939,DIN,47,2026-02-27 00:00:00,,1,1110112000,TESOR,,,,,9103,N,,,,,,2026-02-27 00:00:00,
2026,273865,REDO,276,2026-02-25 00:00:00,,29,1110112000,,,,,,8826,N,,,,,,2026-02-25 00:00:00,
2026,273948,REPA,706,2026-02-27 00:00:00,706,,,,,,,,,,,,,,,2026-02-27 00:00:00,
2026,273949,REPA,707,2026-02-27 00:00:00,707,,,,,,,,,,,,,,,2026-02-27 00:00:00,
2026,273946,REDO,287,2026-02-27 00:00:00,,1,1110112000,,,,,,9232,N,,,,,,2026-02-26 00:00:00,
2026,273947,REPA,705,2026-02-27 00:00:00,705,,,,,,,,,,,,,,,2026-02-27 00:00:00,
2026,273950,REPA,708,2026-02-27 00:00:00,708,,,,,,,,,,,,,,,2026-02-27 00:00:00,
2026,273951,REPA,709,2026-02-27 00:00:00,709,,,,,,,,,,,,,,,2026-02-27 00:00:00,
2026,273952,REPA,710,2026-02-27 00:00:00,710,,,,,,,,,,,,,,,2026-02-27 00:00:00,
2026,273970,REDO,277,2026-02-27 00:00:00,,22,1110112000,,,,,,9464,N,,,,,,2026-02-27 00:00:00,
2026,273960,REDO,296,2026-02-27 00:00:00,,3,1110112000,,,,,,9329,N,,,,,,2026-02-27 00:00:00,
2026,274113,REPAD,782,2026-03-05 00:00:00,782,,,,,,,,,,,,,N,,2026-03-05 00:00:00,
2026,274112,REPA,782,2026-03-05 00:00:00,782,,,,,,,,,,,,,,,2026-03-05 00:00:00,
2026,274114,REPA,783,2026-03-05 00:00:00,783,,,,,,,,,,,,,,,2026-03-05 00:00:00,
2026,274115,REPAD,783,2026-03-05 00:00:00,783,,,,,,,,,,,,,N,,2026-03-05 00:00:00,
2026,274353,REPA,889,2026-03-13 00:00:00,889,,,,,,,,,,,,,,,2026-03-13 00:00:00,
2026,274354,REPAD,889,2026-03-13 00:00:00,889,,,,,,,,,,,,,N,,2026-03-13 00:00:00,
2026,274355,REPAD,889,2026-03-13 00:00:00,889,,,,,,,,,,,,,A,,2026-03-13 00:00:00,
2026,274356,REPA,890,2026-03-13 00:00:00,890,,,,,,,,,,,,,,,2026-03-13 00:00:00,
2026,274357,REPA,891,2026-03-13 00:00:00,891,,,,,,,,,,,,,,,2026-03-13 00:00:00,
2026,274358,REPAD,891,2026-03-13 00:00:00,891,,,,,,,,,,,,,N,,2026-03-13 00:00:00,
2026,274359,REPA,892,2026-03-13 00:00:00,892,,,,,,,,,,,,,,,2026-03-13 00:00:00,
2026,274360,REPAD,892,2026-03-13 00:00:00,892,,,,,,,,,,,,,N,,2026-03-13 00:00:00,
2026,274361,REPA,893,2026-03-13 00:00:00,893,,,,,,,,,,,,,,,2026-03-13 00:00:00,
2026,274362,REPA,894,2026-03-13 00:00:00,894,,,,,,,,,,,,,,,2026-03-13 00:00:00,
2026,274363,REPA,895,2026-03-13 00:00:00,895,,,,,,,,,,,,,,,2026-03-13 00:00:00,
2026,274364,REPAD,895,2026-03-13 00:00:00,895,,,,,,,,,,,,,N,,2026-03-13 00:00:00,
2026,274365,REPA,896,2026-03-13 00:00:00,896,,,,,,,,,,,,,,,2026-03-13 00:00:00,
2026,274366,REPAD,896,2026-03-13 00:00:00,896,,,,,,,,,,,,,N,,2026-03-13 00:00:00,
2026,274367,REPA,897,2026-03-13 00:00:00,897,,,,,,,,,,,,,,,2026-03-13 00:00:00,
2026,274368,REPA,898,2026-03-13 00:00:00,898,,,,,,,,,,,,,,,2026-03-13 00:00:00,
2026,274369,REPAD,898,2026-03-13 00:00:00,898,,,,,,,,,,,,,N,,2026-03-13 00:00:00,
2026,274370,REPA,899,2026-03-13 00:00:00,899,,,,,,,,,,,,,,,2026-03-13 00:00:00,
2026,274376,REPA,903,2026-03-13 00:00:00,903,,,,,,,,,,,,,,,2026-03-13 00:00:00,
2026,274393,REPA,912,2026-03-13 00:00:00,912,,,,,,,,,,,,,,,2026-03-13 00:00:00,
2026,274379,REDO,330,2026-03-13 00:00:00,,22,1110112000,,,,,,11236,N,,,,,,2026-03-13 00:00:00,
2026,274392,REPA,911,2026-03-13 00:00:00,911,,,,,,,,,,,,,,,2026-03-13 00:00:00,
2026,274398,REPAD,903,2026-03-13 00:00:00,903,,,,,,,,,,,,,N,,2026-03-13 00:00:00,
2026,274448,DIN,60,2026-03-17 00:00:00,,1,1110112000,TESOR,,,,,11592,N,,,,,,2026-03-17 00:00:00,
2026,274287,REPAD,857,2026-03-11 00:00:00,857,,,,,,,,,,,,,A,,2026-03-11 00:00:00,
