SEC_MOV_EX_REC,EJERCICIO,FECH_MOV,DOCU_TIPO,DOCU_NRO,JURISDICCION,CODIGO_AXT,IMPORTE
237065,2026,2026-02-20 00:00:00,GAN,1183,1110107000,74001,81606.6
237066,2026,2026-02-20 00:00:00,INGB,1184,1110107000,74004,54963.9
236802,2026,2026-02-09 00:00:00,GAN,1084,1110107000,74001,2510.82
236803,2026,2026-02-09 00:00:00,GAN,1017,1110107000,74001,15738.0
236804,2026,2026-02-09 00:00:00,INGB,1018,1110107000,74004,15442.8
236805,2026,2026-02-09 00:00:00,INGB,1095,1110107000,74004,9848.4
236806,2026,2026-02-09 00:00:00,GAN,1094,1110107000,74001,16414.0
236807,2026,2026-02-09 00:00:00,GAN,1097,1110107000,74001,18352.0
236808,2026,2026-02-09 00:00:00,INGB,1098,1110107000,74004,11011.2
236809,2026,2026-02-09 00:00:00,GAN,1099,1110107000,74001,16530.0
236810,2026,2026-02-09 00:00:00,INGB,1100,1110107000,74004,9918.0
237102,2026,2026-02-24 00:00:00,REDO,258,1110112000,71012,727776.0
237113,2026,2026-02-24 00:00:00,DIN,42,1110112000,71022,1000000.0
237062,2026,2026-02-20 00:00:00,GAN,693,1110107000,74001,9112.61
237063,2026,2026-02-20 00:00:00,SUSS.,1260,1110104000,74023,4654.24
237064,2026,2026-02-20 00:00:00,SUSS.,1259,1110104000,74023,3942.08
236796,2026,2026-02-06 00:00:00,GAN,1016,1110107000,74001,1520.66
236798,2026,2026-02-06 00:00:00,REDO,167,1110112000,71018,89100.0
236837,2026,2026-02-12 00:00:00,INGB,1105,1110107000,74004,2532.0
236838,2026,2026-02-12 00:00:00,INGB,1104,1110107000,74004,4392.0
236839,2026,2026-02-12 00:00:00,INGB,1103,1110107000,74004,608.0
236840,2026,2026-02-12 00:00:00,INGB,1145,1110107000,74004,3351.0
236841,2026,2026-02-12 00:00:00,INGB,1175,1110107000,74004,9718.8
236842,2026,2026-02-12 00:00:00,GAN,1174,1110107000,74001,16198.08
236843,2026,2026-02-12 00:00:00,INGB,1173,1110107000,74004,8532.3
236844,2026,2026-02-12 00:00:00,GAN,1172,1110107000,74001,14220.57
236845,2026,2026-02-12 00:00:00,INGB,1188,1110102000,74004,192.0
236846,2026,2026-02-12 00:00:00,REDO,200,1110112000,71021,130132.9
236847,2026,2026-02-12 00:00:00,IOMA,1191,1110105000,74007,56039.04
236848,2026,2026-02-12 00:00:00,IPS,1190,1110105000,74006,186796.8
236855,2026,2026-02-12 00:00:00,GAN,1194,1110104000,74001,14930.59
236856,2026,2026-02-12 00:00:00,INGB,1195,1110104000,74004,18099.6
236857,2026,2026-02-12 00:00:00,GAN,1192,1110104000,74001,4137.96
236858,2026,2026-02-12 00:00:00,INGB,1193,1110104000,74004,3004.1
236859,2026,2026-02-12 00:00:00,INGB,686,1110109000,74004,3529.4
236860,2026,2026-02-12 00:00:00,GAN,684,1110108000,74001,675.48
236861,2026,2026-02-12 00:00:00,GAN,1186,1110102000,74001,3428.69
236862,2026,2026-02-12 00:00:00,INGB,1187,1110102000,74004,2489.2
236863,2026,2026-02-12 00:00:00,GAN,685,1110109000,74001,4861.49
236864,2026,2026-02-12 00:00:00,INGB,596,1110107000,74004,2844.9
236865,2026,2026-02-12 00:00:00,GAN,688,1110107000,74001,7520.42
236866,2026,2026-02-12 00:00:00,GAN,1181,1110107000,74001,1961.52
236867,2026,2026-02-12 00:00:00,INGB,689,1110107000,74004,4512.2
236868,2026,2026-02-12 00:00:00,INGB,1182,1110107000,74004,5210.8
236869,2026,2026-02-12 00:00:00,GAN,595,1110107000,74001,4741.56
237548,2026,2026-03-06 00:00:00,GAN,1681,1110103000,74001,110882.32
237549,2026,2026-03-06 00:00:00,GAN,1102,1110118000,74001,9639.93
237550,2026,2026-03-06 00:00:00,REDO,324,1110112000,71018,96000.0
237587,2026,2026-03-10 00:00:00,GAN,1682,1110107000,74001,33000.0
237588,2026,2026-03-10 00:00:00,GAN,1685,1110106000,74001,1588065.12
237589,2026,2026-03-10 00:00:00,GAN,1683,1110106000,74001,102426.45
237590,2026,2026-03-10 00:00:00,INGB,1684,1110106000,74004,96141.6
237591,2026,2026-03-10 00:00:00,INGB,1686,1110106000,74004,1152935.2
237730,2026,2026-03-17 00:00:00,INGB,1771,1110107000,74004,1860.0
237731,2026,2026-03-17 00:00:00,GAN,1770,1110107000,74001,1860.0
237732,2026,2026-03-17 00:00:00,SUSS.,1772,1110107000,74023,930.0
237628,2026,2026-03-12 00:00:00,INGB,1679,1110109000,74004,26804.0
237629,2026,2026-03-12 00:00:00,SUSS.,1680,1110109000,74023,18460.12
237630,2026,2026-03-12 00:00:00,GAN,1678,1110109000,74001,6920.24
237654,2026,2026-03-13 00:00:00,INGB,1825,1110105000,74004,3890.4
237655,2026,2026-03-13 00:00:00,INGB,1800,1110112000,74004,30371.3
237656,2026,2026-03-13 00:00:00,GAN,1813,1110118000,74001,77700.79
237657,2026,2026-03-13 00:00:00,INGB,1814,1110118000,74004,26325.0
237658,2026,2026-03-13 00:00:00,SUSS.,1815,1110118000,74023,38850.4
237666,2026,2026-03-13 00:00:00,REDO,353,1110112000,72002,281683.17
237667,2026,2026-03-13 00:00:00,REDO,353,1110112000,72007,-273336.76
237668,2026,2026-03-13 00:00:00,REDO,361,1110112000,71018,89200.0
237561,2026,2026-03-09 00:00:00,GAN,1317,1110104000,74001,25350.36
237562,2026,2026-03-09 00:00:00,SUSS.,1318,1110104000,74023,12675.18
237563,2026,2026-03-09 00:00:00,GAN,1293,1110104000,74001,10189.04
237564,2026,2026-03-09 00:00:00,SUSS.,1294,1110104000,74023,15094.52
237566,2026,2026-03-09 00:00:00,GAN,1314,1110107000,74001,78481.2
237567,2026,2026-03-09 00:00:00,INGB,1315,1110107000,74004,65088.7
237568,2026,2026-03-09 00:00:00,SUSS.,1316,1110107000,74023,54240.6
237570,2026,2026-03-09 00:00:00,GAN,1306,1110104000,74001,2014.2
237571,2026,2026-03-09 00:00:00,SUSS.,1298,1110104000,74023,1193.62
237572,2026,2026-03-09 00:00:00,GAN,1304,1110104000,74001,2466.62
237573,2026,2026-03-09 00:00:00,SUSS.,1307,1110104000,74023,1007.1
237574,2026,2026-03-09 00:00:00,GAN,1310,1110104000,74001,7788.82
237575,2026,2026-03-09 00:00:00,SUSS.,1311,1110104000,74023,3894.41
237576,2026,2026-03-09 00:00:00,SUSS.,1299,1110104000,74023,591.3
237577,2026,2026-03-09 00:00:00,SUSS.,1305,1110104000,74023,1233.31
237578,2026,2026-03-09 00:00:00,GAN,1301,1110107000,74001,52497.5
237579,2026,2026-03-09 00:00:00,SUSS.,1303,1110107000,74023,34663.2
237580,2026,2026-03-09 00:00:00,INGB,1302,1110107000,74004,41595.8
237692,2026,2026-03-17 00:00:00,REDO,351,1110112000,71021,2312108.9
237693,2026,2026-03-17 00:00:00,INGB,1834,1110111000,74004,5260.0
237694,2026,2026-03-17 00:00:00,INGB,1836,1110104000,74004,10000.0
237695,2026,2026-03-17 00:00:00,INGB,1835,1110104000,74004,3400.0
237696,2026,2026-03-17 00:00:00,INGB,1837,1110104000,74004,800.0
237697,2026,2026-03-17 00:00:00,INGB,1839,1110104000,74004,320.0
237698,2026,2026-03-17 00:00:00,GAN,1626,1110107000,74001,1148.49
237699,2026,2026-03-17 00:00:00,GAN,1629,1110107000,74001,405.67
237700,2026,2026-03-17 00:00:00,GAN,1654,1110107000,74001,450.0
237701,2026,2026-03-17 00:00:00,GAN,1622,1110107000,74001,1645.09
237702,2026,2026-03-17 00:00:00,GAN,1630,1110107000,74001,663.0
237703,2026,2026-03-17 00:00:00,GAN,1658,1110107000,74001,1373.2
237704,2026,2026-03-17 00:00:00,GAN,1659,1110107000,74001,1473.01
237705,2026,2026-03-17 00:00:00,GAN,1624,1110107000,74001,943.66
237706,2026,2026-03-17 00:00:00,GAN,1651,1110107000,74001,924.0
237707,2026,2026-03-17 00:00:00,GAN,1656,1110107000,74001,1098.5
237708,2026,2026-03-17 00:00:00,SUSS.,1738,1110109000,74023,2561.98
237709,2026,2026-03-17 00:00:00,SUSS.,1736,1110118000,74023,2685.95
237710,2026,2026-03-17 00:00:00,INGB,1735,1110118000,74004,6500.0
237711,2026,2026-03-17 00:00:00,INGB,1737,1110109000,74004,6200.0
237712,2026,2026-03-17 00:00:00,INGB,1774,1110107000,74004,13808.0
237713,2026,2026-03-17 00:00:00,SUSS.,1775,1110107000,74023,6904.0
237714,2026,2026-03-17 00:00:00,GAN,1773,1110107000,74001,13808.0
237715,2026,2026-03-17 00:00:00,GAN,1725,1110107000,74001,1800.0
237716,2026,2026-03-17 00:00:00,GAN,641,1110107000,74001,1050.0
237717,2026,2026-03-17 00:00:00,GAN,642,1110107000,74001,8120.0
237718,2026,2026-03-17 00:00:00,GAN,664,1110107000,74001,8400.0
237719,2026,2026-03-17 00:00:00,INGB,665,1110107000,74004,4914.0
237720,2026,2026-03-17 00:00:00,INGB,667,1110107000,74004,3528.0
237721,2026,2026-03-17 00:00:00,GAN,670,1110107000,74001,3970.0
237722,2026,2026-03-17 00:00:00,INGB,640,1110107000,74004,4830.0
237723,2026,2026-03-17 00:00:00,GAN,666,1110107000,74001,5880.0
237724,2026,2026-03-17 00:00:00,GAN,637,1110107000,74001,1470.0
237725,2026,2026-03-17 00:00:00,GAN,639,1110107000,74001,8050.0
237726,2026,2026-03-17 00:00:00,GAN,661,1110107000,74001,7640.0
237727,2026,2026-03-17 00:00:00,INGB,662,1110107000,74004,4584.0
237728,2026,2026-03-17 00:00:00,INGB,643,1110107000,74004,4872.0
237729,2026,2026-03-17 00:00:00,REDO,374,1110112000,71018,125400.0
237581,2026,2026-03-09 00:00:00,INGB,1287,1110107000,74004,2896.0
237582,2026,2026-03-09 00:00:00,GAN,1286,1110107000,74001,42400.0
237512,2026,2026-03-05 00:00:00,SUSS.,1347,1110104000,74023,3161.45
237513,2026,2026-03-05 00:00:00,GAN,1348,1110104000,74001,61448.24
237514,2026,2026-03-05 00:00:00,GAN,1594,1110104000,74001,8817.45
237515,2026,2026-03-05 00:00:00,GAN,1596,1110104000,74001,6732.74
237516,2026,2026-03-05 00:00:00,GAN,1609,1110104000,74001,7406.03
237517,2026,2026-03-05 00:00:00,GAN,1615,1110104000,74001,9596.34
237518,2026,2026-03-05 00:00:00,GAN,1351,1110104000,74001,26944.66
237519,2026,2026-03-05 00:00:00,SUSS.,1597,1110104000,74023,3366.37
237520,2026,2026-03-05 00:00:00,INGB,1605,1110104000,74004,36174.5
237521,2026,2026-03-05 00:00:00,SUSS.,1600,1110104000,74023,24235.09
237522,2026,2026-03-05 00:00:00,SUSS.,1616,1110104000,74023,4798.17
237523,2026,2026-03-05 00:00:00,GAN,1346,1110104000,74001,6322.91
237524,2026,2026-03-05 00:00:00,INGB,1352,1110104000,74004,19561.8
237525,2026,2026-03-05 00:00:00,SUSS.,1595,1110104000,74023,4408.73
237526,2026,2026-03-05 00:00:00,SUSS.,1610,1110104000,74023,3703.02
237527,2026,2026-03-05 00:00:00,GAN,1611,1110104000,74001,9699.21
237528,2026,2026-03-05 00:00:00,GAN,1613,1110104000,74001,10046.39
237529,2026,2026-03-05 00:00:00,GAN,1344,1110104000,74001,9133.09
237530,2026,2026-03-05 00:00:00,GAN,1354,1110104000,74001,28487.9
237531,2026,2026-03-05 00:00:00,INGB,1355,1110104000,74004,20682.2
237532,2026,2026-03-05 00:00:00,SUSS.,1356,1110104000,74023,14243.95
237533,2026,2026-03-05 00:00:00,GAN,1607,1110104000,74001,6955.21
237534,2026,2026-03-05 00:00:00,SUSS.,1608,1110104000,74023,3477.6
237535,2026,2026-03-05 00:00:00,SUSS.,1612,1110104000,74023,4849.6
237536,2026,2026-03-05 00:00:00,SUSS.,1614,1110104000,74023,5023.2
237537,2026,2026-03-05 00:00:00,GAN,1617,1110104000,74001,18960.11
237538,2026,2026-03-05 00:00:00,SUSS.,1618,1110104000,74023,9480.05
237539,2026,2026-03-05 00:00:00,GAN,1598,1110104000,74001,48470.19
237540,2026,2026-03-05 00:00:00,GAN,1604,1110104000,74001,49827.2
237541,2026,2026-03-05 00:00:00,SUSS.,1606,1110104000,74023,24913.6
237542,2026,2026-03-05 00:00:00,SUSS.,1345,1110104000,74023,4566.55
237543,2026,2026-03-05 00:00:00,INGB,1349,1110104000,74004,44611.4
237544,2026,2026-03-05 00:00:00,SUSS.,1350,1110104000,74023,30724.12
237545,2026,2026-03-05 00:00:00,SUSS.,1353,1110104000,74023,13472.33
237546,2026,2026-03-05 00:00:00,INGB,1599,1110104000,74004,35189.3
236812,2026,2026-02-10 00:00:00,GAN,1091,1110107000,74001,6589.71
236813,2026,2026-02-10 00:00:00,GAN,1093,1110107000,74001,341.77
236814,2026,2026-02-10 00:00:00,GAN,1092,1110107000,74001,6251.5
236887,2026,2026-02-18 00:00:00,DIN,38,1110112000,71022,1130000.0
236888,2026,2026-02-18 00:00:00,DIN,38,1110112000,71022,1130000.0
236889,2026,2026-02-18 00:00:00,DIN,38,1110112000,71022,-1130000.0
236980,2026,2026-02-18 00:00:00,REDO,212,1110112000,71021,17258.4
237041,2026,2026-02-19 00:00:00,GAN,1217,1110112000,74001,49504.13
236799,2026,2026-02-09 00:00:00,INGB,1088,1110107000,74004,8712.0
236800,2026,2026-02-09 00:00:00,GAN,1087,1110107000,74001,4520.0
236801,2026,2026-02-09 00:00:00,REDO,180,1110112000,71021,6039.1
236811,2026,2026-02-09 00:00:00,REDO,191,1110112000,71018,73600.0
237042,2026,2026-02-19 00:00:00,INGB,1218,1110112000,74004,2880.0
237043,2026,2026-02-19 00:00:00,INGB,1216,1110118000,74004,4551.5
237067,2026,2026-02-20 00:00:00,REDO,251,1110112000,71018,120000.0
237070,2026,2026-02-20 00:00:00,REDO,247,1110112000,71012,567000.0
237071,2026,2026-02-20 00:00:00,REDO,247,1110112000,71012,-567000.0
237130,2026,2026-02-25 00:00:00,SUSS.,1222,1110107000,74023,316.7
237131,2026,2026-02-25 00:00:00,SUSS.,1225,1110107000,74023,1710.0
237132,2026,2026-02-25 00:00:00,GAN,1232,1110107000,74001,7205.0
237133,2026,2026-02-25 00:00:00,SUSS.,1239,1110107000,74023,57.19
237213,2026,2026-02-27 00:00:00,GAN,1324,1110104000,74001,102767.12
237214,2026,2026-02-27 00:00:00,GAN,1322,1110104000,74001,78522.7
237215,2026,2026-02-27 00:00:00,SUSS.,1323,1110104000,74023,49585.98
237216,2026,2026-02-27 00:00:00,SUSS.,1325,1110104000,74023,51383.56
236797,2026,2026-02-06 00:00:00,REDO,174,1110112000,71021,1556642.45
237482,2026,2026-03-04 00:00:00,GAN,1621,1110107000,74001,519.2
237483,2026,2026-03-04 00:00:00,GAN,1627,1110107000,74001,11864.68
237484,2026,2026-03-04 00:00:00,GAN,1649,1110107000,74001,462.44
237485,2026,2026-03-04 00:00:00,GAN,1653,1110107000,74001,945.41
237486,2026,2026-03-04 00:00:00,GAN,1628,1110107000,74001,9179.0
237487,2026,2026-03-04 00:00:00,GAN,1660,1110107000,74001,8235.49
237488,2026,2026-03-04 00:00:00,GAN,1620,1110107000,74001,9317.11
237489,2026,2026-03-04 00:00:00,GAN,1648,1110107000,74001,1072.69
237585,2026,2026-03-10 00:00:00,SUSS.,1687,1110101000,74023,2396.69
237597,2026,2026-03-12 00:00:00,GAN,1689,1110107000,74001,8600.0
237598,2026,2026-03-12 00:00:00,INGB,1690,1110107000,74004,2580.0
237599,2026,2026-03-12 00:00:00,INGB,1734,1110104000,74004,8694.0
237600,2026,2026-03-12 00:00:00,SUSS.,1699,1110106000,74023,220.7
237601,2026,2026-03-12 00:00:00,INGB,1698,1110106000,74004,160.2
237602,2026,2026-03-12 00:00:00,GAN,1731,1110103000,74001,101474.38
237603,2026,2026-03-12 00:00:00,INGB,1732,1110103000,74004,318168.0
237604,2026,2026-03-12 00:00:00,SUSS.,1733,1110103000,74023,65737.19
237605,2026,2026-03-12 00:00:00,INGB,1694,1110113000,74004,814.4
237606,2026,2026-03-12 00:00:00,INGB,1696,1110106000,74004,561.9
237607,2026,2026-03-12 00:00:00,SUSS.,1695,1110113000,74023,1121.85
237608,2026,2026-03-12 00:00:00,INGB,1700,1110113000,74004,427.1
237609,2026,2026-03-12 00:00:00,SUSS.,1701,1110113000,74023,588.36
237610,2026,2026-03-12 00:00:00,SUSS.,1697,1110106000,74023,774.08
237611,2026,2026-03-12 00:00:00,SUSS.,1670,1110107000,74023,11400.0
237612,2026,2026-03-12 00:00:00,GARAN,1671,1110107000,71001,40000.0
237689,2026,2026-03-16 00:00:00,INGB,1852,1110104000,74004,14740.3
237134,2026,2026-02-25 00:00:00,GAN,1237,1110107000,74001,2048.0
237135,2026,2026-02-25 00:00:00,SUSS.,1221,1110107000,74023,2280.0
237136,2026,2026-02-25 00:00:00,SUSS.,1231,1110107000,74023,3700.0
237137,2026,2026-02-25 00:00:00,SUSS.,1238,1110107000,74023,1024.0
237138,2026,2026-02-25 00:00:00,SUSS.,1224,1110107000,74023,1259.48
237139,2026,2026-02-25 00:00:00,GAN,1230,1110107000,74001,7399.99
237140,2026,2026-02-25 00:00:00,GAN,1234,1110107000,74001,770.26
237141,2026,2026-02-25 00:00:00,SUSS.,1233,1110107000,74023,3602.5
237142,2026,2026-02-25 00:00:00,SUSS.,1235,1110107000,74023,385.13
237143,2026,2026-02-25 00:00:00,SUSS.,1220,1110107000,74023,5269.01
237145,2026,2026-02-25 00:00:00,GAN,1278,1110107000,74001,15400.0
237151,2026,2026-02-25 00:00:00,REDO,265,1110112000,71012,-76500.0
237461,2026,2026-03-02 00:00:00,REDO,301,1110112000,71018,78000.0
236784,2026,2026-02-05 00:00:00,GAN,1002,1110107000,74001,29007.4
236785,2026,2026-02-05 00:00:00,GAN,476,1110112000,74001,1502.31
236786,2026,2026-02-05 00:00:00,GAN,475,1110107000,74001,34414.88
236787,2026,2026-02-05 00:00:00,INGB,998,1110107000,74004,3948.0
236788,2026,2026-02-05 00:00:00,GAN,1000,1110107000,74001,6560.0
236789,2026,2026-02-05 00:00:00,GAN,999,1110107000,74001,1980.0
236790,2026,2026-02-05 00:00:00,INGB,1001,1110107000,74004,3936.0
236791,2026,2026-02-05 00:00:00,GAN,1010,1110107000,74001,43848.0
236792,2026,2026-02-05 00:00:00,GAN,1011,1110107000,74001,228640.0
236793,2026,2026-02-05 00:00:00,SUSS.,1012,1110107000,74023,114320.0
236794,2026,2026-02-05 00:00:00,GAN,1009,1110107000,74001,41431.15
236873,2026,2026-02-13 00:00:00,EMBA,1212,1110108000,74003,132249.39
236874,2026,2026-02-13 00:00:00,EMBA,1213,1110105000,74003,45531.97
236875,2026,2026-02-13 00:00:00,EMBA,1210,1110104000,74003,152743.21
236876,2026,2026-02-13 00:00:00,EMBA,1211,1110118000,74003,32158.45
236878,2026,2026-02-13 00:00:00,REDO,223,1110112000,71017,1204992.0
237115,2026,2026-02-24 00:00:00,GAN,1096,1110107000,74001,2122.2
237116,2026,2026-02-24 00:00:00,GAN,1106,1110107000,74001,2363.82
237117,2026,2026-02-24 00:00:00,GAN,1276,1110107000,74001,389582.62
237118,2026,2026-02-24 00:00:00,SUSS.,1277,1110107000,74023,209791.31
237129,2026,2026-02-24 00:00:00,REDO,258,1110112000,71012,-727776.0
237144,2026,2026-02-25 00:00:00,REDO,271,1110112000,71021,2922069.81
237146,2026,2026-02-25 00:00:00,SUSS.,1281,1110107000,74023,99.8
237147,2026,2026-02-25 00:00:00,SUSS.,1280,1110107000,74023,81.1
237148,2026,2026-02-25 00:00:00,SUSS.,1279,1110107000,74023,4230.0
237462,2026,2026-03-03 00:00:00,REDO,295,1110112000,71021,788273.4
237463,2026,2026-03-03 00:00:00,SUSS.,1647,1110118000,74023,3505.26
237464,2026,2026-03-03 00:00:00,GAN,1336,1110118000,74001,19680.0
237465,2026,2026-03-03 00:00:00,INGB,1337,1110118000,74004,36067.6
237466,2026,2026-03-03 00:00:00,REDO,307,1110112000,71017,1814400.0
237592,2026,2026-03-10 00:00:00,INGB,1705,1110106000,74004,1020.0
237068,2026,2026-02-20 00:00:00,REDO,251,1110112000,71018,120000.0
237069,2026,2026-02-20 00:00:00,REDO,251,1110112000,71018,-120000.0
237044,2026,2026-02-19 00:00:00,GAN,1108,1110118000,74001,190390.91
237045,2026,2026-02-19 00:00:00,GAN,1109,1110111000,74001,133140.5
237046,2026,2026-02-19 00:00:00,IOMA,1258,1110106000,74007,9110.88
237047,2026,2026-02-19 00:00:00,IOMA,1252,1110112000,74007,49102.08
237048,2026,2026-02-19 00:00:00,IPS,1243,1110113000,74006,10214.4
237049,2026,2026-02-19 00:00:00,IPS,1257,1110106000,74006,26573.4
237050,2026,2026-02-19 00:00:00,IPS,1251,1110112000,74006,143214.4
237051,2026,2026-02-19 00:00:00,IPS,1253,1110102000,74006,16545.2
237052,2026,2026-02-19 00:00:00,IOMA,1254,1110102000,74007,5672.64
237053,2026,2026-02-19 00:00:00,IPS,1255,1110106000,74006,7767.2
237054,2026,2026-02-19 00:00:00,IOMA,1248,1110117000,74007,7679.04
237055,2026,2026-02-19 00:00:00,IOMA,1256,1110106000,74007,2663.04
237056,2026,2026-02-19 00:00:00,IOMA,1250,1110102000,74007,9138.24
237057,2026,2026-02-19 00:00:00,IPS,1247,1110117000,74006,22397.2
237058,2026,2026-02-19 00:00:00,IOMA,1246,1110118000,74007,8463.36
237059,2026,2026-02-19 00:00:00,IPS,1249,1110102000,74006,26653.2
237060,2026,2026-02-19 00:00:00,IOMA,1244,1110113000,74007,3502.08
237061,2026,2026-02-19 00:00:00,IPS,1245,1110118000,74006,24684.8
237181,2026,2026-02-26 00:00:00,GAN,1158,1110107000,74001,45410.64
237182,2026,2026-02-26 00:00:00,INGB,1163,1110107000,74004,7903.9
237183,2026,2026-02-26 00:00:00,GAN,1164,1110107000,74001,41416.35
237184,2026,2026-02-26 00:00:00,INGB,1148,1110107000,74004,26802.9
237185,2026,2026-02-26 00:00:00,INGB,1161,1110107000,74004,10714.1
237186,2026,2026-02-26 00:00:00,INGB,1131,1110107000,74004,17837.5
237187,2026,2026-02-26 00:00:00,INGB,1165,1110107000,74004,24849.8
237188,2026,2026-02-26 00:00:00,GAN,1153,1110107000,74001,9395.51
237189,2026,2026-02-26 00:00:00,INGB,1154,1110107000,74004,5562.6
237190,2026,2026-02-26 00:00:00,GAN,1162,1110107000,74001,13173.27
237191,2026,2026-02-26 00:00:00,GAN,1130,1110107000,74001,22976.77
237192,2026,2026-02-26 00:00:00,GAN,1147,1110107000,74001,44671.62
237193,2026,2026-02-26 00:00:00,INGB,1159,1110107000,74004,27127.3
237194,2026,2026-02-26 00:00:00,GAN,1160,1110107000,74001,17856.92
237551,2026,2026-03-09 00:00:00,GAN,1672,1110107000,74001,760.0
237552,2026,2026-03-09 00:00:00,GAN,1673,1110107000,74001,400.0
237553,2026,2026-03-09 00:00:00,SUSS.,1676,1110118000,74023,16346.51
237554,2026,2026-03-09 00:00:00,INGB,1675,1110118000,74004,23735.1
237555,2026,2026-03-09 00:00:00,GAN,1674,1110118000,74001,2693.02
237556,2026,2026-03-09 00:00:00,SUSS.,1309,1110104000,74023,6303.76
237557,2026,2026-03-09 00:00:00,SUSS.,1300,1110104000,74023,4800.63
237558,2026,2026-03-09 00:00:00,GAN,1308,1110104000,74001,12607.52
237559,2026,2026-03-09 00:00:00,GAN,1312,1110104000,74001,3462.18
237560,2026,2026-03-09 00:00:00,SUSS.,1313,1110104000,74023,1731.09
237565,2026,2026-03-09 00:00:00,GAN,1189,1110107000,74001,22419.34
237569,2026,2026-03-09 00:00:00,GARAN,1671,1110107000,71001,40000.0
237583,2026,2026-03-09 00:00:00,GARAN,1671,1110107000,71001,-40000.0
237584,2026,2026-03-09 00:00:00,REDO,335,1110112000,71018,281200.0
236783,2026,2026-02-04 00:00:00,GAN,1013,1110106000,74001,1255.36
237659,2026,2026-03-13 00:00:00,GAN,1667,1110107000,74001,30000.0
237660,2026,2026-03-13 00:00:00,INGB,1669,1110107000,74004,36000.0
237661,2026,2026-03-13 00:00:00,GARAN,1668,1110107000,71001,150000.0
237281,2026,2026-02-27 00:00:00,IPS,1563,1110117000,74006,2602541.55
237282,2026,2026-02-27 00:00:00,CAS,1569,1110117000,74015,53853.55
237283,2026,2026-02-27 00:00:00,SIND,1407,1110118000,74009,204281.2
237284,2026,2026-02-27 00:00:00,GAN,1370,1110118000,74001,15311.17
237285,2026,2026-02-27 00:00:00,CAS,1375,1110118000,74015,584261.48
237286,2026,2026-02-27 00:00:00,IPS,1530,1110200000,74006,3054884.3
237287,2026,2026-02-27 00:00:00,TASAS,1439,1110101000,74010,22604.6
237288,2026,2026-02-27 00:00:00,CAS,1441,1110101000,74015,30991.66
237289,2026,2026-02-27 00:00:00,IPS,1502,1110102000,74006,813527.53
237290,2026,2026-02-27 00:00:00,TASAS,1428,1110102000,74010,25311.84
237291,2026,2026-02-27 00:00:00,IOMA,1412,1110103000,74007,803244.63
237292,2026,2026-02-27 00:00:00,CAS,1416,1110103000,74015,91941.32
237293,2026,2026-02-27 00:00:00,CAS,1556,1110104000,74015,3294769.78
237294,2026,2026-02-27 00:00:00,SIND,1478,1110104000,74009,331583.91
237295,2026,2026-02-27 00:00:00,FOS,1480,1110104000,74013,6583.91
237296,2026,2026-02-27 00:00:00,IPS,1543,1110104000,74006,1020841.9
237297,2026,2026-02-27 00:00:00,FOS,1403,1110105000,74013,25033.96
237298,2026,2026-02-27 00:00:00,IPS,1388,1110105000,74006,1163839.82
237299,2026,2026-02-27 00:00:00,CAS,1456,1110106000,74015,263315.15
237300,2026,2026-02-27 00:00:00,LMC,1459,1110106000,74888,6250.0
237301,2026,2026-02-27 00:00:00,IOMA,1495,1110108000,74007,460953.31
237302,2026,2026-02-27 00:00:00,SIND,1497,1110108000,74009,4816.01
237303,2026,2026-02-27 00:00:00,EMBA,1509,1110109000,74003,50151.0
237304,2026,2026-02-27 00:00:00,SIND,1526,1110111000,74009,168008.9
237305,2026,2026-02-27 00:00:00,FOS,1529,1110111000,74013,22808.9
237306,2026,2026-02-27 00:00:00,SIND,1515,1110113000,74009,2840929.38
237307,2026,2026-02-27 00:00:00,TASAS,1386,1110115000,74010,298416.99
237308,2026,2026-02-27 00:00:00,IPS,1471,1110118000,74006,409313.11
237309,2026,2026-02-27 00:00:00,IPS,1585,1110118000,74006,1073053.32
237310,2026,2026-02-27 00:00:00,IOMA,1462,1110118000,74007,950975.02
237311,2026,2026-02-27 00:00:00,SIND,1463,1110118000,74009,745747.21
237312,2026,2026-02-27 00:00:00,IPS,1368,1110118000,74006,7916431.25
237313,2026,2026-02-27 00:00:00,IOMA,1460,1110118000,74007,35471.95
237314,2026,2026-02-27 00:00:00,IOMA,1583,1110102000,74007,41899.46
237315,2026,2026-02-27 00:00:00,IPS,1431,1110102000,74006,130783.09
237316,2026,2026-02-27 00:00:00,IPS,1419,1110102000,74006,2467042.07
237317,2026,2026-02-27 00:00:00,SIND,1421,1110102000,74009,8163.4
237318,2026,2026-02-27 00:00:00,FOS,1424,1110102000,74013,8163.4
237319,2026,2026-02-27 00:00:00,IOMA,1503,1110102000,74007,278923.72
237320,2026,2026-02-27 00:00:00,UCR,1415,1110103000,74011,61465.54
237321,2026,2026-02-27 00:00:00,IPS,1380,1110104000,74006,78657.75
237322,2026,2026-02-27 00:00:00,IOMA,1418,1110104000,74007,141600.0
237323,2026,2026-02-27 00:00:00,GAN,1397,1110105000,74001,36746.66
237324,2026,2026-02-27 00:00:00,IOMA,1389,1110105000,74007,438234.42
237325,2026,2026-02-27 00:00:00,ATE,1394,1110105000,74019,14661.96
237326,2026,2026-02-27 00:00:00,IPS,1444,1110106000,74006,738489.1
237327,2026,2026-02-27 00:00:00,TASAS,1454,1110106000,74010,228752.61
237328,2026,2026-02-27 00:00:00,FOS,1501,1110108000,74013,4816.01
237329,2026,2026-02-27 00:00:00,GAN,1486,1110109000,74001,15311.17
237330,2026,2026-02-27 00:00:00,IOMA,1525,1110111000,74007,442100.69
237331,2026,2026-02-27 00:00:00,UCR,1578,1110112000,74011,108395.21
237332,2026,2026-02-27 00:00:00,LMC,1581,1110112000,74888,12500.0
237333,2026,2026-02-27 00:00:00,FOS,1520,1110113000,74013,167864.71
237334,2026,2026-02-27 00:00:00,IPS,1382,1110115000,74006,1598098.49
237335,2026,2026-02-27 00:00:00,IOMA,1383,1110115000,74007,581153.98
237336,2026,2026-02-27 00:00:00,MACRO,1571,1110117000,74027,6752.49
237337,2026,2026-02-27 00:00:00,SIND,1371,1110118000,74009,1862829.01
237338,2026,2026-02-27 00:00:00,UCR,1374,1110118000,74011,61465.54
237339,2026,2026-02-27 00:00:00,UCR,1534,1110200000,74011,163028.32
237340,2026,2026-02-27 00:00:00,FOS,1536,1110200000,74013,7603.9
237341,2026,2026-02-27 00:00:00,GAN,1437,1110101000,74001,360436.08
237342,2026,2026-02-27 00:00:00,CAS,1584,1110102000,74015,15013.67
237343,2026,2026-02-27 00:00:00,FOS,1434,1110102000,74013,5161.91
237344,2026,2026-02-27 00:00:00,UCR,1504,1110102000,74011,46929.67
237345,2026,2026-02-27 00:00:00,CAS,1505,1110102000,74015,28311.27
237346,2026,2026-02-27 00:00:00,IPS,1411,1110103000,74006,1835030.74
237347,2026,2026-02-27 00:00:00,TASAS,1414,1110103000,74010,110137.35
237348,2026,2026-02-27 00:00:00,IPS,1448,1110103000,74006,284977.85
237349,2026,2026-02-27 00:00:00,IOMA,1550,1110104000,74007,28979549.98
237350,2026,2026-02-27 00:00:00,EMBA,1553,1110104000,74003,2277008.32
237351,2026,2026-02-27 00:00:00,TASAS,1545,1110104000,74010,87724.56
237352,2026,2026-02-27 00:00:00,CAS,1402,1110105000,74015,84132.42
237353,2026,2026-02-27 00:00:00,UPCN,1366,1110106000,74020,42181.08
237354,2026,2026-02-27 00:00:00,IPS,1450,1110106000,74006,3069011.3
237355,2026,2026-02-27 00:00:00,FOS,1457,1110106000,74013,57895.67
237356,2026,2026-02-27 00:00:00,CAS,1500,1110108000,74015,75222.04
237357,2026,2026-02-27 00:00:00,UCR,1490,1110109000,74011,61465.54
237358,2026,2026-02-27 00:00:00,IPS,1573,1110112000,74006,5832877.7
237359,2026,2026-02-27 00:00:00,IOMA,1574,1110112000,74007,2132781.79
237360,2026,2026-02-27 00:00:00,EMBA,1516,1110113000,74003,1891548.84
237361,2026,2026-02-27 00:00:00,GAN,1565,1110117000,74001,16646.92
237362,2026,2026-02-27 00:00:00,TASAS,1567,1110117000,74010,27874.35
237363,2026,2026-02-27 00:00:00,EMBA,1372,1110118000,74003,953832.56
237364,2026,2026-02-27 00:00:00,IOMA,1531,1110200000,74007,1047388.9
237365,2026,2026-02-27 00:00:00,FOS,1442,1110101000,74013,20813.22
237366,2026,2026-02-27 00:00:00,IPS,1473,1110102000,74006,493322.57
237367,2026,2026-02-27 00:00:00,IOMA,1474,1110102000,74007,202373.67
237368,2026,2026-02-27 00:00:00,UCR,1475,1110102000,74011,46229.67
237369,2026,2026-02-27 00:00:00,IOMA,1432,1110102000,74007,44839.91
237370,2026,2026-02-27 00:00:00,IOMA,1426,1110102000,74007,202001.51
237371,2026,2026-02-27 00:00:00,IPS,1549,1110104000,74006,81611734.08
237372,2026,2026-02-27 00:00:00,ATE,1559,1110104000,74019,696388.23
237373,2026,2026-02-27 00:00:00,LMC,1562,1110104000,74888,87500.0
237374,2026,2026-02-27 00:00:00,IPS,1592,1110104000,74006,354123.17
237375,2026,2026-02-27 00:00:00,LMC,1404,1110105000,74888,6250.0
237376,2026,2026-02-27 00:00:00,TASAS,1362,1110106000,74010,248029.74
237377,2026,2026-02-27 00:00:00,LMC,1367,1110106000,74888,12500.0
237378,2026,2026-02-27 00:00:00,IOMA,1451,1110106000,74007,1118701.42
237379,2026,2026-02-27 00:00:00,IOMA,1485,1110109000,74007,586838.69
237380,2026,2026-02-27 00:00:00,EMBA,1488,1110109000,74003,369224.96
237381,2026,2026-02-27 00:00:00,CAS,1491,1110109000,74015,31233.84
237382,2026,2026-02-27 00:00:00,FOS,1492,1110109000,74013,12696.06
237383,2026,2026-02-27 00:00:00,FOS,1580,1110112000,74013,35191.02
237384,2026,2026-02-27 00:00:00,UPCN,1521,1110113000,74020,276544.92
237385,2026,2026-02-27 00:00:00,UCR,1387,1110115000,74011,61465.54
237386,2026,2026-02-27 00:00:00,SIND,1566,1110117000,74009,5066.16
237387,2026,2026-02-27 00:00:00,UCR,1568,1110117000,74011,108395.21
237388,2026,2026-02-27 00:00:00,FOS,1570,1110117000,74013,5066.16
237389,2026,2026-02-27 00:00:00,IOMA,1406,1110118000,74007,125730.12
237390,2026,2026-02-27 00:00:00,CAS,1408,1110118000,74015,32210.64
237391,2026,2026-02-27 00:00:00,FOS,1409,1110118000,74013,4281.2
237392,2026,2026-02-27 00:00:00,SIND,1587,1110118000,74009,24704.89
237393,2026,2026-02-27 00:00:00,FOS,1590,1110118000,74013,24704.89
237394,2026,2026-02-27 00:00:00,ATE,1591,1110118000,74019,29885.52
237395,2026,2026-02-27 00:00:00,IPS,1461,1110118000,74006,2773677.29
237396,2026,2026-02-27 00:00:00,UCR,1465,1110118000,74011,46929.67
237397,2026,2026-02-27 00:00:00,UPCN,1468,1110118000,74020,24434.35
237398,2026,2026-02-27 00:00:00,ATE,1378,1110118000,74019,210880.38
237399,2026,2026-02-27 00:00:00,TASAS,1533,1110200000,74010,24742.53
237400,2026,2026-02-27 00:00:00,UCR,1440,1110101000,74011,148680.68
237401,2026,2026-02-27 00:00:00,PROC,1443,1110101000,74017,32.81
237402,2026,2026-02-27 00:00:00,IOMA,1420,1110102000,74007,907423.65
237403,2026,2026-02-27 00:00:00,GAN,1427,1110102000,74001,62023.67
237404,2026,2026-02-27 00:00:00,IOMA,1449,1110103000,74007,97706.69
237405,2026,2026-02-27 00:00:00,GAN,1551,1110104000,74001,5172130.3
237406,2026,2026-02-27 00:00:00,UCR,1555,1110104000,74011,154624.88
237407,2026,2026-02-27 00:00:00,FOS,1557,1110104000,74013,645526.74
237408,2026,2026-02-27 00:00:00,UPCN,1558,1110104000,74020,377288.24
237409,2026,2026-02-27 00:00:00,IOMA,1593,1110104000,74007,121413.66
237410,2026,2026-02-27 00:00:00,IOMA,1477,1110104000,74007,31602.75
237411,2026,2026-02-27 00:00:00,IOMA,1482,1110104000,74007,27285.3
237412,2026,2026-02-27 00:00:00,SIND,1539,1110104000,74009,108599.71
237413,2026,2026-02-27 00:00:00,FOS,1542,1110104000,74013,10199.71
237414,2026,2026-02-27 00:00:00,IOMA,1544,1110104000,74007,413055.45
237415,2026,2026-02-27 00:00:00,IPS,1395,1110105000,74006,2717624.79
237416,2026,2026-02-27 00:00:00,TASAS,1400,1110105000,74010,27973.8
237417,2026,2026-02-27 00:00:00,EMBA,1391,1110105000,74003,323167.33
237418,2026,2026-02-27 00:00:00,FOS,1393,1110105000,74013,19483.24
237419,2026,2026-02-27 00:00:00,SIND,1360,1110106000,74009,985695.71
237420,2026,2026-02-27 00:00:00,UCR,1363,1110106000,74011,155324.88
237421,2026,2026-02-27 00:00:00,CAS,1364,1110106000,74015,386463.53
237422,2026,2026-02-27 00:00:00,UCR,1455,1110106000,74011,46929.67
237423,2026,2026-02-27 00:00:00,MACRO,1458,1110106000,74027,91847.16
237424,2026,2026-02-27 00:00:00,SIND,1508,1110109000,74009,7819.65
237425,2026,2026-02-27 00:00:00,SIND,1576,1110112000,74009,35191.02
237426,2026,2026-02-27 00:00:00,LMC,1572,1110117000,74888,6250.0
237427,2026,2026-02-27 00:00:00,IOMA,1586,1110118000,74007,367904.01
237428,2026,2026-02-27 00:00:00,FOS,1467,1110118000,74013,32647.21
237429,2026,2026-02-27 00:00:00,ATE,1469,1110118000,74019,19824.81
237430,2026,2026-02-27 00:00:00,LMC,1470,1110118000,74888,12500.0
237431,2026,2026-02-27 00:00:00,TASAS,1373,1110118000,74010,132967.16
237432,2026,2026-02-27 00:00:00,MACRO,1379,1110118000,74027,54248.68
237433,2026,2026-02-27 00:00:00,CAS,1535,1110200000,74015,57317.87
237434,2026,2026-02-27 00:00:00,IOMA,1436,1110101000,74007,369587.15
237435,2026,2026-02-27 00:00:00,SIND,1438,1110101000,74009,60813.22
237436,2026,2026-02-27 00:00:00,MACRO,1561,1110104000,74027,816531.12
237437,2026,2026-02-27 00:00:00,IPS,1481,1110104000,74006,79582.14
237438,2026,2026-02-27 00:00:00,UPCN,1547,1110104000,74020,63815.7
237439,2026,2026-02-27 00:00:00,LMC,1548,1110104000,74888,6250.0
237440,2026,2026-02-27 00:00:00,SIND,1398,1110105000,74009,446750.96
237441,2026,2026-02-27 00:00:00,EMBA,1399,1110105000,74003,20458.0
237442,2026,2026-02-27 00:00:00,UCR,1401,1110105000,74011,154624.88
237443,2026,2026-02-27 00:00:00,SIND,1390,1110105000,74009,590366.74
237444,2026,2026-02-27 00:00:00,IPS,1357,1110106000,74006,4737781.09
237445,2026,2026-02-27 00:00:00,EMBA,1361,1110106000,74003,186803.18
237446,2026,2026-02-27 00:00:00,FOS,1365,1110106000,74013,33255.43
237447,2026,2026-02-27 00:00:00,EMBA,1498,1110108000,74003,211773.19
237448,2026,2026-02-27 00:00:00,IPS,1484,1110109000,74006,1680513.03
237449,2026,2026-02-27 00:00:00,IPS,1506,1110109000,74006,1195044.0
237450,2026,2026-02-27 00:00:00,FOS,1511,1110109000,74013,7819.65
237451,2026,2026-02-27 00:00:00,CAS,1519,1110113000,74015,686138.08
237452,2026,2026-02-27 00:00:00,EMBA,1385,1110115000,74003,10000.0
237453,2026,2026-02-27 00:00:00,ATE,1410,1110118000,74019,9418.64
237454,2026,2026-02-27 00:00:00,IOMA,1472,1110118000,74007,140335.92
237455,2026,2026-02-27 00:00:00,EMBA,1588,1110118000,74003,472913.0
237456,2026,2026-02-27 00:00:00,CAS,1589,1110118000,74015,87583.87
237457,2026,2026-02-27 00:00:00,EMBA,1464,1110118000,74003,7200.0
237458,2026,2026-02-27 00:00:00,IOMA,1369,1110118000,74007,2796667.39
237459,2026,2026-02-27 00:00:00,SIND,1532,1110200000,74009,7603.9
237613,2026,2026-03-12 00:00:00,IPS,1747,1110118000,74006,13860.0
237614,2026,2026-03-12 00:00:00,IOMA,1742,1110118000,74007,19008.0
237615,2026,2026-03-12 00:00:00,IPS,1743,1110104000,74006,27720.0
237616,2026,2026-03-12 00:00:00,IOMA,1746,1110109000,74007,9504.0
237617,2026,2026-03-12 00:00:00,IPS,1739,1110111000,74006,110880.0
237618,2026,2026-03-12 00:00:00,IOMA,1740,1110111000,74007,38016.0
237619,2026,2026-03-12 00:00:00,IPS,1749,1110106000,74006,96880.0
237620,2026,2026-03-12 00:00:00,IPS,1745,1110109000,74006,27720.0
237621,2026,2026-03-12 00:00:00,IOMA,1750,1110106000,74007,33216.0
237622,2026,2026-03-12 00:00:00,IOMA,1744,1110104000,74007,9504.0
237623,2026,2026-03-12 00:00:00,IPS,1741,1110118000,74006,55440.0
237624,2026,2026-03-12 00:00:00,IOMA,1748,1110118000,74007,4752.0
237625,2026,2026-03-12 00:00:00,INGB,1777,1110102000,74004,2073.6
237626,2026,2026-03-12 00:00:00,SUSS.,1778,1110102000,74023,1428.1
237627,2026,2026-03-12 00:00:00,DIN,57,1110112000,71017,-1814400.0
236782,2026,2026-02-04 00:00:00,REDO,157,1110112000,71021,272297.6
236795,2026,2026-02-05 00:00:00,REDO,164,1110112000,71021,13429.8
236849,2026,2026-02-12 00:00:00,GAN,1085,1110102000,74001,276067.44
236850,2026,2026-02-12 00:00:00,INGB,1086,1110102000,74004,207684.9
236851,2026,2026-02-12 00:00:00,GAN,1085,1110102000,74001,-276067.44
236852,2026,2026-02-12 00:00:00,INGB,1086,1110102000,74004,-207684.9
236853,2026,2026-02-12 00:00:00,GAN,1085,1110102000,74001,276067.44
236854,2026,2026-02-12 00:00:00,INGB,1086,1110102000,74004,207684.9
237669,2026,2026-03-16 00:00:00,GAN,1810,1110111000,74001,72364.13
237670,2026,2026-03-16 00:00:00,INGB,1811,1110111000,74004,140096.9
237671,2026,2026-03-16 00:00:00,SUSS.,1812,1110111000,74023,36182.07
237672,2026,2026-03-16 00:00:00,GAN,1816,1110111000,74001,6334.72
237673,2026,2026-03-16 00:00:00,SUSS.,1818,1110111000,74023,3167.36
237674,2026,2026-03-16 00:00:00,INGB,1817,1110111000,74004,12264.0
237675,2026,2026-03-16 00:00:00,SUSS.,1677,1110118000,74023,8833.02
237688,2026,2026-03-16 00:00:00,INGB,1845,1110105000,74004,3702.1
237690,2026,2026-03-16 00:00:00,REDO,370,1110112000,71012,76500.0
237691,2026,2026-03-16 00:00:00,REDO,370,1110112000,71012,-76500.0
236815,2026,2026-02-10 00:00:00,DIN,32,1110112000,71022,1500000.0
236816,2026,2026-02-10 00:00:00,DIN,32,1110112000,71022,1500000.0
236817,2026,2026-02-10 00:00:00,DIN,32,1110112000,71022,-1500000.0
236818,2026,2026-02-10 00:00:00,REDO,190,1110112000,71021,105869.1
236820,2026,2026-02-11 00:00:00,INGB,1167,1110107000,74004,3201.0
236821,2026,2026-02-11 00:00:00,GAN,1166,1110107000,74001,850.59
237211,2026,2026-02-27 00:00:00,REDO,289,1110112000,71021,992526.63
237217,2026,2026-02-27 00:00:00,GAN,1334,1110106000,74001,4097.85
237218,2026,2026-02-27 00:00:00,GAN,1319,1110104000,74001,2641.72
237219,2026,2026-02-27 00:00:00,INGB,1320,1110104000,74004,15730.1
237220,2026,2026-02-27 00:00:00,GAN,1321,1110104000,74001,17120.65
237221,2026,2026-02-27 00:00:00,INGB,1209,1110104000,74004,9000.0
237222,2026,2026-02-27 00:00:00,INGB,1215,1110104000,74004,10196.4
237223,2026,2026-02-27 00:00:00,IPS,1435,1110101000,74006,1077962.52
237224,2026,2026-02-27 00:00:00,SIND,1433,1110102000,74009,5161.91
237225,2026,2026-02-27 00:00:00,IPS,1425,1110102000,74006,589171.08
237226,2026,2026-02-27 00:00:00,SIND,1552,1110104000,74009,10000251.8
237227,2026,2026-02-27 00:00:00,REIN,1560,1110104000,74021,82318.77
237228,2026,2026-02-27 00:00:00,IPS,1476,1110104000,74006,92174.7
237229,2026,2026-02-27 00:00:00,EMBA,1479,1110104000,74003,50151.0
237230,2026,2026-02-27 00:00:00,IPS,1417,1110104000,74006,413000.0
237231,2026,2026-02-27 00:00:00,IOMA,1538,1110104000,74007,48958.63
237232,2026,2026-02-27 00:00:00,IOMA,1358,1110106000,74007,1769774.87
237233,2026,2026-02-27 00:00:00,GAN,1359,1110106000,74001,114308.28
237234,2026,2026-02-27 00:00:00,FOS,1447,1110106000,74013,14741.51
237235,2026,2026-02-27 00:00:00,SIND,1453,1110106000,74009,57895.67
237236,2026,2026-02-27 00:00:00,UCR,1499,1110108000,74011,61465.54
237237,2026,2026-02-27 00:00:00,SIND,1487,1110109000,74009,242696.06
237238,2026,2026-02-27 00:00:00,TASAS,1489,1110109000,74010,29703.92
237239,2026,2026-02-27 00:00:00,UPCN,1493,1110109000,74020,146395.51
237240,2026,2026-02-27 00:00:00,IOMA,1507,1110109000,74007,407576.9
237241,2026,2026-02-27 00:00:00,TASAS,1527,1110111000,74010,22604.6
237242,2026,2026-02-27 00:00:00,CAS,1528,1110111000,74015,26886.38
237243,2026,2026-02-27 00:00:00,CAS,1579,1110112000,74015,197209.59
237244,2026,2026-02-27 00:00:00,IPS,1512,1110113000,74006,12870320.77
237245,2026,2026-02-27 00:00:00,IOMA,1564,1110117000,74007,984295.51
237246,2026,2026-02-27 00:00:00,IPS,1405,1110118000,74006,366712.87
237247,2026,2026-02-27 00:00:00,CAS,1466,1110118000,74015,142644.8
237248,2026,2026-02-27 00:00:00,FOS,1376,1110118000,74013,98194.51
237249,2026,2026-02-27 00:00:00,UPCN,1377,1110118000,74020,53769.85
237250,2026,2026-02-27 00:00:00,IPS,1582,1110102000,74006,122206.77
237251,2026,2026-02-27 00:00:00,TASAS,1422,1110102000,74010,125780.64
237252,2026,2026-02-27 00:00:00,CAS,1423,1110102000,74015,128261.47
237253,2026,2026-02-27 00:00:00,UCR,1429,1110102000,74011,61465.54
237254,2026,2026-02-27 00:00:00,CAS,1430,1110102000,74015,6000.0
237255,2026,2026-02-27 00:00:00,GAN,1413,1110103000,74001,167325.21
237256,2026,2026-02-27 00:00:00,TASAS,1554,1110104000,74010,2179094.07
237257,2026,2026-02-27 00:00:00,IOMA,1381,1110104000,74007,26968.37
237258,2026,2026-02-27 00:00:00,ATE,1483,1110104000,74019,12505.76
237259,2026,2026-02-27 00:00:00,IPS,1537,1110104000,74006,142796.01
237260,2026,2026-02-27 00:00:00,EMBA,1540,1110104000,74003,101484.0
237261,2026,2026-02-27 00:00:00,CAS,1541,1110104000,74015,25960.09
237262,2026,2026-02-27 00:00:00,CAS,1546,1110104000,74015,30430.05
237263,2026,2026-02-27 00:00:00,IOMA,1396,1110105000,74007,986760.87
237264,2026,2026-02-27 00:00:00,CAS,1392,1110105000,74015,60299.85
237265,2026,2026-02-27 00:00:00,IOMA,1445,1110106000,74007,253196.27
237266,2026,2026-02-27 00:00:00,SIND,1446,1110106000,74009,14741.51
237267,2026,2026-02-27 00:00:00,GAN,1452,1110106000,74001,32005.86
237268,2026,2026-02-27 00:00:00,IPS,1494,1110108000,74006,1344447.12
237269,2026,2026-02-27 00:00:00,GAN,1496,1110108000,74001,27052.4
237270,2026,2026-02-27 00:00:00,CAS,1510,1110109000,74015,30420.34
237271,2026,2026-02-27 00:00:00,IPS,1524,1110111000,74006,998658.47
237272,2026,2026-02-27 00:00:00,GAN,1575,1110112000,74001,455904.86
237273,2026,2026-02-27 00:00:00,TASAS,1577,1110112000,74010,429406.6
237274,2026,2026-02-27 00:00:00,IOMA,1513,1110113000,74007,4456119.18
237275,2026,2026-02-27 00:00:00,GAN,1514,1110113000,74001,11707.33
237276,2026,2026-02-27 00:00:00,TASAS,1517,1110113000,74010,378862.55
237277,2026,2026-02-27 00:00:00,UCR,1518,1110113000,74011,155324.88
237278,2026,2026-02-27 00:00:00,MACRO,1522,1110113000,74027,88012.92
237279,2026,2026-02-27 00:00:00,LMC,1523,1110113000,74888,18750.0
237280,2026,2026-02-27 00:00:00,GAN,1384,1110115000,74001,20716.94
236998,2026,2026-02-18 00:00:00,GAN,1199,1110104000,74001,-10716.47
236999,2026,2026-02-18 00:00:00,GAN,1014,1110104000,74001,-15704.55
237000,2026,2026-02-18 00:00:00,GAN,1201,1110104000,74001,-20078.26
237001,2026,2026-02-18 00:00:00,GAN,1207,1110104000,74001,-5423.18
237022,2026,2026-02-18 00:00:00,GAN,1119,1110107000,74001,-57904.28
237023,2026,2026-02-18 00:00:00,GAN,1110,1110107000,74001,-190511.99
237024,2026,2026-02-18 00:00:00,GAN,1114,1110107000,74001,-211680.0
237025,2026,2026-02-18 00:00:00,GAN,1116,1110107000,74001,-116720.0
237026,2026,2026-02-18 00:00:00,GAN,1112,1110107000,74001,-60204.28
237027,2026,2026-02-18 00:00:00,GAN,1111,1110107000,74001,-40230.0
237028,2026,2026-02-18 00:00:00,GAN,1113,1110107000,74001,-191486.46
237029,2026,2026-02-18 00:00:00,SUSS.,1115,1110107000,74023,-105840.0
237030,2026,2026-02-18 00:00:00,GAN,1119,1110107000,74001,57904.28
237031,2026,2026-02-18 00:00:00,GAN,1110,1110107000,74001,190511.99
237032,2026,2026-02-18 00:00:00,GAN,1114,1110107000,74001,211680.0
237033,2026,2026-02-18 00:00:00,GAN,1116,1110107000,74001,116720.0
237034,2026,2026-02-18 00:00:00,GAN,1112,1110107000,74001,60204.28
237035,2026,2026-02-18 00:00:00,GAN,1111,1110107000,74001,40230.0
237036,2026,2026-02-18 00:00:00,GAN,1113,1110107000,74001,191486.46
237037,2026,2026-02-18 00:00:00,SUSS.,1115,1110107000,74023,105840.0
237038,2026,2026-02-18 00:00:00,GAN,1108,1110118000,74001,-190390.91
237039,2026,2026-02-18 00:00:00,GAN,1109,1110111000,74001,-133140.5
237150,2026,2026-02-25 00:00:00,REDO,265,1110112000,71012,76500.0
237586,2026,2026-03-10 00:00:00,REDO,327,1110112000,71021,502960.57
237594,2026,2026-03-11 00:00:00,DIN,55,1110112000,71022,500000.0
237595,2026,2026-03-11 00:00:00,REDO,345,1110112000,71021,19498.9
236781,2026,2026-02-04 00:00:00,INGB,993,1110107000,74004,720.0
237152,2026,2026-02-26 00:00:00,INGB,1090,1110109000,74004,6460.8
237153,2026,2026-02-26 00:00:00,GAN,1089,1110109000,74001,768.0
237154,2026,2026-02-26 00:00:00,INGB,1219,1110104000,74004,3057.5
237155,2026,2026-02-26 00:00:00,INGB,1284,1110104000,74004,1751.5
237156,2026,2026-02-26 00:00:00,INGB,1282,1110111000,74004,1020.0
237157,2026,2026-02-26 00:00:00,SUSS.,1241,1110107000,74023,1182.52
237158,2026,2026-02-26 00:00:00,SUSS.,1242,1110107000,74023,849.45
237159,2026,2026-02-26 00:00:00,REDO,279,1110112000,71021,98327.64
237160,2026,2026-02-26 00:00:00,INGB,1134,1110107000,74004,4609.8
237161,2026,2026-02-26 00:00:00,GAN,1146,1110107000,74001,1993.44
237162,2026,2026-02-26 00:00:00,GAN,1143,1110107000,74001,4816.46
237163,2026,2026-02-26 00:00:00,GAN,1156,1110107000,74001,865.17
237164,2026,2026-02-26 00:00:00,GAN,1125,1110107000,74001,1741.54
237165,2026,2026-02-26 00:00:00,GAN,1141,1110107000,74001,1773.76
237166,2026,2026-02-26 00:00:00,INGB,1144,1110107000,74004,2889.8
237167,2026,2026-02-26 00:00:00,GAN,1151,1110107000,74001,1118.28
237168,2026,2026-02-26 00:00:00,GAN,1136,1110107000,74001,5643.28
237169,2026,2026-02-26 00:00:00,GAN,1155,1110107000,74001,301.0
237170,2026,2026-02-26 00:00:00,GAN,1123,1110107000,74001,3902.6
237171,2026,2026-02-26 00:00:00,INGB,1127,1110107000,74004,2707.2
237172,2026,2026-02-26 00:00:00,INGB,1137,1110107000,74004,3385.9
237173,2026,2026-02-26 00:00:00,GAN,1138,1110107000,74001,5550.27
237174,2026,2026-02-26 00:00:00,GAN,1142,1110107000,74001,2024.9
237175,2026,2026-02-26 00:00:00,GAN,1157,1110107000,74001,1358.36
237176,2026,2026-02-26 00:00:00,INGB,1124,1110107000,74004,8341.5
237177,2026,2026-02-26 00:00:00,GAN,1126,1110107000,74001,4512.05
237178,2026,2026-02-26 00:00:00,GAN,1135,1110107000,74001,431.5
237179,2026,2026-02-26 00:00:00,INGB,1139,1110107000,74004,3330.1
237180,2026,2026-02-26 00:00:00,GAN,1140,1110107000,74001,1465.0
237195,2026,2026-02-26 00:00:00,INGB,1133,1110107000,74004,11368.7
237196,2026,2026-02-26 00:00:00,INGB,1129,1110107000,74004,4051.4
237197,2026,2026-02-26 00:00:00,INGB,1132,1110107000,74004,14860.1
237198,2026,2026-02-26 00:00:00,GAN,1149,1110107000,74001,19045.16
237199,2026,2026-02-26 00:00:00,INGB,1150,1110107000,74004,11427.0
237200,2026,2026-02-26 00:00:00,GAN,1128,1110107000,74001,6752.4
237593,2026,2026-03-11 00:00:00,INGB,1691,1110105000,74004,4992.0
236890,2026,2026-02-18 00:00:00,GAN,1022,1110107000,74001,16069.99
236891,2026,2026-02-18 00:00:00,INGB,1023,1110107000,74004,9641.9
236892,2026,2026-02-18 00:00:00,GAN,1024,1110107000,74001,7329.63
236893,2026,2026-02-18 00:00:00,INGB,1037,1110107000,74004,4320.5
236894,2026,2026-02-18 00:00:00,INGB,1025,1110107000,74004,4397.7
236895,2026,2026-02-18 00:00:00,GAN,1032,1110107000,74001,5259.14
236896,2026,2026-02-18 00:00:00,INGB,1035,1110107000,74004,5625.4
236897,2026,2026-02-18 00:00:00,GAN,1038,1110107000,74001,2417.26
236898,2026,2026-02-18 00:00:00,GAN,1046,1110107000,74001,6864.1
236899,2026,2026-02-18 00:00:00,INGB,1047,1110107000,74004,4118.4
236900,2026,2026-02-18 00:00:00,GAN,1020,1110107000,74001,26653.64
236901,2026,2026-02-18 00:00:00,GAN,1026,1110107000,74001,2985.54
236902,2026,2026-02-18 00:00:00,GAN,1030,1110107000,74001,3160.09
236903,2026,2026-02-18 00:00:00,INGB,1033,1110107000,74004,3155.4
236904,2026,2026-02-18 00:00:00,GAN,1034,1110107000,74001,9375.7
236905,2026,2026-02-18 00:00:00,GAN,1040,1110107000,74001,4313.46
236906,2026,2026-02-18 00:00:00,GAN,1019,1110107000,74001,2192.31
236907,2026,2026-02-18 00:00:00,GAN,1027,1110107000,74001,1801.36
236908,2026,2026-02-18 00:00:00,GAN,1028,1110107000,74001,1358.08
236909,2026,2026-02-18 00:00:00,INGB,1041,1110107000,74004,2588.0
236910,2026,2026-02-18 00:00:00,GAN,1052,1110107000,74001,924.77
236911,2026,2026-02-18 00:00:00,GAN,1036,1110107000,74001,7200.94
236912,2026,2026-02-18 00:00:00,GAN,1029,1110107000,74001,3588.29
236913,2026,2026-02-18 00:00:00,INGB,1021,1110107000,74004,15992.1
236914,2026,2026-02-18 00:00:00,GAN,1031,1110107000,74001,2728.13
236915,2026,2026-02-18 00:00:00,GAN,1039,1110107000,74001,3320.7
236916,2026,2026-02-18 00:00:00,GAN,1051,1110107000,74001,1677.67
236919,2026,2026-02-18 00:00:00,INGB,1058,1110107000,74004,8682.4
236920,2026,2026-02-18 00:00:00,INGB,1076,1110107000,74004,8682.4
236921,2026,2026-02-18 00:00:00,GAN,1044,1110107000,74001,16960.33
236922,2026,2026-02-18 00:00:00,GAN,1057,1110107000,74001,14470.71
236923,2026,2026-02-18 00:00:00,GAN,1059,1110107000,74001,8540.62
236924,2026,2026-02-18 00:00:00,INGB,1043,1110107000,74004,3840.0
236925,2026,2026-02-18 00:00:00,GAN,1055,1110107000,74001,6215.72
236926,2026,2026-02-18 00:00:00,GAN,1068,1110107000,74001,3025.0
236927,2026,2026-02-18 00:00:00,GAN,1070,1110107000,74001,3271.92
236928,2026,2026-02-18 00:00:00,INGB,1060,1110107000,74004,5124.3
236929,2026,2026-02-18 00:00:00,GAN,1067,1110107000,74001,1908.22
236930,2026,2026-02-18 00:00:00,GAN,1071,1110107000,74001,4382.99
236931,2026,2026-02-18 00:00:00,GAN,1073,1110107000,74001,4571.98
236932,2026,2026-02-18 00:00:00,INGB,1050,1110107000,74004,3240.3
236933,2026,2026-02-18 00:00:00,INGB,1074,1110107000,74004,2743.1
236934,2026,2026-02-18 00:00:00,GAN,1049,1110107000,74001,5400.65
236935,2026,2026-02-18 00:00:00,GAN,1061,1110107000,74001,6355.94
236936,2026,2026-02-18 00:00:00,GAN,1075,1110107000,74001,14470.69
236937,2026,2026-02-18 00:00:00,GAN,1042,1110107000,74001,6400.0
236938,2026,2026-02-18 00:00:00,INGB,1045,1110107000,74004,10176.1
236939,2026,2026-02-18 00:00:00,GAN,1048,1110107000,74001,1606.91
236940,2026,2026-02-18 00:00:00,GAN,1053,1110107000,74001,14470.68
236941,2026,2026-02-18 00:00:00,INGB,1054,1110107000,74004,8682.4
236942,2026,2026-02-18 00:00:00,INGB,1056,1110107000,74004,3729.4
236943,2026,2026-02-18 00:00:00,INGB,1062,1110107000,74004,3813.5
236944,2026,2026-02-18 00:00:00,GAN,1063,1110107000,74001,1002.08
236945,2026,2026-02-18 00:00:00,GAN,1064,1110107000,74001,1910.82
236946,2026,2026-02-18 00:00:00,GAN,1065,1110107000,74001,4693.96
236947,2026,2026-02-18 00:00:00,INGB,1066,1110107000,74004,2816.3
236948,2026,2026-02-18 00:00:00,GAN,1069,1110107000,74001,454.17
236949,2026,2026-02-18 00:00:00,INGB,1072,1110107000,74004,2629.7
236950,2026,2026-02-18 00:00:00,GAN,1007,1110104000,74001,12932.89
236951,2026,2026-02-18 00:00:00,INGB,1204,1110104000,74004,15692.6
236952,2026,2026-02-18 00:00:00,GAN,1205,1110104000,74001,3569.39
236953,2026,2026-02-18 00:00:00,GAN,1005,1110104000,74001,7739.13
236954,2026,2026-02-18 00:00:00,INGB,1008,1110104000,74004,9389.2
236955,2026,2026-02-18 00:00:00,INGB,1198,1110104000,74004,23512.9
236956,2026,2026-02-18 00:00:00,INGB,1202,1110104000,74004,14576.8
236957,2026,2026-02-18 00:00:00,INGB,1004,1110104000,74004,15670.4
236958,2026,2026-02-18 00:00:00,GAN,1003,1110104000,74001,11584.59
236959,2026,2026-02-18 00:00:00,INGB,1200,1110104000,74004,7780.1
236960,2026,2026-02-18 00:00:00,GAN,1203,1110104000,74001,21615.25
236961,2026,2026-02-18 00:00:00,INGB,1208,1110104000,74004,3937.2
236962,2026,2026-02-18 00:00:00,INGB,1006,1110104000,74004,5618.6
236963,2026,2026-02-18 00:00:00,INGB,1206,1110104000,74004,2591.3
236964,2026,2026-02-18 00:00:00,INGB,1015,1110104000,74004,11401.5
236965,2026,2026-02-18 00:00:00,GAN,1197,1110104000,74001,32387.02
236966,2026,2026-02-18 00:00:00,GAN,1199,1110104000,74001,10716.47
236967,2026,2026-02-18 00:00:00,GAN,1014,1110104000,74001,15704.55
236968,2026,2026-02-18 00:00:00,GAN,1201,1110104000,74001,20078.26
236969,2026,2026-02-18 00:00:00,GAN,1207,1110104000,74001,5423.18
236970,2026,2026-02-18 00:00:00,GAN,1119,1110107000,74001,57904.28
236971,2026,2026-02-18 00:00:00,GAN,1110,1110107000,74001,190511.99
236972,2026,2026-02-18 00:00:00,GAN,1114,1110107000,74001,211680.0
236973,2026,2026-02-18 00:00:00,GAN,1116,1110107000,74001,116720.0
236974,2026,2026-02-18 00:00:00,GAN,1112,1110107000,74001,60204.28
236975,2026,2026-02-18 00:00:00,GAN,1111,1110107000,74001,40230.0
236976,2026,2026-02-18 00:00:00,GAN,1113,1110107000,74001,191486.46
236977,2026,2026-02-18 00:00:00,SUSS.,1115,1110107000,74023,105840.0
236978,2026,2026-02-18 00:00:00,GAN,1108,1110118000,74001,190390.91
236979,2026,2026-02-18 00:00:00,GAN,1109,1110111000,74001,133140.5
236982,2026,2026-02-18 00:00:00,GAN,1007,1110104000,74001,-12932.89
236983,2026,2026-02-18 00:00:00,INGB,1204,1110104000,74004,-15692.6
236984,2026,2026-02-18 00:00:00,GAN,1205,1110104000,74001,-3569.39
236985,2026,2026-02-18 00:00:00,GAN,1005,1110104000,74001,-7739.13
236986,2026,2026-02-18 00:00:00,INGB,1008,1110104000,74004,-9389.2
236987,2026,2026-02-18 00:00:00,INGB,1198,1110104000,74004,-23512.9
236988,2026,2026-02-18 00:00:00,INGB,1202,1110104000,74004,-14576.8
236989,2026,2026-02-18 00:00:00,INGB,1004,1110104000,74004,-15670.4
236990,2026,2026-02-18 00:00:00,GAN,1003,1110104000,74001,-11584.59
236991,2026,2026-02-18 00:00:00,INGB,1200,1110104000,74004,-7780.1
236992,2026,2026-02-18 00:00:00,GAN,1203,1110104000,74001,-21615.25
236993,2026,2026-02-18 00:00:00,INGB,1208,1110104000,74004,-3937.2
236994,2026,2026-02-18 00:00:00,INGB,1006,1110104000,74004,-5618.6
236995,2026,2026-02-18 00:00:00,INGB,1206,1110104000,74004,-2591.3
236996,2026,2026-02-18 00:00:00,INGB,1015,1110104000,74004,-11401.5
236997,2026,2026-02-18 00:00:00,GAN,1197,1110104000,74001,-32387.02
236819,2026,2026-02-11 00:00:00,GAN,691,1110107000,74001,22254.61
236822,2026,2026-02-11 00:00:00,GAN,1177,1110107000,74001,4670.0
236823,2026,2026-02-11 00:00:00,GAN,1185,1110107000,74001,2520.0
236824,2026,2026-02-11 00:00:00,INGB,1178,1110107000,74004,2808.0
236825,2026,2026-02-11 00:00:00,GAN,1169,1110113000,74001,1490.09
236826,2026,2026-02-11 00:00:00,GAN,1171,1110108000,74001,487.61
236827,2026,2026-02-11 00:00:00,INGB,1176,1110107000,74004,5994.0
236828,2026,2026-02-11 00:00:00,GAN,1168,1110107000,74001,459.2
236829,2026,2026-02-11 00:00:00,GAN,1170,1110104000,74001,1069.91
236830,2026,2026-02-11 00:00:00,GAN,1180,1110107000,74001,2676.0
236831,2026,2026-02-11 00:00:00,GAN,678,1110104000,74001,24726.11
236832,2026,2026-02-11 00:00:00,GAN,905,1110106000,74001,1024.46
236833,2026,2026-02-11 00:00:00,INGB,681,1110104000,74004,18226.1
236834,2026,2026-02-11 00:00:00,GAN,680,1110104000,74001,25104.84
236835,2026,2026-02-11 00:00:00,INGB,679,1110104000,74004,17951.1
236836,2026,2026-02-11 00:00:00,REDO,210,1110112000,72007,492240.38
237103,2026,2026-02-24 00:00:00,SUSS.,1271,1110106000,74023,-623.97
237104,2026,2026-02-24 00:00:00,SUSS.,1275,1110102000,74023,-268.6
237105,2026,2026-02-24 00:00:00,SUSS.,1265,1110102000,74023,-1257.02
237106,2026,2026-02-24 00:00:00,SUSS.,1264,1110104000,74023,-1863.64
237107,2026,2026-02-24 00:00:00,SUSS.,1267,1110102000,74023,-13801.65
237108,2026,2026-02-24 00:00:00,SUSS.,1273,1110113000,74023,-178.51
237109,2026,2026-02-24 00:00:00,GAN,1266,1110102000,74001,-3844.63
237110,2026,2026-02-24 00:00:00,GAN,1270,1110106000,74001,-1247.93
237111,2026,2026-02-24 00:00:00,GAN,1272,1110113000,74001,-357.02
237112,2026,2026-02-24 00:00:00,GAN,1274,1110102000,74001,-537.19
237114,2026,2026-02-24 00:00:00,REDO,239,1110112000,71021,182696.6
237119,2026,2026-02-24 00:00:00,SUSS.,1271,1110106000,74023,623.97
237120,2026,2026-02-24 00:00:00,SUSS.,1275,1110102000,74023,268.6
237121,2026,2026-02-24 00:00:00,SUSS.,1265,1110102000,74023,1257.02
237122,2026,2026-02-24 00:00:00,SUSS.,1264,1110104000,74023,1863.64
237123,2026,2026-02-24 00:00:00,SUSS.,1267,1110102000,74023,13801.65
237124,2026,2026-02-24 00:00:00,SUSS.,1273,1110113000,74023,178.51
237125,2026,2026-02-24 00:00:00,GAN,1266,1110102000,74001,3844.63
237126,2026,2026-02-24 00:00:00,GAN,1270,1110106000,74001,1247.93
237127,2026,2026-02-24 00:00:00,GAN,1272,1110113000,74001,357.02
237128,2026,2026-02-24 00:00:00,GAN,1274,1110102000,74001,537.19
237201,2026,2026-02-27 00:00:00,SUSS.,1326,1110104000,74023,582.28
237202,2026,2026-02-27 00:00:00,SUSS.,1327,1110107000,74023,9725.7
237203,2026,2026-02-27 00:00:00,INGB,1101,1110107000,74004,1600.0
237204,2026,2026-02-27 00:00:00,SUSS.,1295,1110104000,74023,2978.84
237205,2026,2026-02-27 00:00:00,SUSS.,1292,1110104000,74023,3654.71
237206,2026,2026-02-27 00:00:00,INGB,1289,1110104000,74004,2896.0
237631,2026,2026-03-13 00:00:00,GAN,1813,1110118000,74001,77700.79
237632,2026,2026-03-13 00:00:00,INGB,1808,1110118000,74004,13658.4
237633,2026,2026-03-13 00:00:00,SUSS.,1809,1110118000,74023,20157.02
237634,2026,2026-03-13 00:00:00,INGB,1814,1110118000,74004,26325.0
237635,2026,2026-03-13 00:00:00,GAN,1807,1110118000,74001,10314.05
237636,2026,2026-03-13 00:00:00,SUSS.,1815,1110118000,74023,38850.4
237637,2026,2026-03-13 00:00:00,GAN,1813,1110118000,74001,-77700.79
237638,2026,2026-03-13 00:00:00,INGB,1808,1110118000,74004,-13658.4
237639,2026,2026-03-13 00:00:00,SUSS.,1809,1110118000,74023,-20157.02
237640,2026,2026-03-13 00:00:00,INGB,1814,1110118000,74004,-26325.0
237641,2026,2026-03-13 00:00:00,GAN,1807,1110118000,74001,-10314.05
237642,2026,2026-03-13 00:00:00,SUSS.,1815,1110118000,74023,-38850.4
237643,2026,2026-03-13 00:00:00,GAN,1819,1110111000,74001,186396.7
237644,2026,2026-03-13 00:00:00,INGB,1820,1110111000,74004,63151.2
237645,2026,2026-03-13 00:00:00,SUSS.,1821,1110111000,74023,93198.35
237646,2026,2026-03-13 00:00:00,INGB,1783,1110106000,74004,1761.7
237647,2026,2026-03-13 00:00:00,INGB,1786,1110102000,74004,27056.7
237648,2026,2026-03-13 00:00:00,GAN,1790,1110102000,74001,6620.66
237649,2026,2026-03-13 00:00:00,SUSS.,1787,1110102000,74023,5590.24
237650,2026,2026-03-13 00:00:00,INGB,1791,1110102000,74004,28972.0
237651,2026,2026-03-13 00:00:00,SUSS.,1792,1110102000,74023,5985.96
237652,2026,2026-03-13 00:00:00,INGB,1793,1110102000,74004,71268.7
237653,2026,2026-03-13 00:00:00,INGB,1702,1110115000,74004,1140.0
237662,2026,2026-03-13 00:00:00,EMBA,1829,1110118000,74003,42253.71
237663,2026,2026-03-13 00:00:00,EMBA,1828,1110104000,74003,46811.15
237664,2026,2026-03-13 00:00:00,EMBA,1827,1110108000,74003,70591.06
237665,2026,2026-03-13 00:00:00,EMBA,1826,1110105000,74003,45531.97
237040,2026,2026-02-19 00:00:00,REDO,232,1110112000,71021,396119.0
237072,2026,2026-02-23 00:00:00,SUSS.,1261,1110102000,74023,1504.21
237073,2026,2026-02-23 00:00:00,SUSS.,1262,1110118000,74023,714.99
237074,2026,2026-02-23 00:00:00,GAN,1268,1110106000,74001,1213.39
237207,2026,2026-02-27 00:00:00,GAN,1288,1110104000,74001,59834.71
237208,2026,2026-02-27 00:00:00,GAN,1285,1110104000,74001,3600.0
237209,2026,2026-02-27 00:00:00,GAN,1290,1110104000,74001,18473.62
237210,2026,2026-02-27 00:00:00,SUSS.,1291,1110104000,74023,24236.81
237460,2026,2026-03-02 00:00:00,SUSS.,1283,1110109000,74023,2217.36
237676,2026,2026-03-16 00:00:00,INGB,1795,1110118000,74004,61334.7
237677,2026,2026-03-16 00:00:00,SUSS.,1799,1110118000,74023,10547.11
237678,2026,2026-03-16 00:00:00,INGB,1798,1110118000,74004,40838.4
237679,2026,2026-03-16 00:00:00,SUSS.,1803,1110118000,74023,16431.82
237680,2026,2026-03-16 00:00:00,GAN,1801,1110118000,74001,32863.64
237681,2026,2026-03-16 00:00:00,INGB,1805,1110111000,74004,250944.0
237682,2026,2026-03-16 00:00:00,SUSS.,1806,1110111000,74023,64809.92
237683,2026,2026-03-16 00:00:00,GAN,1794,1110118000,74001,1681.16
237684,2026,2026-03-16 00:00:00,GAN,1797,1110118000,74001,21094.21
237685,2026,2026-03-16 00:00:00,INGB,1802,1110118000,74004,63624.0
237686,2026,2026-03-16 00:00:00,SUSS.,1796,1110118000,74023,15840.58
237687,2026,2026-03-16 00:00:00,GAN,1804,1110111000,74001,129619.83
237075,2026,2026-02-23 00:00:00,SUSS.,1269,1110106000,74023,606.69
237076,2026,2026-02-23 00:00:00,GAN,1226,1110107000,74001,3800.0
237077,2026,2026-02-23 00:00:00,GAN,1223,1110107000,74001,2800.0
237078,2026,2026-02-23 00:00:00,GAN,1236,1110107000,74001,300.0
237079,2026,2026-02-23 00:00:00,SUSS.,1240,1110107000,74023,11400.0
237080,2026,2026-02-23 00:00:00,INGB,1120,1110107000,74004,3942.9
237081,2026,2026-02-23 00:00:00,GAN,1121,1110107000,74001,2918.06
237082,2026,2026-02-23 00:00:00,REDO,218,1110112000,72007,161793.53
237083,2026,2026-02-23 00:00:00,REDO,218,1110112000,72002,14230.24
237084,2026,2026-02-23 00:00:00,REDO,257,1110112000,71018,43800.0
237085,2026,2026-02-23 00:00:00,GAN,605,1110104000,74001,4561.0
237086,2026,2026-02-23 00:00:00,GAN,601,1110104000,74001,4095.12
237087,2026,2026-02-23 00:00:00,INGB,602,1110104000,74004,2973.0
237088,2026,2026-02-23 00:00:00,INGB,606,1110104000,74004,3311.2
237089,2026,2026-02-23 00:00:00,GAN,598,1110104000,74001,1861.38
237090,2026,2026-02-23 00:00:00,GAN,589,1110107000,74001,7833.69
237091,2026,2026-02-23 00:00:00,INGB,590,1110107000,74004,4700.2
237092,2026,2026-02-23 00:00:00,SUSS.,1271,1110106000,74023,623.97
237093,2026,2026-02-23 00:00:00,SUSS.,1275,1110102000,74023,268.6
237094,2026,2026-02-23 00:00:00,SUSS.,1265,1110102000,74023,1257.02
237095,2026,2026-02-23 00:00:00,SUSS.,1264,1110104000,74023,1863.64
237096,2026,2026-02-23 00:00:00,SUSS.,1267,1110102000,74023,13801.65
237097,2026,2026-02-23 00:00:00,SUSS.,1273,1110113000,74023,178.51
237098,2026,2026-02-23 00:00:00,GAN,1266,1110102000,74001,3844.63
237099,2026,2026-02-23 00:00:00,GAN,1270,1110106000,74001,1247.93
237100,2026,2026-02-23 00:00:00,GAN,1272,1110113000,74001,357.02
237101,2026,2026-02-23 00:00:00,GAN,1274,1110102000,74001,537.19
237149,2026,2026-02-25 00:00:00,DIN,44,1110112000,71017,-1204992.0
237212,2026,2026-02-27 00:00:00,REDO,287,1110112000,71018,12000.0
237508,2026,2026-03-05 00:00:00,SUSS.,1297,1110107000,74023,16794.89
237509,2026,2026-03-05 00:00:00,GAN,1296,1110107000,74001,3589.78
237510,2026,2026-03-05 00:00:00,GAN,1328,1110104000,74001,21602.88
237511,2026,2026-03-05 00:00:00,SUSS.,1329,1110104000,74023,25801.44
237467,2026,2026-03-04 00:00:00,SUSS.,1637,1110107000,74023,15436.0
237468,2026,2026-03-04 00:00:00,GAN,1635,1110107000,74001,25842.0
237469,2026,2026-03-04 00:00:00,SUSS.,1634,1110107000,74023,12485.0
237470,2026,2026-03-04 00:00:00,INGB,1636,1110107000,74004,18523.2
237471,2026,2026-03-04 00:00:00,GAN,1641,1110107000,74001,24326.0
237472,2026,2026-03-04 00:00:00,SUSS.,1643,1110107000,74023,12163.0
237473,2026,2026-03-04 00:00:00,INGB,1642,1110107000,74004,14595.6
237474,2026,2026-03-04 00:00:00,INGB,1633,1110107000,74004,14982.0
237475,2026,2026-03-04 00:00:00,INGB,1645,1110107000,74004,16610.8
237476,2026,2026-03-04 00:00:00,SUSS.,1646,1110107000,74023,13842.4
237477,2026,2026-03-04 00:00:00,SUSS.,1640,1110107000,74023,193.5
237478,2026,2026-03-04 00:00:00,SUSS.,1639,1110107000,74023,86.4
237479,2026,2026-03-04 00:00:00,SUSS.,1644,1110107000,74023,426.0
237480,2026,2026-03-04 00:00:00,SUSS.,1638,1110107000,74023,1364.1
237481,2026,2026-03-04 00:00:00,REDO,298,1110112000,71021,100627.6
237492,2026,2026-03-05 00:00:00,REDO,308,1110112000,71021,243547.3
237596,2026,2026-03-11 00:00:00,INGB,1691,1110105000,74004,-4992.0
236870,2026,2026-02-13 00:00:00,INGB,250,1110107000,74004,3888.0
236871,2026,2026-02-13 00:00:00,GAN,249,1110107000,74001,97200.0
236872,2026,2026-02-13 00:00:00,CAJA,1196,1110104000,74008,287500.0
236877,2026,2026-02-13 00:00:00,REDO,227,1110112000,71018,75400.0
236879,2026,2026-02-18 00:00:00,GAN,1077,1110107000,74001,560.0
236880,2026,2026-02-18 00:00:00,GAN,1079,1110107000,74001,560.0
236881,2026,2026-02-18 00:00:00,GAN,1083,1110107000,74001,1660.0
236882,2026,2026-02-18 00:00:00,GAN,1082,1110107000,74001,420.0
236883,2026,2026-02-18 00:00:00,GAN,1078,1110107000,74001,1200.0
236884,2026,2026-02-18 00:00:00,GAN,1081,1110107000,74001,1400.0
236885,2026,2026-02-18 00:00:00,GAN,1080,1110107000,74001,640.0
236886,2026,2026-02-18 00:00:00,GARAN,1214,1110103000,71001,175000.0
236917,2026,2026-02-18 00:00:00,GAN,1117,1110107000,74001,85740.0
236918,2026,2026-02-18 00:00:00,GAN,1118,1110107000,74001,186120.0
236981,2026,2026-02-18 00:00:00,GAN,1107,1110118000,74001,60232.77
237002,2026,2026-02-18 00:00:00,GAN,1007,1110104000,74001,12932.89
237003,2026,2026-02-18 00:00:00,INGB,1204,1110104000,74004,15692.6
237004,2026,2026-02-18 00:00:00,GAN,1205,1110104000,74001,3569.39
237005,2026,2026-02-18 00:00:00,GAN,1005,1110104000,74001,7739.13
237006,2026,2026-02-18 00:00:00,INGB,1008,1110104000,74004,9389.2
237007,2026,2026-02-18 00:00:00,INGB,1198,1110104000,74004,23512.9
237008,2026,2026-02-18 00:00:00,INGB,1202,1110104000,74004,14576.8
237009,2026,2026-02-18 00:00:00,INGB,1004,1110104000,74004,15670.4
237010,2026,2026-02-18 00:00:00,GAN,1003,1110104000,74001,11584.59
237011,2026,2026-02-18 00:00:00,INGB,1200,1110104000,74004,7780.1
237012,2026,2026-02-18 00:00:00,GAN,1203,1110104000,74001,21615.25
237013,2026,2026-02-18 00:00:00,INGB,1208,1110104000,74004,3937.2
237014,2026,2026-02-18 00:00:00,INGB,1006,1110104000,74004,5618.6
237015,2026,2026-02-18 00:00:00,INGB,1206,1110104000,74004,2591.3
237016,2026,2026-02-18 00:00:00,INGB,1015,1110104000,74004,11401.5
237017,2026,2026-02-18 00:00:00,GAN,1197,1110104000,74001,32387.02
237018,2026,2026-02-18 00:00:00,GAN,1199,1110104000,74001,10716.47
237019,2026,2026-02-18 00:00:00,GAN,1014,1110104000,74001,15704.55
237020,2026,2026-02-18 00:00:00,GAN,1201,1110104000,74001,20078.26
237021,2026,2026-02-18 00:00:00,GAN,1207,1110104000,74001,5423.18
237490,2026,2026-03-05 00:00:00,SUSS.,1666,1110107000,74023,1310.0
237491,2026,2026-03-05 00:00:00,SUSS.,1665,1110107000,74023,900.0
237493,2026,2026-03-05 00:00:00,SUSS.,1340,1110107000,74023,5525.52
237494,2026,2026-03-05 00:00:00,GAN,1342,1110107000,74001,7517.5
237495,2026,2026-03-05 00:00:00,SUSS.,1339,1110107000,74023,4073.31
237496,2026,2026-03-05 00:00:00,SUSS.,1343,1110107000,74023,5334.56
237497,2026,2026-03-05 00:00:00,SUSS.,1341,1110107000,74023,3825.36
237498,2026,2026-03-05 00:00:00,GAN,1632,1110107000,74001,7704.92
237499,2026,2026-03-05 00:00:00,GAN,1655,1110107000,74001,4334.68
237500,2026,2026-03-05 00:00:00,GAN,1623,1110107000,74001,4625.8
237501,2026,2026-03-05 00:00:00,GAN,1619,1110107000,74001,4147.55
237502,2026,2026-03-05 00:00:00,GAN,1661,1110107000,74001,1162.5
237503,2026,2026-03-05 00:00:00,GAN,1631,1110107000,74001,4971.61
237504,2026,2026-03-05 00:00:00,GAN,1625,1110107000,74001,4481.94
237505,2026,2026-03-05 00:00:00,GAN,1650,1110107000,74001,5110.1
237506,2026,2026-03-05 00:00:00,GAN,1652,1110107000,74001,3977.12
237507,2026,2026-03-05 00:00:00,GAN,1657,1110107000,74001,5656.35
237547,2026,2026-03-05 00:00:00,REDO,317,1110112000,71018,151000.0
