EJERCICIO,NRO_OP,FECH_OP,LUG_EMI,ORIGEN_OP,TIPO_OP,EJERCICIO_ANT,NRO_REG_COMP_ANT,NRO_OP_ANT,COD_PROV,JURISDICCION,CODIGO_UE,CODIGO_FF,PROGRAMA,ACTIV_PROY,ACTIV_OBRA,INCISO,PAR_PRIN,PAR_PARC,PAR_SUBP,CODIGO_AXT,ESTADO_OP,TIPO_DOC,NRO_DOC,ANIO_DOC,CONFIRMADO,FECH_CONFIRM,IMPORTE_TOTAL,IMPORTE_LIQUIDO,IMPORTE_DEDUCCIONES,NRO_CANCE,CANT_IMPRES,FECH_ANUL,MOTIVO_ANUL,OBSERVACIONES,CONCEPTO,ASIENTO,ASIENTO_ANUL,IMPORTE_SIN_IVA,PORCENTAJE_IVA
2026,1111,2026-02-27 00:00:00,GMADA,D,P,2025,9671,,441,1110107000,2,110,93,0,0,7,6,1,0,,C,,,,S,2026-02-27 00:00:00,309640.26,309640.26,0.0,760,1,,,,arts de papelera,9285,,309640.26,0.0
2026,1112,2026-02-27 00:00:00,GMADA,D,P,2025,8598,,441,1110107000,2,132,93,0,0,7,6,1,0,,C,,,,S,2026-02-27 00:00:00,63337.62,63337.62,0.0,767,1,,,,prod vs,9296,,63337.62,0.0
2026,1113,2026-02-27 00:00:00,GMADA,D,P,2025,8584,,441,1110107000,2,110,93,0,0,7,6,1,0,,C,,,,S,2026-02-27 00:00:00,5100.0,5100.0,0.0,760,1,,,,sellos,9305,,5100.0,0.0
2026,1114,2026-02-27 00:00:00,GMADA,D,P,2025,8665,,441,1110107000,2,110,93,0,0,7,6,1,0,,C,,,,S,2026-02-27 00:00:00,28754.27,28754.27,0.0,760,1,,,,arts de libreria,9306,,28754.27,0.0
2026,1115,2026-02-27 00:00:00,GMADA,D,P,2025,8586,,441,1110107000,2,110,93,0,0,7,6,1,0,,C,,,,S,2026-02-27 00:00:00,24780.09,24780.09,0.0,760,1,,,,pintura,9310,,24780.09,0.0
2026,1116,2026-02-27 00:00:00,GMADA,D,P,2025,8980,,441,1110107000,2,110,93,0,0,7,6,1,0,,C,,,,S,2026-02-27 00:00:00,16000.25,16000.25,0.0,760,1,,,,carpetas,9311,,16000.25,0.0
2026,1117,2026-02-27 00:00:00,GMADA,D,P,2025,8552,,441,1110107000,2,110,93,0,0,7,6,1,0,,C,,,,S,2026-02-27 00:00:00,173400.0,173400.0,0.0,760,1,,,,prod papel,9312,,173400.0,0.0
2026,1118,2026-02-27 00:00:00,GMADA,D,P,2025,6656,,441,1110107000,2,110,93,0,0,7,6,1,0,,C,,,,S,2026-02-27 00:00:00,31000.0,31000.0,0.0,761,1,,,,arts de papelera,9314,,31000.0,0.0
2026,1247,2026-03-13 00:00:00,GMADA,D,P,2025,7679,,1603,1110107000,2,131,93,0,0,7,6,1,0,,A,,,,S,2026-03-13 00:00:00,624000.0,600288.0,23712.0,,1,2026-03-13 00:00:00,ERROR,,pan,11257,11258,624000.0,0.0
2026,1248,2026-03-13 00:00:00,GMADA,D,P,2025,7679,,1603,1110107000,2,131,93,0,0,7,6,1,0,,N,,,,S,2026-03-13 00:00:00,624000.0,617760.0,6240.0,,2,,,,pan,11267,,624000.0,0.0
2026,944,2026-02-06 00:00:00,GMADA,D,P,2025,8652,,1063,1110107000,2,110,93,0,0,7,6,1,0,,C,,,,S,2026-02-06 00:00:00,258000.0,258000.0,0.0,543,1,,,,reparac de equipos,6225,,258000.0,0.0
2026,945,2026-02-06 00:00:00,GMADA,D,P,2025,4156,,2151,1110107000,2,110,93,0,0,7,6,1,0,,C,,,,S,2026-02-06 00:00:00,28000.0,27440.0,560.0,558,1,,,,REP,6228,,28000.0,0.0
2026,946,2026-02-06 00:00:00,GMADA,D,P,2025,4651,,2151,1110107000,2,110,93,0,0,7,6,1,0,,C,,,,S,2026-02-06 00:00:00,60000.0,58800.0,1200.0,558,1,,,,filtros,6241,,60000.0,0.0
2026,902,2026-02-05 00:00:00,GMADA,D,P,2025,7777,,2490,1110107000,2,131,93,0,0,7,6,1,0,,C,,,,S,2026-02-05 00:00:00,54600.0,54600.0,0.0,464,1,,,,agua,6046,,54600.0,0.0
2026,903,2026-02-05 00:00:00,GMADA,D,P,2025,5765,,1514,1110107000,2,110,93,0,0,7,6,1,0,,C,,,,S,2026-02-05 00:00:00,92000.0,90479.34,1520.66,468,1,,,,liquido de frenos,6051,,76033.0,21.0
2026,904,2026-02-05 00:00:00,GMADA,D,P,2025,4475,,688,1110107000,2,131,93,0,0,7,6,1,0,,C,,,,S,2026-02-05 00:00:00,1286900.0,1255719.2,31180.8,478,1,,,,filtros,6095,,1286900.0,0.0
2026,1119,2026-02-27 00:00:00,GMADA,D,P,2025,8525,,441,1110107000,2,110,93,0,0,7,6,1,0,,C,,,,S,2026-02-27 00:00:00,36000.0,36000.0,0.0,761,1,,,,cartulina,9315,,36000.0,0.0
2026,1120,2026-02-27 00:00:00,GMADA,D,P,2025,8386,,441,1110107000,2,110,93,0,0,7,6,1,0,,C,,,,S,2026-02-27 00:00:00,106915.04,106915.04,0.0,761,1,,,,utiles,9316,,106915.04,0.0
2026,1121,2026-02-27 00:00:00,GMADA,D,P,2025,6760,,441,1110107000,2,110,93,0,0,7,6,1,0,,C,,,,S,2026-02-27 00:00:00,24159.94,24159.94,0.0,761,1,,,,arts de papelera,9319,,24159.94,0.0
2026,1122,2026-02-27 00:00:00,GMADA,D,P,2025,7762,,441,1110107000,2,110,93,0,0,7,6,1,0,,C,,,,S,2026-02-27 00:00:00,11697.07,11697.07,0.0,761,1,,,,"vasos ,bandejas",9321,,11697.07,0.0
2026,1123,2026-02-27 00:00:00,GMADA,D,P,2025,8209,,441,1110107000,2,110,93,0,0,7,6,1,0,,C,,,,S,2026-02-27 00:00:00,18600.0,18600.0,0.0,761,1,,,,sello,9324,,18600.0,0.0
2026,1124,2026-02-27 00:00:00,GMADA,D,P,2025,7709,,441,1110107000,2,110,93,0,0,7,6,1,0,,C,,,,S,2026-02-27 00:00:00,3716.0,3716.0,0.0,761,1,,,,arts de papelera,9333,,3716.0,0.0
2026,1125,2026-02-27 00:00:00,GMADA,D,P,2025,7498,,441,1110107000,2,110,93,0,0,7,6,1,0,,C,,,,S,2026-02-27 00:00:00,33999.35,33999.35,0.0,761,1,,,,insumos informaticos,9335,,33999.35,0.0
2026,1126,2026-02-27 00:00:00,GMADA,D,P,2025,7491,,441,1110107000,2,110,93,0,0,7,6,1,0,,C,,,,S,2026-02-27 00:00:00,24676.52,24676.52,0.0,761,1,,,,Art. libreria,9337,,24676.52,0.0
2026,1127,2026-02-27 00:00:00,GMADA,D,P,2025,7557,,441,1110107000,2,110,93,0,0,7,6,1,0,,C,,,,S,2026-02-27 00:00:00,14250.0,14250.0,0.0,761,1,,,,Art. libreria,9341,,14250.0,0.0
2026,1128,2026-02-27 00:00:00,GMADA,D,P,2025,7486,,441,1110107000,2,110,93,0,0,7,6,1,0,,C,,,,S,2026-02-27 00:00:00,26259.98,26259.98,0.0,761,1,,,,Art.libreria,9343,,26259.98,0.0
2026,1129,2026-03-02 00:00:00,GMADA,D,P,2025,7548,,441,1110107000,2,110,93,0,0,7,6,1,0,,C,,,,S,2026-03-02 00:00:00,21768.52,21768.52,0.0,761,1,,,,Art. libreria,9511,,21768.52,0.0
2026,1130,2026-03-02 00:00:00,GMADA,D,P,2025,7622,,441,1110107000,2,110,93,0,0,7,6,1,0,,C,,,,S,2026-03-02 00:00:00,32000.5,32000.5,0.0,928,1,,,,Art. libreria,9512,,32000.5,0.0
2026,1131,2026-03-02 00:00:00,GMADA,D,P,2025,7390,,441,1110107000,2,110,93,0,0,7,6,1,0,,C,,,,S,2026-03-02 00:00:00,106709.98,106709.98,0.0,761,1,,,,"Art, libreria",9514,,106709.98,0.0
2026,1132,2026-03-02 00:00:00,GMADA,D,P,2025,7487,,441,1110107000,2,110,93,0,0,7,6,1,0,,C,,,,S,2026-03-02 00:00:00,33950.0,33950.0,0.0,761,1,,,,Libreria,9515,,33950.0,0.0
2026,1133,2026-03-02 00:00:00,GMADA,D,P,2025,6648,,441,1110107000,2,110,93,0,0,7,6,1,0,,C,,,,S,2026-03-02 00:00:00,15879.61,15879.61,0.0,761,1,,,,arts de papelera,9516,,15879.61,0.0
2026,1138,2026-03-02 00:00:00,GMADA,D,P,2025,9546,,441,1110107000,2,131,93,0,0,7,6,1,0,,C,,,,S,2026-03-02 00:00:00,220480.87,220480.87,0.0,781,1,,,,arts papel,9530,,220480.87,0.0
2026,1139,2026-03-02 00:00:00,GMADA,D,P,2025,8683,,441,1110107000,2,131,93,0,0,7,6,1,0,,C,,,,S,2026-03-02 00:00:00,201162.63,201162.63,0.0,781,1,,,,prod papel,9531,,201162.63,0.0
2026,1140,2026-03-02 00:00:00,GMADA,D,P,2025,9537,,441,1110107000,2,131,93,0,0,7,6,1,0,,C,,,,S,2026-03-02 00:00:00,38522.96,38522.96,0.0,928,1,,,,arts de papel,9532,,38522.96,0.0
2026,1141,2026-03-02 00:00:00,GMADA,D,P,2025,9652,,441,1110107000,2,131,93,0,0,7,6,1,0,,C,,,,S,2026-03-02 00:00:00,355989.3,355989.3,0.0,781,1,,,,arts de papelera,9535,,355989.3,0.0
2026,1142,2026-03-02 00:00:00,GMADA,D,P,2025,7977,,441,1110107000,2,131,93,0,0,7,6,1,0,,C,,,,S,2026-03-02 00:00:00,397757.61,397757.61,0.0,762,1,,,,utiles,9540,,397757.61,0.0
2026,1144,2026-03-02 00:00:00,GMADA,D,P,2025,8846,,441,1110107000,2,131,93,0,0,7,6,1,0,,C,,,,S,2026-03-02 00:00:00,14786.45,14786.45,0.0,928,1,,,,prod papel,9550,,14786.45,0.0
2026,1145,2026-03-02 00:00:00,GMADA,D,P,2025,8556,,441,1110107000,2,110,93,0,0,7,6,1,0,,C,,,,S,2026-03-02 00:00:00,8755.06,8755.06,0.0,760,1,,,,prod,9551,,8755.06,0.0
2026,1146,2026-03-02 00:00:00,GMADA,D,P,2025,9258,,441,1110107000,2,131,93,0,0,7,6,1,0,,C,,,,S,2026-03-02 00:00:00,259614.37,255466.82,4147.55,781,1,,,,arts de papelera,9565,,259614.37,0.0
2026,1147,2026-03-02 00:00:00,GMADA,D,P,2025,9066,,441,1110107000,2,131,93,0,0,7,6,1,0,,C,,,,S,2026-03-02 00:00:00,465855.22,456538.11,9317.11,762,1,,,,arts de libreria,9566,,465855.22,0.0
2026,1148,2026-03-02 00:00:00,GMADA,D,P,2025,8863,,441,1110107000,2,110,93,0,0,7,6,1,0,,C,,,,S,2026-03-02 00:00:00,25960.04,25440.84,519.2,760,1,,,,arts de libreria,9567,,25960.04,0.0
2026,1149,2026-03-02 00:00:00,GMADA,D,P,2025,7686,,441,1110107000,2,131,93,0,0,7,6,1,0,,C,,,,S,2026-03-02 00:00:00,82254.62,80609.53,1645.09,928,1,,,,Descartable papelera,9571,,82254.62,0.0
2026,1150,2026-03-02 00:00:00,GMADA,D,P,2025,8492,,441,1110107000,2,110,93,0,0,7,6,1,0,,C,,,,S,2026-03-02 00:00:00,3120.0,3120.0,0.0,760,1,,,,cinta,9572,,3120.0,0.0
2026,1152,2026-03-02 00:00:00,GMADA,D,P,2025,8491,,441,1110107000,2,131,93,0,0,7,6,1,0,,C,,,,S,2026-03-02 00:00:00,228170.02,223544.22,4625.8,781,1,,,,prod papel,9578,,228170.02,0.0
2026,1153,2026-03-02 00:00:00,GMADA,D,P,2025,8311,,441,1110107000,2,131,93,0,0,7,6,1,0,,C,,,,S,2026-03-02 00:00:00,47182.94,46239.28,943.66,928,1,,,,utiles,9581,,47182.94,0.0
2026,1155,2026-03-02 00:00:00,GMADA,D,P,2025,8233,,441,1110107000,2,131,93,0,0,7,6,1,0,,C,,,,S,2026-03-02 00:00:00,224097.15,219615.21,4481.94,781,1,,,,arts de papelera,9583,,224097.15,0.0
2026,1157,2026-03-02 00:00:00,GMADA,D,P,2025,7546,,441,1110107000,2,131,93,0,0,7,6,1,0,,C,,,,S,2026-03-02 00:00:00,57424.5,56276.01,1148.49,928,1,,,,Art libreria,9585,,57424.5,0.0
2026,1159,2026-03-02 00:00:00,GMADA,D,P,2025,7413,,441,1110107000,2,131,93,0,0,7,6,1,0,,C,,,,S,2026-03-02 00:00:00,593233.75,581369.07,11864.68,761,1,,,,Descartables papelera,9587,,593233.75,0.0
2026,1160,2026-03-02 00:00:00,GMADA,D,P,2025,7488,,441,1110107000,2,131,93,0,0,7,6,1,0,,C,,,,S,2026-03-02 00:00:00,458950.34,449771.34,9179.0,761,1,,,,Art libreria,9595,,458950.34,0.0
2026,1161,2026-03-02 00:00:00,GMADA,D,P,2025,7484,,441,1110107000,2,131,93,0,0,7,6,1,0,,C,,,,S,2026-03-02 00:00:00,20283.14,19877.47,405.67,928,1,,,,Art. libreria,9596,,20283.14,0.0
2026,1162,2026-03-02 00:00:00,GMADA,D,P,2025,6862,,441,1110107000,2,131,93,0,0,7,6,1,0,,C,,,,S,2026-03-02 00:00:00,33150.0,32487.0,663.0,928,1,,,,arts de papelera,9597,,33150.0,0.0
2026,1163,2026-03-02 00:00:00,GMADA,D,P,2025,6863,,441,1110107000,2,131,93,0,0,7,6,1,0,,C,,,,S,2026-03-02 00:00:00,7620.09,7620.09,0.0,928,1,,,,arts de papelera,9603,,7620.09,0.0
2026,1164,2026-03-02 00:00:00,GMADA,D,P,2025,6752,,441,1110107000,2,131,93,0,0,7,6,1,0,,C,,,,S,2026-03-02 00:00:00,240960.71,235989.1,4971.61,781,1,,,,arts de papelera,9604,,240960.71,0.0
2026,1165,2026-03-02 00:00:00,GMADA,D,P,2025,6435,,441,1110107000,2,131,93,0,0,7,6,1,0,,C,,,,S,2026-03-02 00:00:00,385245.71,377540.79,7704.92,781,1,,,,arts de papelera,9605,,385245.71,0.0
2026,1177,2026-03-03 00:00:00,GMADA,D,P,2025,6443,,441,1110107000,2,110,93,0,0,7,6,1,0,,C,,,,S,2026-03-03 00:00:00,47052.8,47052.8,0.0,761,1,,,,prod vs,9672,,47052.8,0.0
2026,1216,2026-03-05 00:00:00,GMADA,D,P,2025,4448,,777,1110107000,2,110,93,0,0,7,6,1,0,,C,,,,S,2026-03-05 00:00:00,371400.0,371400.0,0.0,842,1,,,,repuestos,10128,,371400.0,0.0
2026,1217,2026-03-05 00:00:00,GMADA,D,P,2025,4465,,777,1110107000,2,110,93,0,0,7,6,1,0,,C,,,,S,2026-03-05 00:00:00,341800.0,341800.0,0.0,842,1,,,,repuestos,10131,,341800.0,0.0
2026,1218,2026-03-05 00:00:00,GMADA,D,P,2025,6139,,2142,1110107000,2,110,93,0,0,7,6,1,0,,C,,,,S,2026-03-05 00:00:00,1140000.0,1128600.0,11400.0,876,1,,,,servs,10139,,1140000.0,0.0
2026,1219,2026-03-05 00:00:00,GMADA,D,P,2025,8651,,2110,1110107000,2,110,93,0,0,7,6,1,0,,C,,,,S,2026-03-05 00:00:00,800000.0,760000.0,40000.0,878,1,,,,trabajos de plomeria,10146,,800000.0,0.0
2026,1220,2026-03-05 00:00:00,GMADA,D,P,2025,6890,,2804,1110107000,2,110,93,0,0,7,6,1,0,,C,,,,S,2026-03-05 00:00:00,179604.0,179604.0,0.0,815,1,,,,frutas/verduras,10150,,179604.0,0.0
2026,1221,2026-03-05 00:00:00,GMADA,D,P,2025,6179,,2998,1110107000,2,110,93,0,0,7,6,1,0,,C,,,,S,2026-03-05 00:00:00,38000.0,37240.0,760.0,817,1,,,,maceta,10159,,38000.0,0.0
2026,1222,2026-03-05 00:00:00,GMADA,D,P,2025,2126,,2998,1110107000,2,110,93,0,0,7,6,1,0,,C,,,,S,2026-03-05 00:00:00,20000.0,19600.0,400.0,817,1,,,,maceteros,10170,,20000.0,0.0
2026,1223,2026-03-05 00:00:00,GMADA,D,P,2025,6028,,428,1110107000,2,110,93,0,0,7,6,1,0,,C,,,,S,2026-03-05 00:00:00,49060.0,49060.0,0.0,816,1,,,,arts de ferret,10181,,49060.0,0.0
2026,1224,2026-03-05 00:00:00,GMADA,D,P,2025,5795,,428,1110107000,2,110,93,0,0,7,6,1,0,,C,,,,S,2026-03-05 00:00:00,80985.3,80985.3,0.0,816,1,,,,CARGADOR,10184,,80985.3,0.0
2026,1225,2026-03-05 00:00:00,GMADA,D,P,2025,5784,,428,1110107000,2,110,93,0,0,7,6,1,0,,C,,,,S,2026-03-05 00:00:00,129973.35,129973.35,0.0,816,1,,,,botas de goma,10186,,129973.35,0.0
2026,905,2026-02-05 00:00:00,GMADA,D,P,2025,7532,,3322,1110107000,2,131,93,0,0,7,6,1,0,,C,,,,S,2026-02-05 00:00:00,9381.75,9381.75,0.0,560,1,,,,Insumos limpieza,6099,,9381.75,0.0
2026,906,2026-02-05 00:00:00,GMADA,D,P,2025,7959,,3322,1110107000,2,131,93,0,0,7,6,1,0,,C,,,,S,2026-02-05 00:00:00,100234.17,98041.86,2192.31,560,1,,,,elementos de limpieza,6100,,100234.17,0.0
2026,907,2026-02-05 00:00:00,GMADA,D,P,2025,7960,,3322,1110107000,2,131,93,0,0,7,6,1,0,,C,,,,S,2026-02-05 00:00:00,1332681.79,1290036.05,42645.74,560,1,,,,elementos de limpieza,6101,,1332681.79,0.0
2026,1178,2026-03-03 00:00:00,GMADA,D,P,2025,6397,,441,1110107000,2,131,93,0,0,7,6,1,0,,C,,,,S,2026-03-03 00:00:00,391827.37,390754.68,1072.69,762,1,,,,arts de papelera,9673,,391827.37,0.0
2026,1179,2026-03-03 00:00:00,GMADA,D,P,2025,5557,,441,1110107000,2,110,93,0,0,7,6,1,0,,C,,,,S,2026-03-03 00:00:00,23122.4,22659.96,462.44,761,1,,,,art,9676,,23122.4,0.0
2026,1180,2026-03-03 00:00:00,GMADA,D,P,2025,5548,,441,1110107000,2,131,93,0,0,7,6,1,0,,C,,,,S,2026-03-03 00:00:00,255504.68,250394.58,5110.1,781,1,,,,utiles de papel,9678,,255504.68,0.0
2026,1181,2026-03-03 00:00:00,GMADA,D,P,2025,5569,,441,1110107000,2,131,93,0,0,7,6,1,0,,C,,,,S,2026-03-03 00:00:00,46200.2,45276.2,924.0,928,1,,,,arts de papelera,9684,,46200.2,0.0
2026,1182,2026-03-03 00:00:00,GMADA,D,P,2025,5832,,441,1110107000,2,131,93,0,0,7,6,1,0,,C,,,,S,2026-03-03 00:00:00,198856.06,194878.94,3977.12,781,1,,,,arts de papelera,9685,,198856.06,0.0
2026,1183,2026-03-03 00:00:00,GMADA,D,P,2025,5907,,441,1110107000,2,131,93,0,0,7,6,1,0,,C,,,,S,2026-03-03 00:00:00,4150.13,4150.13,0.0,928,1,,,,vasos descartables,9686,,4150.13,0.0
2026,1184,2026-03-03 00:00:00,GMADA,D,P,2025,5922,,441,1110107000,2,110,93,0,0,7,6,1,0,,C,,,,S,2026-03-03 00:00:00,43120.0,42174.59,945.41,761,1,,,,UTILES,9688,,43120.0,0.0
2026,1185,2026-03-03 00:00:00,GMADA,D,P,2025,6338,,441,1110107000,2,131,93,0,0,7,6,1,0,,C,,,,S,2026-03-03 00:00:00,22500.0,22050.0,450.0,928,1,,,,utiles,9689,,22500.0,0.0
2026,1186,2026-03-03 00:00:00,GMADA,D,P,2025,6218,,441,1110107000,2,131,93,0,0,7,6,1,0,,C,,,,S,2026-03-03 00:00:00,216734.43,212399.75,4334.68,781,1,,,,UTILES,9693,,216734.43,0.0
2026,1187,2026-03-03 00:00:00,GMADA,D,P,2025,5331,,441,1110107000,2,131,93,0,0,7,6,1,0,,C,,,,S,2026-03-03 00:00:00,54924.88,53826.38,1098.5,928,1,,,,rollos de papel,9695,,54924.88,0.0
2026,1188,2026-03-03 00:00:00,GMADA,D,P,2025,4974,,441,1110107000,2,131,93,0,0,7,6,1,0,,C,,,,S,2026-03-03 00:00:00,282817.62,277161.27,5656.35,781,1,,,,arts de papelera,9696,,282817.62,0.0
2026,947,2026-02-06 00:00:00,GMADA,D,P,2025,6044,,2151,1110107000,2,110,93,0,0,7,6,1,0,,C,,,,S,2026-02-06 00:00:00,28000.0,27440.0,560.0,558,1,,,,arts de ferret,6246,,28000.0,0.0
2026,948,2026-02-06 00:00:00,GMADA,D,P,2025,4579,,2151,1110107000,2,110,93,0,0,7,6,1,0,,C,,,,S,2026-02-06 00:00:00,32000.0,31360.0,640.0,558,1,,,,art de ferret,6248,,32000.0,0.0
2026,949,2026-02-06 00:00:00,GMADA,D,P,2025,9152,,2151,1110107000,2,110,93,0,0,7,6,1,0,,C,,,,S,2026-02-06 00:00:00,70000.0,68600.0,1400.0,558,1,,,,REP,6249,,70000.0,0.0
2026,950,2026-02-06 00:00:00,GMADA,D,P,2025,9630,,2151,1110107000,2,110,93,0,0,7,6,1,0,,C,,,,S,2026-02-06 00:00:00,21000.0,20580.0,420.0,558,1,,,,rep,6250,,21000.0,0.0
2026,951,2026-02-06 00:00:00,GMADA,D,P,2025,9631,,2151,1110107000,2,110,93,0,0,7,6,1,0,,C,,,,S,2026-02-06 00:00:00,83000.0,81340.0,1660.0,558,1,,,,combustibles,6251,,83000.0,0.0
2026,952,2026-02-06 00:00:00,GMADA,D,P,2025,5318,,803,1110107000,2,110,93,0,0,7,6,1,0,,C,,,,S,2026-02-06 00:00:00,625541.02,623030.2,2510.82,484,1,,,,aceite,6252,,625541.02,0.0
2026,953,2026-02-06 00:00:00,GMADA,D,P,2025,8264,,44,1110107000,2,110,93,0,0,7,6,1,0,,C,,,,S,2026-02-06 00:00:00,726000.0,712768.0,13232.0,479,1,,,,utensillos,6270,,726000.0,0.0
2026,954,2026-02-06 00:00:00,GMADA,D,P,2025,1688,,1754,1110107000,2,110,93,0,0,7,6,1,0,,N,,,,S,2026-02-06 00:00:00,175000.0,175000.0,0.0,,1,,,dif de fact 715 en comp 1039,agua,6271,,175000.0,0.0
2026,955,2026-02-06 00:00:00,GMADA,D,P,2025,213,,1754,1110107000,2,110,93,0,0,7,6,1,0,,C,,,,S,2026-02-06 00:00:00,203000.0,203000.0,0.0,637,1,,,,agua,6273,,203000.0,0.0
2026,1190,2026-03-03 00:00:00,GMADA,D,P,2025,5231,,441,1110107000,2,131,93,0,0,7,6,1,0,,C,,,,S,2026-03-03 00:00:00,73650.07,72177.06,1473.01,928,1,,,,arts de papelera,9704,,73650.07,0.0
2026,1191,2026-03-03 00:00:00,GMADA,D,P,2025,5247,,441,1110107000,2,131,93,0,0,7,6,1,0,,C,,,,S,2026-03-03 00:00:00,411774.93,403539.44,8235.49,762,1,,,,arts de papelera,9705,,411774.93,0.0
2026,1192,2026-03-03 00:00:00,GMADA,D,P,2025,3154,,441,1110107000,2,131,93,0,0,7,6,1,0,,C,,,,S,2026-03-03 00:00:00,6830.0,6830.0,0.0,928,1,,,,descartables,9706,,6830.0,0.0
2026,1193,2026-03-03 00:00:00,GMADA,D,P,2025,3383,,441,1110107000,2,131,93,0,0,7,6,1,0,,C,,,,S,2026-03-03 00:00:00,273691.18,273691.18,0.0,781,1,,,,arts de libreria,9717,,273691.18,0.0
2026,1194,2026-03-03 00:00:00,GMADA,D,P,2025,3382,,441,1110107000,2,110,93,0,0,7,6,1,0,,C,,,,S,2026-03-03 00:00:00,20330.02,20330.02,0.0,761,1,,,,arts de libreria,9718,,20330.02,0.0
2026,1195,2026-03-03 00:00:00,GMADA,D,P,2025,3907,,441,1110107000,2,110,93,0,0,7,6,1,0,,C,,,,S,2026-03-03 00:00:00,14540.02,14540.02,0.0,761,1,,,,arts de papelera,9719,,14540.02,0.0
2026,1196,2026-03-03 00:00:00,GMADA,D,P,2025,4499,,441,1110107000,2,110,93,0,0,7,6,1,0,,C,,,,S,2026-03-03 00:00:00,19806.51,19806.51,0.0,761,1,,,,arts de papelera,9720,,19806.51,0.0
2026,1197,2026-03-03 00:00:00,GMADA,D,P,2025,3323,,441,1110107000,2,131,93,0,0,7,6,1,0,,C,,,,S,2026-03-03 00:00:00,246484.58,246484.58,0.0,781,1,,,,arts de libreria,9722,,246484.58,0.0
2026,1198,2026-03-03 00:00:00,GMADA,D,P,2025,5069,,441,1110107000,2,131,93,0,0,7,6,1,0,,C,,,,S,2026-03-03 00:00:00,54313.55,54313.55,0.0,781,1,,,,arts descarts,9725,,54313.55,0.0
2026,1199,2026-03-03 00:00:00,GMADA,D,P,2025,4091,,441,1110107000,2,131,93,0,0,7,6,1,0,,C,,,,S,2026-03-03 00:00:00,469899.97,468737.47,1162.5,781,1,,,,arts de papelera,9728,,469899.97,0.0
2026,1200,2026-03-03 00:00:00,GMADA,D,P,2025,3668,,441,1110107000,2,131,93,0,0,7,6,1,0,,C,,,,S,2026-03-03 00:00:00,281771.85,281771.85,0.0,781,1,,,,descartables,9733,,281771.85,0.0
2026,1226,2026-03-05 00:00:00,GMADA,D,P,2025,6171,,68,1110107000,2,110,93,0,0,7,6,1,0,,C,,,,S,2026-03-05 00:00:00,760000.0,760000.0,0.0,814,1,,,,destape de pozos,10263,,760000.0,0.0
2026,908,2026-02-05 00:00:00,GMADA,D,P,2025,7961,,3322,1110107000,2,131,93,0,0,7,6,1,0,,C,,,,S,2026-02-05 00:00:00,803499.75,777787.86,25711.89,560,1,,,,prod limp,6111,,803499.75,0.0
2026,909,2026-02-05 00:00:00,GMADA,D,P,2025,8213,,3322,1110107000,2,131,93,0,0,7,6,1,0,,C,,,,S,2026-02-05 00:00:00,366481.51,354754.18,11727.33,560,1,,,,arts de limp-,6112,,366481.51,0.0
2026,910,2026-02-05 00:00:00,GMADA,D,P,2025,8118,,3322,1110107000,2,131,93,0,0,7,6,1,0,,C,,,,S,2026-02-05 00:00:00,149277.09,146291.55,2985.54,560,1,,,,prod limp,6113,,149277.09,0.0
2026,911,2026-02-05 00:00:00,GMADA,D,P,2025,8212,,3322,1110107000,2,131,93,0,0,7,6,1,0,,C,,,,S,2026-02-05 00:00:00,90067.63,88266.27,1801.36,560,1,,,,arts de limp,6116,,90067.63,0.0
2026,912,2026-02-05 00:00:00,GMADA,D,P,2025,8316,,3322,1110107000,2,131,93,0,0,7,6,1,0,,C,,,,S,2026-02-05 00:00:00,67904.16,66546.08,1358.08,560,1,,,,elementos de limp,6118,,67904.16,0.0
2026,913,2026-02-05 00:00:00,GMADA,D,P,2025,8260,,3322,1110107000,2,131,93,0,0,7,6,1,0,,C,,,,S,2026-02-05 00:00:00,179414.68,175826.39,3588.29,560,1,,,,prod de papel,6119,,179414.68,0.0
2026,914,2026-02-05 00:00:00,GMADA,D,P,2025,8252,,3322,1110107000,2,131,93,0,0,7,6,1,0,,C,,,,S,2026-02-05 00:00:00,158004.53,154844.44,3160.09,560,1,,,,PROD QUIMICOS,6122,,158004.53,0.0
2026,915,2026-02-05 00:00:00,GMADA,D,P,2025,8235,,3322,1110107000,2,131,93,0,0,7,6,1,0,,C,,,,S,2026-02-05 00:00:00,136406.15,133678.02,2728.13,560,1,,,,arts de limp,6123,,136406.15,0.0
2026,916,2026-02-05 00:00:00,GMADA,D,P,2025,8249,,3322,1110107000,2,131,93,0,0,7,6,1,0,,C,,,,S,2026-02-05 00:00:00,262957.2,254542.66,8414.54,560,1,,,,arts de limp,6124,,262957.2,0.0
2026,917,2026-02-05 00:00:00,GMADA,D,P,2025,8250,,3322,1110107000,2,131,93,0,0,7,6,1,0,,C,,,,S,2026-02-05 00:00:00,468784.82,453783.72,15001.1,560,1,,,,arts de limp,6125,,468784.82,0.0
2026,918,2026-02-05 00:00:00,GMADA,D,P,2025,8253,,3322,1110107000,2,131,93,0,0,7,6,1,0,,C,,,,S,2026-02-05 00:00:00,360047.04,348525.6,11521.44,560,1,,,,ELEMENTOS DE LIMP,6131,,360047.04,0.0
2026,919,2026-02-05 00:00:00,GMADA,D,P,2025,8342,,3322,1110107000,2,131,93,0,0,7,6,1,0,,C,,,,S,2026-02-05 00:00:00,120863.21,118445.95,2417.26,560,1,,,,ELEMENTOS DE LIMP,6132,,120863.21,0.0
2026,920,2026-02-05 00:00:00,GMADA,D,P,2025,7091,,3322,1110107000,2,131,93,0,0,7,6,1,0,,C,,,,S,2026-02-05 00:00:00,166034.78,162714.08,3320.7,560,1,,,,arts de limp,6133,,166034.78,0.0
2026,921,2026-02-05 00:00:00,GMADA,D,P,2025,7092,,3322,1110107000,2,131,93,0,0,7,6,1,0,,C,,,,S,2026-02-05 00:00:00,215673.0,208771.54,6901.46,560,1,,,,arts de limp,6134,,215673.0,0.0
2026,922,2026-02-05 00:00:00,GMADA,D,P,2025,7195,,3322,1110107000,2,131,93,0,0,7,6,1,0,,C,,,,S,2026-02-05 00:00:00,320000.0,309760.0,10240.0,562,1,,,,serv de mant,6145,,320000.0,0.0
2026,923,2026-02-05 00:00:00,GMADA,D,P,2025,7387,,3322,1110107000,2,131,93,0,0,7,6,1,0,,C,,,,S,2026-02-05 00:00:00,848016.45,820880.02,27136.43,562,1,,,,Art. de limpieza,6148,,848016.45,0.0
2026,924,2026-02-05 00:00:00,GMADA,D,P,2025,7480,,3322,1110107000,2,131,93,0,0,7,6,1,0,,C,,,,S,2026-02-05 00:00:00,343205.34,332222.84,10982.5,560,1,,,,Art. limpieza,6153,,343205.34,0.0
2026,925,2026-02-05 00:00:00,GMADA,D,P,2025,7586,,3322,1110107000,2,131,93,0,0,7,6,1,0,,C,,,,S,2026-02-05 00:00:00,80345.23,78738.32,1606.91,562,1,,,,Art. limpieza,6162,,80345.23,0.0
2026,926,2026-02-05 00:00:00,GMADA,D,P,2025,7599,,3322,1110107000,2,131,93,0,0,7,6,1,0,,C,,,,S,2026-02-05 00:00:00,270032.63,261391.68,8640.95,562,1,,,,Art. limpieza,6168,,270032.63,0.0
2026,927,2026-02-05 00:00:00,GMADA,D,P,2025,7820,,3322,1110107000,2,131,93,0,0,7,6,1,0,,C,,,,S,2026-02-05 00:00:00,83883.19,82205.52,1677.67,560,1,,,,art de limp,6169,,83883.19,0.0
2026,928,2026-02-05 00:00:00,GMADA,D,P,2025,7834,,3322,1110107000,2,131,93,0,0,7,6,1,0,,C,,,,S,2026-02-05 00:00:00,46238.6,45313.83,924.77,560,1,,,,ELEMENTOS DE LIMP,6170,,46238.6,0.0
2026,929,2026-02-05 00:00:00,GMADA,D,P,2025,8493,,3322,1110107000,2,131,93,0,0,7,6,1,0,,C,,,,S,2026-02-05 00:00:00,723534.26,700381.18,23153.08,562,1,,,,elementos de limp,6171,,723534.26,0.0
2026,930,2026-02-05 00:00:00,GMADA,D,P,2025,8950,,3322,1110107000,2,131,93,0,0,7,6,1,0,,C,,,,S,2026-02-05 00:00:00,310786.08,300840.96,9945.12,562,1,,,,arts de limp,6172,,310786.08,0.0
2026,931,2026-02-05 00:00:00,GMADA,D,P,2025,9183,,3322,1110107000,2,131,93,0,0,7,6,1,0,,C,,,,S,2026-02-05 00:00:00,723535.08,700381.97,23153.11,562,1,,,,ELEMENTOS DE LIMP,6173,,723535.08,0.0
2026,932,2026-02-05 00:00:00,GMADA,D,P,2025,8847,,3322,1110107000,2,131,93,0,0,7,6,1,0,,C,,,,S,2026-02-05 00:00:00,427031.21,413366.29,13664.92,562,1,,,,elementos limp,6174,,427031.21,0.0
2026,933,2026-02-05 00:00:00,GMADA,D,P,2025,8949,,3322,1110107000,2,131,93,0,0,7,6,1,0,,C,,,,S,2026-02-05 00:00:00,317797.22,307627.78,10169.44,562,1,,,,arts de limp,6175,,317797.22,0.0
2026,934,2026-02-05 00:00:00,GMADA,D,P,2025,8948,,3322,1110107000,2,131,93,0,0,7,6,1,0,,C,,,,S,2026-02-05 00:00:00,50103.93,49101.85,1002.08,562,1,,,,arts de limp,6176,,50103.93,0.0
2026,935,2026-02-05 00:00:00,GMADA,D,P,2025,8496,,3322,1110107000,2,131,93,0,0,7,6,1,0,,C,,,,S,2026-02-05 00:00:00,95540.73,93629.91,1910.82,562,1,,,,prod limp,6177,,95540.73,0.0
2026,936,2026-02-05 00:00:00,GMADA,D,P,2025,8485,,3322,1110107000,2,131,93,0,0,7,6,1,0,,C,,,,S,2026-02-05 00:00:00,234697.96,227187.7,7510.26,562,1,,,,arts de limp,6178,,234697.96,0.0
2026,937,2026-02-05 00:00:00,GMADA,D,P,2025,8497,,3322,1110107000,2,131,93,0,0,7,6,1,0,,C,,,,S,2026-02-05 00:00:00,95411.31,93503.09,1908.22,562,1,,,,prod limp,6179,,95411.31,0.0
2026,938,2026-02-05 00:00:00,GMADA,D,P,2025,8313,,3322,1110107000,2,131,93,0,0,7,6,1,0,,C,,,,S,2026-02-05 00:00:00,151250.0,148225.0,3025.0,562,1,,,,mant,6180,,151250.0,0.0
2026,939,2026-02-05 00:00:00,GMADA,D,P,2025,8463,,3322,1110107000,2,131,93,0,0,7,6,1,0,,C,,,,S,2026-02-05 00:00:00,22708.27,22254.1,454.17,562,1,,,,elementos de llimp,6181,,22708.27,0.0
2026,940,2026-02-05 00:00:00,GMADA,D,P,2025,8592,,3322,1110107000,2,131,93,0,0,7,6,1,0,,C,,,,S,2026-02-05 00:00:00,163596.02,160324.1,3271.92,562,1,,,,arts de limp,6182,,163596.02,0.0
2026,941,2026-02-05 00:00:00,GMADA,D,P,2025,8697,,3322,1110107000,2,131,93,0,0,7,6,1,0,,C,,,,S,2026-02-05 00:00:00,219149.68,212136.99,7012.69,562,1,,,,art de papel,6183,,219149.68,0.0
2026,942,2026-02-05 00:00:00,GMADA,D,P,2025,8547,,3322,1110107000,2,131,93,0,0,7,6,1,0,,C,,,,S,2026-02-05 00:00:00,228598.89,221283.81,7315.08,562,1,,,,prod limp,6184,,228598.89,0.0
2026,943,2026-02-05 00:00:00,GMADA,D,P,2025,8860,,3322,1110107000,2,131,93,0,0,7,6,1,0,,C,,,,S,2026-02-05 00:00:00,723534.26,700381.17,23153.09,562,1,,,,elementos de limp,6185,,723534.26,0.0
2026,962,2026-02-09 00:00:00,GMADA,D,P,2025,7012,,3390,1110107000,2,131,93,0,0,7,6,1,0,,C,,,,S,2026-02-09 00:00:00,820700.0,794437.6,26262.4,483,1,,,,pan,6417,,820700.0,0.0
2026,964,2026-02-09 00:00:00,GMADA,D,P,2025,5252,,3390,1110107000,2,131,93,0,0,7,6,1,0,,C,,,,S,2026-02-09 00:00:00,917600.0,888236.8,29363.2,483,1,,,,pan,6419,,917600.0,0.0
2026,965,2026-02-09 00:00:00,GMADA,D,P,2025,6208,,3390,1110107000,2,131,93,0,0,7,6,1,0,,C,,,,S,2026-02-09 00:00:00,826500.0,800052.0,26448.0,483,1,,,,PAN,6421,,826500.0,0.0
2026,966,2026-02-09 00:00:00,GMADA,D,P,2025,6894,,3525,1110107000,2,110,93,0,0,7,6,1,0,,C,,,,S,2026-02-09 00:00:00,2000000.0,1998400.0,1600.0,700,1,,,,honorarios,6424,,2000000.0,0.0
2026,968,2026-02-09 00:00:00,GMADA,D,P,2025,8844,,3336,1110107000,2,110,93,0,0,7,6,1,0,,C,,,,S,2026-02-09 00:00:00,760000.0,759392.0,608.0,516,1,,,,rep,6431,,760000.0,0.0
2026,969,2026-02-09 00:00:00,GMADA,D,P,2025,8869,,2410,1110107000,2,131,93,0,0,7,6,1,0,,C,,,,S,2026-02-09 00:00:00,80000.0,80000.0,0.0,539,1,,,,rep,6437,,80000.0,0.0
2026,970,2026-02-09 00:00:00,GMADA,D,P,2025,9956,,2410,1110107000,2,110,93,0,0,7,6,1,0,,C,,,,S,2026-02-09 00:00:00,595000.0,595000.0,0.0,544,1,,,,reparacion vehiculo,6439,,595000.0,0.0
2026,971,2026-02-09 00:00:00,GMADA,D,P,2025,9288,,2410,1110107000,2,110,93,0,0,7,6,1,0,,C,,,,S,2026-02-09 00:00:00,510000.0,510000.0,0.0,544,1,,,,elementos de electricidad,6441,,510000.0,0.0
2026,1189,2026-03-03 00:00:00,GMADA,D,P,2025,5092,,441,1110107000,2,131,93,0,0,7,6,1,0,,C,,,,S,2026-03-03 00:00:00,68660.0,67286.8,1373.2,928,1,,,,arts de papelera,9697,,68660.0,0.0
2026,1241,2026-03-12 00:00:00,GMADA,D,P,2025,8654,,17,1110107000,2,110,93,0,0,7,6,1,0,,C,,,,S,2026-03-12 00:00:00,93000.0,88350.0,4650.0,925,1,,,,aceites y filtros,11006,,93000.0,0.0
2026,1242,2026-03-12 00:00:00,GMADA,D,P,2025,8656,,17,1110107000,2,110,93,0,0,7,6,1,0,,C,,,,S,2026-03-12 00:00:00,690400.0,655880.0,34520.0,930,1,,,,repuestos,11013,,690400.0,0.0
2026,1243,2026-03-12 00:00:00,GMADA,D,P,2025,9622,,3332,1110107000,2,110,93,0,0,7,6,1,0,,C,,,,S,2026-03-12 00:00:00,179000.0,179000.0,0.0,931,1,,,,reparacion,11030,,179000.0,0.0
2026,1244,2026-03-12 00:00:00,GMADA,D,P,2025,8390,,3332,1110107000,2,110,93,0,0,7,6,1,0,,C,,,,S,2026-03-12 00:00:00,347000.0,347000.0,0.0,931,1,,,,rep,11034,,347000.0,0.0
2026,1245,2026-03-12 00:00:00,GMADA,D,P,2025,8352,,3332,1110107000,2,110,93,0,0,7,6,1,0,,C,,,,S,2026-03-12 00:00:00,146400.0,146400.0,0.0,931,1,,,,CARGA DE MATAFUEGOS,11037,,146400.0,0.0
2026,1246,2026-03-12 00:00:00,GMADA,D,P,2025,5554,,3396,1110107000,2,110,93,0,0,7,6,1,0,,N,,,,S,2026-03-12 00:00:00,695000.0,667200.0,27800.0,,1,,,,placa,11053,,695000.0,0.0
2026,1201,2026-03-04 00:00:00,GMADA,D,P,2025,200,,1994,1110107000,2,110,93,0,0,7,6,1,0,,N,,,,S,2026-03-04 00:00:00,16000.0,15840.0,160.0,,1,,,,flete,9960,,16000.0,0.0
2026,1202,2026-03-04 00:00:00,GMADA,D,P,2025,7928,,171,1110107000,2,110,93,0,0,7,6,1,0,,C,,,,S,2026-03-04 00:00:00,8900.0,8900.0,0.0,818,1,,,,arts elécts,9961,,8900.0,0.0
2026,1203,2026-03-04 00:00:00,GMADA,D,P,2025,4543,,171,1110107000,2,110,93,0,0,7,6,1,0,,C,,,,S,2026-03-04 00:00:00,7900.0,7900.0,0.0,818,1,,,,arts de elect.,9967,,7900.0,0.0
2026,972,2026-02-09 00:00:00,GMADA,D,P,2025,8944,,2410,1110107000,2,110,93,0,0,7,6,1,0,,C,,,,S,2026-02-09 00:00:00,465000.0,465000.0,0.0,544,1,,,,REP,6442,,465000.0,0.0
2026,973,2026-02-09 00:00:00,GMADA,D,P,2025,5315,,2410,1110107000,2,110,93,0,0,7,6,1,0,,C,,,,S,2026-02-09 00:00:00,305000.0,305000.0,0.0,544,1,,,,trabajos de elect.,6444,,305000.0,0.0
2026,974,2026-02-09 00:00:00,GMADA,D,P,2025,7384,,2410,1110107000,2,110,93,0,0,7,6,1,0,,C,,,,S,2026-02-09 00:00:00,135000.0,135000.0,0.0,544,1,,,,Reparacion vehiculos,6445,,135000.0,0.0
2026,975,2026-02-09 00:00:00,GMADA,D,P,2025,505,,877,1110107000,2,110,93,0,0,7,6,1,0,,C,,,,S,2026-02-09 00:00:00,80000.0,80000.0,0.0,491,1,,,,srvs. de grabac.,6447,,80000.0,0.0
2026,976,2026-02-09 00:00:00,GMADA,D,P,2025,505,,877,1110107000,2,110,93,0,0,7,6,1,0,,C,,,,S,2026-02-09 00:00:00,160000.0,160000.0,0.0,491,1,,,,srvs. de grabac.,6456,,160000.0,0.0
2026,977,2026-02-09 00:00:00,GMADA,D,P,2025,6661,,3297,1110107000,2,110,93,0,0,7,6,1,0,,C,,,,S,2026-02-09 00:00:00,366000.0,361608.0,4392.0,515,1,,,,repuestos,6458,,366000.0,0.0
2026,1204,2026-03-04 00:00:00,GMADA,D,P,2025,7879,,171,1110107000,2,110,93,0,0,7,6,1,0,,C,,,,S,2026-03-04 00:00:00,11600.0,11600.0,0.0,818,1,,,,cinta metrica,9972,,11600.0,0.0
2026,1205,2026-03-04 00:00:00,GMADA,D,P,2025,7866,,171,1110107000,2,110,93,0,0,7,6,1,0,,C,,,,S,2026-03-04 00:00:00,16800.0,16800.0,0.0,818,1,,,,LAMPARA LED,9975,,16800.0,0.0
2026,1206,2026-03-04 00:00:00,GMADA,D,P,2025,7863,,171,1110107000,2,110,93,0,0,7,6,1,0,,C,,,,S,2026-03-04 00:00:00,42200.0,42200.0,0.0,818,1,,,,REP,9977,,42200.0,0.0
2026,1207,2026-03-04 00:00:00,GMADA,D,P,2025,7992,,171,1110107000,2,110,93,0,0,7,6,1,0,,C,,,,S,2026-03-04 00:00:00,47400.0,47400.0,0.0,818,1,,,,arts de elect,9983,,47400.0,0.0
2026,1208,2026-03-04 00:00:00,GMADA,D,P,2025,4782,,171,1110107000,2,110,93,0,0,7,6,1,0,,C,,,,S,2026-03-04 00:00:00,15000.0,15000.0,0.0,818,1,,,,lámparas,9984,,15000.0,0.0
2026,1209,2026-03-04 00:00:00,GMADA,D,P,2025,5017,,1315,1110107000,2,110,93,0,0,7,6,1,0,,C,,,,S,2026-03-04 00:00:00,237000.0,237000.0,0.0,765,1,,,,pelota,9987,,237000.0,0.0
2026,1210,2026-03-04 00:00:00,GMADA,D,P,2025,9391,,2636,1110107000,2,110,93,0,0,7,6,1,0,,C,,,,S,2026-03-04 00:00:00,90000.0,89100.0,900.0,763,1,,,,serv de mantenimiento,9988,,90000.0,0.0
2026,1211,2026-03-04 00:00:00,GMADA,D,P,2025,9551,,2636,1110107000,2,110,93,0,0,7,6,1,0,,C,,,,S,2026-03-04 00:00:00,131000.0,129690.0,1310.0,763,1,,,,ventana,9989,,131000.0,0.0
2026,1212,2026-03-04 00:00:00,GMADA,D,P,2025,8636,,86,1110107000,2,110,93,0,0,7,6,1,0,,C,,,,S,2026-03-04 00:00:00,35500.0,35500.0,0.0,764,1,,,,VIDRIOS,9992,,35500.0,0.0
2026,1213,2026-03-04 00:00:00,GMADA,D,P,2025,5952,,3419,1110107000,2,110,93,0,0,7,6,1,0,,C,,,,S,2026-03-04 00:00:00,3000000.0,2784000.0,216000.0,908,1,,,,ALBAÑILERIA,10057,,3000000.0,0.0
2026,899,2026-02-04 00:00:00,GMADA,D,P,2025,9765,,1514,1110107000,2,132,93,0,0,7,6,1,0,,C,,,,S,2026-02-04 00:00:00,2571557.99,2530126.84,41431.15,463,1,,,,Combustible,5917,,2571557.99,0.0
2026,900,2026-02-04 00:00:00,GMADA,D,P,2025,9385,,1514,1110107000,2,132,93,0,0,7,6,1,0,,C,,,,S,2026-02-04 00:00:00,2192400.0,2148552.0,43848.0,463,1,,,,comb-,5928,,2192400.0,0.0
2026,901,2026-02-04 00:00:00,GMADA,D,P,2025,8355,,1514,1110107000,2,132,93,0,0,7,6,1,0,,C,,,,S,2026-02-04 00:00:00,11432000.0,11089040.0,342960.0,463,1,,,,GASOIL,5937,,11432000.0,0.0
2026,980,2026-02-09 00:00:00,GMADA,D,P,2025,6694,,141,1110107000,2,110,93,0,0,7,6,3,0,,C,,,,S,2026-02-09 00:00:00,138449.25,138449.25,0.0,517,1,,,,arts de pint,6470,,138449.25,0.0
2026,981,2026-02-09 00:00:00,GMADA,D,P,2025,9277,,1514,1110107000,2,132,93,0,0,7,6,1,0,,C,,,,S,2026-02-09 00:00:00,9525600.0,9335088.01,190511.99,567,1,,,,gas-oil,6514,,9525600.0,0.0
2026,982,2026-02-09 00:00:00,GMADA,D,P,2025,7400,,1514,1110107000,2,110,93,0,0,7,6,1,0,,C,,,,S,2026-02-09 00:00:00,2011499.99,1971269.99,40230.0,567,1,,,,Repuestos vehiculos,6515,,2011499.99,0.0
2026,983,2026-02-09 00:00:00,GMADA,D,P,2025,8650,,1514,1110107000,2,110,93,0,0,7,6,1,0,,C,,,,S,2026-02-09 00:00:00,3010214.0,2950009.72,60204.28,567,1,,,,lubricantes,6519,,3010214.0,0.0
2026,984,2026-02-09 00:00:00,GMADA,D,P,2025,9745,,1514,1110107000,2,132,93,0,0,7,6,1,0,,C,,,,S,2026-02-09 00:00:00,9574323.0,9382836.54,191486.46,567,1,,,,combustible,6520,,9574323.0,0.0
2026,985,2026-02-09 00:00:00,GMADA,D,P,2025,9386,,1514,1110107000,2,131,93,0,0,7,6,1,0,,C,,,,S,2026-02-09 00:00:00,10584000.0,10266480.0,317520.0,567,1,,,,comb.,6535,,10584000.0,0.0
2026,986,2026-02-09 00:00:00,GMADA,D,P,2025,8632,,1514,1110107000,2,131,93,0,0,7,6,1,0,,C,,,,S,2026-02-09 00:00:00,5836000.0,5719280.0,116720.0,567,1,,,,gas-oil,6537,,5836000.0,0.0
2026,987,2026-02-09 00:00:00,GMADA,D,P,2025,8384,,1514,1110107000,2,131,93,0,0,7,6,1,0,,C,,,,S,2026-02-09 00:00:00,4287000.0,4201260.0,85740.0,561,1,,,,gasoil,6540,,4287000.0,0.0
2026,988,2026-02-09 00:00:00,GMADA,D,P,2025,9746,,1514,1110107000,2,131,93,0,0,7,6,1,0,,C,,,,S,2026-02-09 00:00:00,9306000.0,9119880.0,186120.0,561,1,,,,gas oil,6548,,9306000.0,0.0
2026,989,2026-02-09 00:00:00,GMADA,D,P,2025,9072,,1514,1110107000,2,131,93,0,0,7,6,1,0,,C,,,,S,2026-02-09 00:00:00,2895214.0,2837309.72,57904.28,567,1,,,,aceites,6549,,2895214.0,0.0
2026,990,2026-02-09 00:00:00,GMADA,D,P,2025,8663,,1259,1110107000,2,110,93,0,0,7,6,1,0,,C,,,,S,2026-02-09 00:00:00,12705.48,12705.48,0.0,645,1,,,,arts de elect,6550,,12705.48,0.0
2026,991,2026-02-09 00:00:00,GMADA,D,P,2025,8868,,1259,1110107000,2,110,93,0,0,7,6,1,0,,C,,,,S,2026-02-09 00:00:00,328575.8,324632.9,3942.9,645,1,,,,utiles,6551,,328575.8,0.0
2026,992,2026-02-09 00:00:00,GMADA,D,P,2025,8961,,1259,1110107000,2,110,93,0,0,7,6,1,0,,C,,,,S,2026-02-09 00:00:00,6581.4,6581.4,0.0,645,1,,,,insumos de elect,6552,,6581.4,0.0
2026,993,2026-02-09 00:00:00,GMADA,D,P,2025,7993,,1259,1110107000,2,110,93,0,0,7,6,1,0,,C,,,,S,2026-02-09 00:00:00,79164.4,79164.4,0.0,645,1,,,,arts de elect,6553,,79164.4,0.0
2026,994,2026-02-09 00:00:00,GMADA,D,P,2025,8662,,1259,1110107000,2,110,93,0,0,7,6,1,0,,C,,,,S,2026-02-09 00:00:00,69482.0,69482.0,0.0,645,2,,,,arts de elect,6554,,69482.0,0.0
2026,995,2026-02-09 00:00:00,GMADA,D,P,2025,6792,,1259,1110107000,2,131,93,0,0,7,6,1,0,,C,,,,S,2026-02-09 00:00:00,149394.0,146475.94,2918.06,646,1,,,,arts de elect,6555,,149394.0,0.0
2026,1214,2026-03-05 00:00:00,GMADA,D,P,2025,4487,,777,1110107000,2,110,93,0,0,7,6,1,0,,C,,,,S,2026-03-05 00:00:00,560500.0,560500.0,0.0,842,1,,,,repuestos,10107,,560500.0,0.0
2026,1215,2026-03-05 00:00:00,GMADA,D,P,2025,4429,,777,1110107000,2,110,93,0,0,7,6,1,0,,C,,,,S,2026-03-05 00:00:00,127000.0,127000.0,0.0,842,1,,,,rep,10108,,127000.0,0.0
2026,1228,2026-03-09 00:00:00,GMADA,D,P,2025,256,,41,1110107000,2,110,93,0,0,7,6,1,0,,C,,,,S,2026-03-09 00:00:00,70000.0,70000.0,0.0,841,1,,,,publicidad,10607,,70000.0,0.0
2026,1229,2026-03-09 00:00:00,GMADA,D,P,2025,256,,41,1110107000,2,110,93,0,0,7,6,1,0,,C,,,,S,2026-03-09 00:00:00,70000.0,70000.0,0.0,841,1,,,,publicidad,10608,,70000.0,0.0
2026,1230,2026-03-09 00:00:00,GMADA,D,P,2025,6896,,41,1110107000,2,110,93,0,0,7,6,1,0,,C,,,,S,2026-03-09 00:00:00,90000.0,90000.0,0.0,841,1,,,,locuc.,10609,,90000.0,0.0
2026,1231,2026-03-09 00:00:00,GMADA,D,P,2025,7818,,41,1110107000,2,110,93,0,0,7,6,1,0,,C,,,,S,2026-03-09 00:00:00,150000.0,150000.0,0.0,841,1,,,,locucion,10610,,150000.0,0.0
2026,1232,2026-03-09 00:00:00,GMADA,D,P,2025,256,,41,1110107000,2,110,93,0,0,7,6,1,0,,N,,,,S,2026-03-09 00:00:00,70000.0,0.0,70000.0,,0,,,,publicidad,10611,,70000.0,0.0
2026,1233,2026-03-09 00:00:00,GMADA,D,P,2025,256,,41,1110107000,2,110,93,0,0,7,6,1,0,,C,,,,S,2026-03-09 00:00:00,70000.0,70000.0,0.0,841,1,,,,publicidad,10613,,70000.0,0.0
2026,1249,2026-03-16 00:00:00,GMADA,D,P,2025,9805,,3287,1110107000,2,110,93,0,0,7,6,1,0,,N,,,,S,2026-03-16 00:00:00,71600.0,70740.8,859.2,,1,,,,Servicio de impresion,11476,,71600.0,0.0
2026,1250,2026-03-16 00:00:00,GMADA,D,P,2025,9547,,3287,1110107000,2,110,93,0,0,7,6,1,0,,N,,,,S,2026-03-16 00:00:00,59500.0,58786.0,714.0,,1,,,,serv de impresion,11478,,59500.0,0.0
2026,1251,2026-03-16 00:00:00,GMADA,D,P,2025,8480,,3287,1110107000,2,110,93,0,0,7,6,1,0,,N,,,,S,2026-03-16 00:00:00,42000.0,41496.0,504.0,,1,,,,servs de imp,11479,,42000.0,0.0
2026,978,2026-02-09 00:00:00,GMADA,D,P,2025,5687,,3297,1110107000,2,110,93,0,0,7,6,1,0,,C,,,,S,2026-02-09 00:00:00,211000.0,208468.0,2532.0,515,1,,,,repuestos,6462,,211000.0,0.0
2026,1008,2026-02-10 00:00:00,GMADA,D,P,2025,4857,,68,1110107000,2,110,93,0,0,7,6,1,0,,C,,,,S,2026-02-10 00:00:00,720000.0,720000.0,0.0,501,1,,,,destape de pozos,6638,,720000.0,0.0
2026,1013,2026-02-10 00:00:00,GMADA,D,P,2025,9414,,125,1110107000,2,131,93,0,0,7,6,1,0,,C,,,,S,2026-02-10 00:00:00,279256.78,275905.78,3351.0,518,1,,,,prod farm,6657,,279256.78,0.0
2026,1035,2026-02-10 00:00:00,GMADA,D,P,2025,9186,,2680,1110107000,2,131,93,0,0,7,6,1,0,,C,,,,S,2026-02-10 00:00:00,499500.0,493506.0,5994.0,505,1,,,,REP GAS,6686,,499500.0,0.0
2026,1036,2026-02-10 00:00:00,GMADA,D,P,2025,5088,,2680,1110107000,2,110,93,0,0,7,6,1,0,,C,,,,S,2026-02-10 00:00:00,234000.0,226522.0,7478.0,503,1,,,,gas,6687,,234000.0,0.0
2026,1037,2026-02-10 00:00:00,GMADA,D,P,2025,9197,,2680,1110107000,2,110,93,0,0,7,6,1,0,,A,,,,S,2026-02-10 00:00:00,126000.0,123480.0,2520.0,,1,2026-02-11 00:00:00,ERROR,,carga de gas,6688,6747,126000.0,0.0
2026,1038,2026-02-10 00:00:00,GMADA,D,P,2025,9187,,2680,1110107000,2,131,93,0,0,7,6,1,0,,C,,,,S,2026-02-10 00:00:00,133800.0,131124.0,2676.0,508,1,,,,arts de ferret,6689,,133800.0,0.0
2026,1039,2026-02-10 00:00:00,GMADA,D,P,2025,9405,,2330,1110107000,2,110,93,0,0,7,6,1,0,,C,,,,S,2026-02-10 00:00:00,434241.27,427068.95,7172.32,534,1,,,,combustibles,6690,,434241.27,0.0
2026,1040,2026-02-10 00:00:00,GMADA,D,P,2025,5880,,87,1110107000,2,131,93,0,0,7,6,1,0,,C,,,,S,2026-02-10 00:00:00,4580330.0,4443759.5,136570.5,620,1,,,,medicamentos,6691,,4580330.0,0.0
2026,1051,2026-02-19 00:00:00,GMADA,D,P,2025,9736,,68,1110107000,2,132,93,0,0,7,6,1,0,,C,,,,S,2026-02-19 00:00:00,800000.0,800000.0,0.0,609,1,,,,destape,7827,,800000.0,0.0
2026,1053,2026-02-19 00:00:00,GMADA,D,P,2025,5849,,3208,1110107000,2,110,93,0,0,7,6,1,0,,C,,,,S,2026-02-19 00:00:00,260000.0,260000.0,0.0,608,1,,,,SERV DE BAÑOS,7836,,260000.0,0.0
2026,1056,2026-02-19 00:00:00,GMADA,D,P,2025,8661,,86,1110107000,2,131,93,0,0,7,6,1,0,,C,,,,S,2026-02-19 00:00:00,15000.0,15000.0,0.0,631,1,,,,trabajos de vidrieria,7839,,15000.0,0.0
2026,1058,2026-02-19 00:00:00,GMADA,D,P,2025,8220,,3299,1110107000,2,131,93,0,0,7,6,1,0,,C,,,,S,2026-02-19 00:00:00,140000.0,137200.0,2800.0,632,1,,,,reparac de camión,7841,,140000.0,0.0
2026,1061,2026-02-19 00:00:00,GMADA,D,P,2025,9390,,3299,1110107000,2,131,93,0,0,7,6,1,0,,C,,,,S,2026-02-19 00:00:00,190000.0,186200.0,3800.0,632,1,,,,rep vehiculo,7844,,190000.0,0.0
2026,1066,2026-02-19 00:00:00,GMADA,D,P,2025,9629,,2151,1110107000,2,131,93,0,0,7,6,1,0,,C,,,,S,2026-02-19 00:00:00,15000.0,14700.0,300.0,633,1,,,,rep,7849,,15000.0,0.0
2026,1069,2026-02-19 00:00:00,GMADA,D,P,2025,8327,,169,1110107000,2,131,93,0,0,7,6,1,0,,C,,,,S,2026-02-19 00:00:00,33000.0,33000.0,0.0,636,1,,,,liq,7864,,33000.0,0.0
2026,1070,2026-02-19 00:00:00,GMADA,D,P,2025,206,,2804,1110107000,2,131,93,0,0,7,6,1,0,,C,,,,S,2026-02-19 00:00:00,2712.0,2712.0,0.0,635,1,,,,frutas y verds,7872,,2712.0,0.0
2026,1071,2026-02-19 00:00:00,GMADA,D,P,2025,206,,2804,1110107000,2,131,93,0,0,7,6,1,0,,C,,,,S,2026-02-19 00:00:00,22348.0,22348.0,0.0,635,1,,,,frutas y verds,7873,,22348.0,0.0
2026,1072,2026-02-19 00:00:00,GMADA,D,P,2025,6139,,2142,1110107000,2,110,93,0,0,7,6,1,0,,C,,,,S,2026-02-19 00:00:00,1140000.0,1128600.0,11400.0,641,1,,,,servs,7874,,1140000.0,0.0
2026,1073,2026-02-19 00:00:00,GMADA,D,P,2025,69,,875,1110107000,2,110,93,0,0,7,6,1,0,,C,,,,S,2026-02-19 00:00:00,8000.0,8000.0,0.0,640,1,,,,diarios,7875,,8000.0,0.0
2026,1074,2026-02-19 00:00:00,GMADA,D,P,2025,8689,,2701,1110107000,2,110,93,0,0,7,6,1,0,,C,,,,S,2026-02-19 00:00:00,30000.0,30000.0,0.0,639,1,,,,vidrio,7876,,30000.0,0.0
2026,1075,2026-02-19 00:00:00,GMADA,D,P,2025,7239,,1213,1110107000,2,110,93,0,0,7,6,1,0,,C,,,,S,2026-02-19 00:00:00,118252.19,117069.67,1182.52,689,1,,,,MADERA,7877,,118252.19,0.0
2026,1076,2026-02-19 00:00:00,GMADA,D,P,2025,8280,,1213,1110107000,2,110,93,0,0,7,6,1,0,,C,,,,S,2026-02-19 00:00:00,84945.03,84095.58,849.45,689,1,,,,pino,7890,,84945.03,0.0
2026,1077,2026-02-19 00:00:00,GMADA,D,P,2025,4087,,41,1110107000,2,110,93,0,0,7,6,1,0,,C,,,,S,2026-02-19 00:00:00,100000.0,100000.0,0.0,638,1,,,,capacitacion,7891,,100000.0,0.0
2026,1078,2026-02-20 00:00:00,GMADA,D,P,2025,6426,,3529,1110107000,2,110,93,0,0,7,6,1,0,,C,,,,S,2026-02-20 00:00:00,240000.0,240000.0,0.0,617,1,,,,alquiler,8034,,240000.0,0.0
2026,1079,2026-02-20 00:00:00,GMADA,D,P,2025,5064,,1960,1110107000,2,110,93,0,0,7,6,1,0,,C,,,,S,2026-02-20 00:00:00,97930.0,97930.0,0.0,616,1,,,,"reparac de vehíc,",8035,,97930.0,0.0
2026,1080,2026-02-20 00:00:00,GMADA,D,P,2025,10196,,2578,1110107000,2,131,93,0,0,7,6,1,0,,A,,,,S,2026-02-20 00:00:00,430000.0,421400.0,8600.0,,1,2026-03-10 00:00:00,ERROR,,confeccion,8096,10671,430000.0,0.0
2026,1081,2026-02-23 00:00:00,GMADA,D,P,2025,9403,,1112,1110107000,2,132,93,0,0,7,6,1,0,,C,,,,S,2026-02-23 00:00:00,346700.0,346700.0,0.0,668,1,,,,serv de remis,8340,,346700.0,0.0
2026,1084,2026-02-25 00:00:00,GMADA,D,P,2025,6979,,879,1110107000,2,131,93,0,0,7,6,1,0,,C,,,,S,2026-02-25 00:00:00,423000.0,418770.0,4230.0,681,1,,,,cal,8709,,423000.0,0.0
2026,1085,2026-02-25 00:00:00,GMADA,D,P,2025,9282,,879,1110107000,2,110,93,0,0,7,6,1,0,,C,,,,S,2026-02-25 00:00:00,8110.0,8028.9,81.1,678,1,,,,arts de ferret,8710,,8110.0,0.0
2026,1086,2026-02-25 00:00:00,GMADA,D,P,2025,9299,,879,1110107000,2,110,93,0,0,7,6,1,0,,C,,,,S,2026-02-25 00:00:00,9980.0,9880.2,99.8,678,1,,,,materiales,8711,,9980.0,0.0
2026,1099,2026-02-27 00:00:00,GMADA,D,P,2025,9670,,441,1110107000,2,110,93,0,0,7,6,1,0,,C,,,,S,2026-02-27 00:00:00,24598.42,24598.42,0.0,760,1,,,,arts de papelera,9070,,24598.42,0.0
2026,1100,2026-02-27 00:00:00,GMADA,D,P,2025,7362,,850,1110107000,2,131,93,0,0,7,6,1,0,,C,,,,S,2026-02-27 00:00:00,407331.0,403257.69,4073.31,775,1,,,,Alquiler equipamiento,9074,,407331.0,0.0
2026,1101,2026-02-27 00:00:00,GMADA,D,P,2025,7372,,850,1110107000,2,131,93,0,0,7,6,1,0,,C,,,,S,2026-02-27 00:00:00,552552.0,547026.48,5525.52,775,1,,,,Alquiler equipamiento,9078,,552552.0,0.0
2026,1102,2026-02-27 00:00:00,GMADA,D,P,2025,7241,,850,1110107000,2,131,93,0,0,7,6,1,0,,C,,,,S,2026-02-27 00:00:00,382536.0,378710.64,3825.36,775,1,,,,alquiler de equip.,9082,,382536.0,0.0
2026,1103,2026-02-27 00:00:00,GMADA,D,P,2025,7363,,850,1110107000,2,131,93,0,0,7,6,1,0,,C,,,,S,2026-02-27 00:00:00,533456.0,520603.94,12852.06,775,1,,,,Alquiler equipamiento,9089,,533456.0,0.0
2026,1104,2026-02-27 00:00:00,GMADA,D,P,2025,6650,,441,1110107000,2,110,93,0,0,7,6,1,0,,C,,,,S,2026-02-27 00:00:00,24870.02,24870.02,0.0,760,1,,,,arts de libreria,9270,,24870.02,0.0
2026,1105,2026-02-27 00:00:00,GMADA,D,P,2025,7552,,441,1110107000,2,110,93,0,0,7,6,1,0,,C,,,,S,2026-02-27 00:00:00,42491.2,42491.2,0.0,760,1,,,,Art. libreria,9271,,42491.2,0.0
2026,1106,2026-02-27 00:00:00,GMADA,D,P,2025,7548,,441,1110107000,2,110,93,0,0,7,6,1,0,,A,,,,S,2026-02-27 00:00:00,21768.52,21768.52,0.0,,1,2026-03-02 00:00:00,ERROR,,Art. libreria,9272,9510,21768.52,0.0
2026,1107,2026-02-27 00:00:00,GMADA,D,P,2025,9062,,441,1110107000,2,110,93,0,0,7,6,1,0,,C,,,,S,2026-02-27 00:00:00,13651.32,13651.32,0.0,760,1,,,,teclado,9275,,13651.32,0.0
2026,1108,2026-02-27 00:00:00,GMADA,D,P,2025,2233,,441,1110107000,2,110,93,0,0,7,6,1,0,,C,,,,S,2026-02-27 00:00:00,52500.0,52500.0,0.0,760,1,,,,placas,9278,,52500.0,0.0
2026,1109,2026-02-27 00:00:00,GMADA,D,P,2025,8655,,441,1110107000,2,110,93,0,0,7,6,1,0,,C,,,,S,2026-02-27 00:00:00,3050.0,3050.0,0.0,760,1,,,,bolsas,9280,,3050.0,0.0
2026,1110,2026-02-27 00:00:00,GMADA,D,P,2025,5933,,441,1110107000,2,110,93,0,0,7,6,1,0,,C,,,,S,2026-02-27 00:00:00,64400.07,64400.07,0.0,760,1,,,,LIBRO,9282,,64400.07,0.0
2026,1045,2026-02-12 00:00:00,GMADA,D,P,2025,2849,,69,1110107000,2,110,93,0,0,7,6,1,0,,C,,,,S,2026-02-12 00:00:00,880600.0,880600.0,0.0,766,1,,,,gas,7143,,880600.0,0.0
2026,1046,2026-02-12 00:00:00,GMADA,D,P,2025,7529,,69,1110107000,2,110,93,0,0,7,6,1,0,,C,,,,S,2026-02-12 00:00:00,159000.0,159000.0,0.0,766,1,,,,garrafas,7150,,159000.0,0.0
2026,1047,2026-02-12 00:00:00,GMADA,D,P,2025,7554,,69,1110107000,2,110,93,0,0,7,6,1,0,,C,,,,S,2026-02-12 00:00:00,26500.0,26500.0,0.0,766,1,,,,Garrafas,7151,,26500.0,0.0
2026,1048,2026-02-12 00:00:00,GMADA,D,P,2025,2849,,69,1110107000,2,110,93,0,0,7,6,1,0,,C,,,,S,2026-02-12 00:00:00,232900.0,232900.0,0.0,766,1,,,,gas,7152,,232900.0,0.0
2026,1049,2026-02-13 00:00:00,GMADA,D,P,2025,9170,,212,1110107000,2,131,93,0,0,7,6,1,0,,C,,,,S,2026-02-13 00:00:00,190000.0,190000.0,0.0,589,2,,,,REP,7305,,190000.0,0.0
2026,1052,2026-02-19 00:00:00,GMADA,D,P,2025,7148,,1112,1110107000,2,132,93,0,0,7,6,1,0,,C,,,,S,2026-02-19 00:00:00,398200.0,398200.0,0.0,610,1,,,,remis,7835,,398200.0,0.0
2026,1054,2026-02-19 00:00:00,GMADA,D,P,2025,4545,,117,1110107000,2,110,93,0,0,7,6,1,0,,C,,,,S,2026-02-19 00:00:00,526901.25,521632.24,5269.01,670,1,,,,arts de papelera,7837,,526901.25,0.0
2026,1055,2026-02-19 00:00:00,GMADA,D,P,2025,3508,,117,1110107000,2,110,93,0,0,7,6,1,0,,C,,,,S,2026-02-19 00:00:00,228000.0,225720.0,2280.0,670,1,,,,rollo de cocina,7838,,228000.0,0.0
2026,1057,2026-02-19 00:00:00,GMADA,D,P,2025,4334,,117,1110107000,2,110,93,0,0,7,6,1,0,,C,,,,S,2026-02-19 00:00:00,31670.0,31353.3,316.7,670,1,,,,arts de papelera,7840,,31670.0,0.0
2026,1059,2026-02-19 00:00:00,GMADA,D,P,2025,4329,,117,1110107000,2,110,93,0,0,7,6,1,0,,C,,,,S,2026-02-19 00:00:00,125947.98,124688.5,1259.48,670,1,,,,arts de papelera,7842,,125947.98,0.0
2026,1060,2026-02-19 00:00:00,GMADA,D,P,2025,5336,,117,1110107000,2,110,93,0,0,7,6,1,0,,C,,,,S,2026-02-19 00:00:00,171000.0,169290.0,1710.0,670,1,,,,rollo de cocina,7843,,171000.0,0.0
2026,1062,2026-02-19 00:00:00,GMADA,D,P,2025,4982,,117,1110107000,2,110,93,0,0,7,6,1,0,,N,,,,S,2026-02-19 00:00:00,2616442.0,2514881.06,101560.94,,1,,,,arts de papelera,7845,,2616442.0,0.0
2026,1063,2026-02-19 00:00:00,GMADA,D,P,2025,5021,,117,1110107000,2,110,93,0,0,7,6,1,0,,C,,,,S,2026-02-19 00:00:00,369999.75,358899.76,11099.99,670,1,,,,papel,7846,,369999.75,0.0
2026,1064,2026-02-19 00:00:00,GMADA,D,P,2025,4326,,117,1110107000,2,110,93,0,0,7,6,1,0,,C,,,,S,2026-02-19 00:00:00,360250.0,349442.5,10807.5,670,1,,,,papeleria,7847,,360250.0,0.0
2026,1065,2026-02-19 00:00:00,GMADA,D,P,2025,4622,,117,1110107000,2,110,93,0,0,7,6,1,0,,C,,,,S,2026-02-19 00:00:00,38512.99,37357.6,1155.39,670,1,,,,arts de papelera,7848,,38512.99,0.0
2026,1067,2026-02-19 00:00:00,GMADA,D,P,2025,4554,,117,1110107000,2,110,93,0,0,7,6,1,0,,C,,,,S,2026-02-19 00:00:00,102400.0,99328.0,3072.0,670,2,,,,arts  de papelera,7850,,102400.0,0.0
2026,1068,2026-02-19 00:00:00,GMADA,D,P,2025,4304,,117,1110107000,2,110,93,0,0,7,6,1,0,,C,,,,S,2026-02-19 00:00:00,5719.0,5661.81,57.19,670,1,,,,utiles,7861,,5719.0,0.0
2026,1174,2026-03-02 00:00:00,GMADA,D,P,2025,5800,,688,1110107000,2,131,93,0,0,7,6,1,0,,C,,,,S,2026-03-02 00:00:00,1216300.0,1165215.4,51084.6,751,1,,,,REP,9637,,1216300.0,0.0
2026,1175,2026-03-02 00:00:00,GMADA,D,P,2025,3628,,1266,1110107000,2,131,93,0,0,7,6,1,0,,C,,,,S,2026-03-02 00:00:00,42600.0,42174.0,426.0,754,1,,,,serv de vig,9638,,42600.0,0.0
2026,1176,2026-03-02 00:00:00,GMADA,D,P,2025,8297,,452,1110107000,2,131,93,0,0,7,6,1,0,,C,,,,S,2026-03-02 00:00:00,1384240.0,1353786.8,30453.2,752,1,,,,tubo,9643,,1384240.0,0.0
2026,1234,2026-03-10 00:00:00,GMADA,D,P,2025,10196,,2578,1110107000,2,131,93,0,0,7,6,1,0,,C,,,,S,2026-03-10 00:00:00,430000.0,418820.0,11180.0,867,1,,,,confeccion,10677,,430000.0,0.0
2026,1235,2026-03-10 00:00:00,GMADA,D,P,2025,5030,,3302,1110107000,2,110,93,0,0,7,6,1,0,,N,,,,S,2026-03-10 00:00:00,611000.0,607334.0,3666.0,,1,,,,madera,10704,,611000.0,0.0
2026,1227,2026-03-06 00:00:00,GMADA,D,P,2025,7206,,2157,1110107000,2,110,93,0,0,7,6,1,0,,C,,,,S,2026-03-06 00:00:00,3150000.0,3117000.0,33000.0,847,1,,,,serv de impresion,10394,,3150000.0,0.0
2026,1041,2026-02-11 00:00:00,GMADA,D,P,2025,9197,,2680,1110107000,2,110,93,0,0,7,6,1,0,,C,,,,S,2026-02-11 00:00:00,126000.0,123480.0,2520.0,503,1,,,,carga de gas,6750,,126000.0,0.0
2026,1044,2026-02-11 00:00:00,GMADA,D,P,2025,6788,,2309,1110107000,2,110,93,0,0,7,6,1,0,,C,,,,S,2026-02-11 00:00:00,100000.0,100000.0,0.0,526,1,,,,locucion,6932,,100000.0,0.0
2026,1236,2026-03-11 00:00:00,GMADA,D,P,2025,9754,,2001,1110107000,2,131,93,0,0,7,6,1,0,,C,,,,S,2026-03-11 00:00:00,880156.24,880156.24,0.0,864,1,,,,PROD FARM,10808,,880156.24,0.0
2026,1237,2026-03-11 00:00:00,GMADA,D,P,2025,6974,,21,1110107000,2,131,93,0,0,7,6,1,0,,C,,,,S,2026-03-11 00:00:00,180000.0,180000.0,0.0,863,1,,,,rep,10822,,180000.0,0.0
2026,1238,2026-03-11 00:00:00,GMADA,D,P,2025,9168,,21,1110107000,2,131,93,0,0,7,6,1,0,,C,,,,S,2026-03-11 00:00:00,80000.0,80000.0,0.0,863,1,,,,REPARACION,10838,,80000.0,0.0
2026,1239,2026-03-11 00:00:00,GMADA,D,P,2025,7409,,1056,1110107000,2,110,93,0,0,7,6,1,0,,C,,,,S,2026-03-11 00:00:00,12500.0,12500.0,0.0,933,1,,,,Repuesto para moviliarios,10860,,12500.0,0.0
2026,1240,2026-03-11 00:00:00,GMADA,D,P,2025,9611,,2998,1110107000,2,110,93,0,0,7,6,1,0,,C,,,,S,2026-03-11 00:00:00,90000.0,88200.0,1800.0,932,1,,,,plantines,10863,,90000.0,0.0
2026,996,2026-02-10 00:00:00,GMADA,D,P,2025,7966,,2209,1110107000,2,131,93,0,0,7,6,1,0,,C,,,,S,2026-02-10 00:00:00,695130.0,682885.9,12244.1,683,1,,,,alimentos,6567,,695130.0,0.0
2026,997,2026-02-10 00:00:00,GMADA,D,P,2025,7360,,2209,1110107000,2,131,93,0,0,7,6,1,0,,C,,,,S,2026-02-10 00:00:00,87077.33,85335.79,1741.54,683,1,,,,Alimentos,6568,,87077.33,0.0
2026,998,2026-02-10 00:00:00,GMADA,D,P,2025,7822,,2209,1110107000,2,131,93,0,0,7,6,1,0,,C,,,,S,2026-02-10 00:00:00,225602.39,218383.14,7219.25,683,1,,,,alimentos,6571,,225602.39,0.0
2026,999,2026-02-10 00:00:00,GMADA,D,P,2025,7894,,2209,1110107000,2,131,93,0,0,7,6,1,0,,C,,,,S,2026-02-10 00:00:00,337619.99,326816.19,10803.8,691,1,,,,alimentos,6584,,337619.99,0.0
2026,1000,2026-02-10 00:00:00,GMADA,D,P,2025,7414,,2209,1110107000,2,131,93,0,0,7,6,1,0,,C,,,,S,2026-02-10 00:00:00,1486458.7,1445644.43,40814.27,690,1,,,,Alimentos,6597,,1486458.7,0.0
2026,1001,2026-02-10 00:00:00,GMADA,D,P,2025,7174,,2209,1110107000,2,131,93,0,0,7,6,1,0,,C,,,,S,2026-02-10 00:00:00,1238345.0,1223484.9,14860.1,691,1,,,,alimentos,6611,,1238345.0,0.0
2026,1002,2026-02-10 00:00:00,GMADA,D,P,2025,7184,,2209,1110107000,2,131,93,0,0,7,6,1,0,,C,,,,S,2026-02-10 00:00:00,947399.59,936030.89,11368.7,691,1,,,,alimentos,6613,,947399.59,0.0
2026,1003,2026-02-10 00:00:00,GMADA,D,P,2025,7081,,2209,1110107000,2,110,93,0,0,7,6,1,0,,C,,,,S,2026-02-10 00:00:00,82764.0,82764.0,0.0,683,1,,,,CAFE,6616,,82764.0,0.0
2026,1004,2026-02-10 00:00:00,GMADA,D,P,2025,7028,,2209,1110107000,2,110,93,0,0,7,6,1,0,,C,,,,S,2026-02-10 00:00:00,384150.0,379540.2,4609.8,683,1,,,,agua,6618,,384150.0,0.0
2026,1005,2026-02-10 00:00:00,GMADA,D,P,2025,6755,,2209,1110107000,2,110,93,0,0,7,6,1,0,,C,,,,S,2026-02-10 00:00:00,93720.0,93288.5,431.5,683,1,,,,bebidas,6619,,93720.0,0.0
2026,1006,2026-02-10 00:00:00,GMADA,D,P,2025,7410,,2209,1110107000,2,110,93,0,0,7,6,1,0,,C,,,,S,2026-02-10 00:00:00,282163.75,273134.57,9029.18,683,1,,,,Alimentos,6623,,282163.75,0.0
2026,1007,2026-02-10 00:00:00,GMADA,D,P,2025,427,,2209,1110107000,2,110,93,0,0,7,6,1,0,,C,,,,S,2026-02-10 00:00:00,277513.72,268633.35,8880.37,683,1,,,,alimentos,6637,,277513.72,0.0
2026,1009,2026-02-10 00:00:00,GMADA,D,P,2025,6192,,2209,1110107000,2,110,93,0,0,7,6,1,0,,C,,,,S,2026-02-10 00:00:00,73250.0,71785.0,1465.0,683,1,,,,AGUA,6642,,73250.0,0.0
2026,1010,2026-02-10 00:00:00,GMADA,D,P,2025,8286,,2209,1110107000,2,110,93,0,0,7,6,1,0,,C,,,,S,2026-02-10 00:00:00,88688.0,86914.24,1773.76,683,1,,,,bebidas,6647,,88688.0,0.0
2026,1011,2026-02-10 00:00:00,GMADA,D,P,2025,7082,,2209,1110107000,2,131,93,0,0,7,6,1,0,,C,,,,S,2026-02-10 00:00:00,101245.1,99220.2,2024.9,683,1,,,,ARTS DE LIMP.,6648,,101245.1,0.0
2026,1012,2026-02-10 00:00:00,GMADA,D,P,2025,7694,,2209,1110107000,2,131,93,0,0,7,6,1,0,,C,,,,S,2026-02-10 00:00:00,240823.0,233116.74,7706.26,683,1,,,,alimentos,6649,,240823.0,0.0
2026,1014,2026-02-10 00:00:00,GMADA,D,P,2025,8427,,2209,1110107000,2,131,93,0,0,7,6,1,0,,C,,,,S,2026-02-10 00:00:00,99672.0,97678.56,1993.44,683,1,,,,alimentos,6658,,99672.0,0.0
2026,1015,2026-02-10 00:00:00,GMADA,D,P,2025,9056,,2209,1110107000,2,131,93,0,0,7,6,1,0,,C,,,,S,2026-02-10 00:00:00,2233581.0,2162106.48,71474.52,690,1,,,,comestibles,6659,,2233581.0,0.0
2026,1016,2026-02-10 00:00:00,GMADA,D,P,2025,8982,,2209,1110107000,2,131,93,0,0,7,6,1,0,,C,,,,S,2026-02-10 00:00:00,952258.0,921785.84,30472.16,691,1,,,,alimentos,6660,,952258.0,0.0
2026,1017,2026-02-10 00:00:00,GMADA,D,P,2025,9260,,2209,1110107000,2,131,93,0,0,7,6,1,0,,C,,,,S,2026-02-10 00:00:00,55914.0,54795.72,1118.28,683,1,,,,arts de almacén,6661,,55914.0,0.0
2026,1018,2026-02-10 00:00:00,GMADA,D,P,2025,8987,,2209,1110107000,2,131,93,0,0,7,6,1,0,,C,,,,S,2026-02-10 00:00:00,6224.9,6224.9,0.0,683,1,,,,alimentos,6662,,6224.9,0.0
2026,1019,2026-02-10 00:00:00,GMADA,D,P,2025,9815,,2209,1110107000,2,131,93,0,0,7,6,1,0,,C,,,,S,2026-02-10 00:00:00,463550.49,448592.38,14958.11,690,1,,,,Alimentos,6663,,463550.49,0.0
2026,1020,2026-02-10 00:00:00,GMADA,D,P,2025,9816,,2209,1110107000,2,131,93,0,0,7,6,1,0,,C,,,,S,2026-02-10 00:00:00,15050.0,14749.0,301.0,683,1,,,,Alimentos,6664,,15050.0,0.0
2026,1021,2026-02-10 00:00:00,GMADA,D,P,2025,9817,,2209,1110107000,2,131,93,0,0,7,6,1,0,,C,,,,S,2026-02-10 00:00:00,43258.63,42393.46,865.17,683,1,,,,Alimentos,6665,,43258.63,0.0
2026,1022,2026-02-10 00:00:00,GMADA,D,P,2025,9818,,2209,1110107000,2,131,93,0,0,7,6,1,0,,C,,,,S,2026-02-10 00:00:00,67918.0,66559.64,1358.36,683,1,,,,Alimentos,6667,,67918.0,0.0
2026,1023,2026-02-10 00:00:00,GMADA,D,P,2025,8245,,2209,1110107000,2,131,93,0,0,7,6,1,0,,C,,,,S,2026-02-10 00:00:00,9922.0,9922.0,0.0,683,1,,,,turrones,6668,,9922.0,0.0
2026,1024,2026-02-10 00:00:00,GMADA,D,P,2025,8481,,2209,1110107000,2,131,93,0,0,7,6,1,0,,C,,,,S,2026-02-10 00:00:00,2260610.0,2188072.06,72537.94,690,1,,,,alimentos,6670,,2260610.0,0.0
2026,1025,2026-02-10 00:00:00,GMADA,D,P,2025,8461,,2209,1110107000,2,131,93,0,0,7,6,1,0,,C,,,,S,2026-02-10 00:00:00,892846.0,864274.98,28571.02,690,1,,,,prod alimentos,6672,,892846.0,0.0
2026,1026,2026-02-10 00:00:00,GMADA,D,P,2025,7890,,2209,1110107000,2,131,93,0,0,7,6,1,0,,C,,,,S,2026-02-10 00:00:00,658663.27,637586.1,21077.17,690,1,,,,alimentos,6673,,658663.27,0.0
2026,1027,2026-02-10 00:00:00,GMADA,D,P,2025,7829,,2209,1110107000,2,131,93,0,0,7,6,1,0,,C,,,,S,2026-02-10 00:00:00,2070817.62,2004551.47,66266.15,690,1,,,,alimentos,6675,,2070817.62,0.0
2026,1028,2026-02-10 00:00:00,GMADA,D,P,2025,9743,,2595,1110107000,2,110,93,0,0,7,6,1,0,,C,,,,S,2026-02-10 00:00:00,31640.0,31640.0,0.0,500,1,,,,repuestos,6676,,31640.0,0.0
2026,1029,2026-02-10 00:00:00,GMADA,D,P,2025,9742,,2595,1110107000,2,110,93,0,0,7,6,1,0,,C,,,,S,2026-02-10 00:00:00,21000.0,21000.0,0.0,500,1,,,,frenos,6677,,21000.0,0.0
2026,1030,2026-02-10 00:00:00,GMADA,D,P,2025,9955,,2595,1110107000,2,110,93,0,0,7,6,1,0,,C,,,,S,2026-02-10 00:00:00,128305.0,128305.0,0.0,500,1,,,,repuestos vehiculos,6680,,128305.0,0.0
2026,1031,2026-02-10 00:00:00,GMADA,D,P,2025,9957,,2595,1110107000,2,110,93,0,0,7,6,1,0,,C,,,,S,2026-02-10 00:00:00,266750.0,262698.41,4051.59,500,1,,,,repuestos vehiculos,6682,,266750.0,0.0
2026,1032,2026-02-10 00:00:00,GMADA,D,P,2025,9627,,2595,1110107000,2,131,93,0,0,7,6,1,0,,C,,,,S,2026-02-10 00:00:00,22960.0,22500.8,459.2,506,1,,,,lamparas.otros,6683,,22960.0,0.0
2026,1033,2026-02-10 00:00:00,GMADA,D,P,2025,6165,,3075,1110107000,2,110,93,0,0,7,6,1,0,,C,,,,S,2026-02-10 00:00:00,711028.99,688276.12,22752.87,522,1,,,,arts de limp,6684,,711028.99,0.0
2026,1034,2026-02-10 00:00:00,GMADA,D,P,2025,9647,,3075,1110107000,2,110,93,0,0,7,6,1,0,,C,,,,S,2026-02-10 00:00:00,809904.0,783987.12,25916.88,522,1,,,,arts de limp,6685,,809904.0,0.0
2026,1042,2026-02-11 00:00:00,GMADA,D,P,2025,8993,,866,1110107000,2,131,93,0,0,7,6,1,0,,C,,,,S,2026-02-11 00:00:00,467536.8,467536.8,0.0,520,1,,,,PROD FARM,6840,,467536.8,0.0
2026,1043,2026-02-11 00:00:00,GMADA,D,P,2025,9769,,1943,1110107000,2,131,93,0,0,7,6,1,0,,C,,,,S,2026-02-11 00:00:00,1620967.14,1598547.8,22419.34,824,1,,,,Repuesto planta oxigeno,6914,,1620967.14,0.0
2026,956,2026-02-09 00:00:00,GMADA,D,P,2025,8623,,141,1110107000,2,131,93,0,0,7,6,1,0,,C,,,,S,2026-02-09 00:00:00,58446.15,58446.15,0.0,492,1,,,,arts de pint,6338,,58446.15,0.0
2026,957,2026-02-09 00:00:00,GMADA,D,P,2025,8320,,141,1110107000,2,110,93,0,0,7,6,1,0,,C,,,,S,2026-02-09 00:00:00,118210.83,118210.83,0.0,493,1,,,,pinturas,6339,,118210.83,0.0
2026,963,2026-02-09 00:00:00,GMADA,D,P,2025,7885,,2334,1110107000,2,110,93,0,0,7,6,1,0,,C,,,,S,2026-02-09 00:00:00,606110.0,603987.8,2122.2,653,1,,,,soporte,6418,,606110.0,0.0
2026,967,2026-02-09 00:00:00,GMADA,D,P,2025,8845,,2218,1110107000,2,110,93,0,0,7,6,1,0,,C,,,,S,2026-02-09 00:00:00,1500000.0,1500000.0,0.0,853,1,,,,honorarios,6430,,1500000.0,0.0
2026,979,2026-02-09 00:00:00,GMADA,D,P,2025,7885,,2334,1110107000,2,110,93,0,0,7,6,1,0,,C,,,,S,2026-02-09 00:00:00,118191.0,115827.18,2363.82,653,1,,,,soporte,6469,,118191.0,0.0
2026,1050,2026-02-18 00:00:00,GMADA,D,P,2025,8874,,2846,1110107000,2,131,93,0,0,7,6,1,0,,C,,,,S,2026-02-18 00:00:00,14900.0,14900.0,0.0,592,1,,,,rep,7664,,14900.0,0.0
2026,1082,2026-02-24 00:00:00,GMADA,D,P,2025,299,,1555,1110107000,2,132,93,0,0,7,6,1,0,,C,,,,S,2026-02-24 00:00:00,25384748.23,24785374.3,599373.93,656,1,,,,contruccion,8413,,20979131.0,21.0
2026,1083,2026-02-24 00:00:00,GMADA,D,P,2025,7697,,2695,1110107000,2,110,93,0,0,7,6,1,0,,C,,,,S,2026-02-24 00:00:00,770000.0,754600.0,15400.0,677,1,,,,Reparacion camion,8557,,770000.0,0.0
2026,1134,2026-03-02 00:00:00,GMADA,D,P,2025,9806,,216,1110107000,2,110,93,0,0,7,6,1,0,,C,,,,S,2026-03-02 00:00:00,96000.0,96000.0,0.0,747,1,,,,Bolsas de residuos,9517,,96000.0,0.0
2026,1135,2026-03-02 00:00:00,GMADA,D,P,2025,8562,,169,1110107000,2,110,93,0,0,7,6,1,0,,C,,,,S,2026-03-02 00:00:00,61550.0,61550.0,0.0,746,1,,,,elementos de limp,9518,,61550.0,0.0
2026,1136,2026-03-02 00:00:00,GMADA,D,P,2025,8862,,216,1110107000,2,110,93,0,0,7,6,1,0,,C,,,,S,2026-03-02 00:00:00,51000.0,51000.0,0.0,747,1,,,,elementos de limp,9520,,51000.0,0.0
2026,1137,2026-03-02 00:00:00,GMADA,D,P,2025,8225,,216,1110107000,2,110,93,0,0,7,6,1,0,,C,,,,S,2026-03-02 00:00:00,90000.0,90000.0,0.0,747,1,,,,armado de bolsas,9521,,90000.0,0.0
2026,1143,2026-03-02 00:00:00,GMADA,D,P,2025,6484,,216,1110107000,2,131,93,0,0,7,6,1,0,,C,,,,S,2026-03-02 00:00:00,92100.0,92100.0,0.0,750,1,,,,ARTS DE LIMP,9549,,92100.0,0.0
2026,1151,2026-03-02 00:00:00,GMADA,D,P,2025,6898,,216,1110107000,2,131,93,0,0,7,6,1,0,,C,,,,S,2026-03-02 00:00:00,183600.0,183600.0,0.0,750,1,,,,bolsas,9576,,183600.0,0.0
2026,1154,2026-03-02 00:00:00,GMADA,D,P,2025,7388,,216,1110107000,2,131,93,0,0,7,6,1,0,,C,,,,S,2026-03-02 00:00:00,6000.0,6000.0,0.0,750,1,,,,Armado de bolsas,9582,,6000.0,0.0
2026,1156,2026-03-02 00:00:00,GMADA,D,P,2025,8499,,216,1110107000,2,131,93,0,0,7,6,1,0,,C,,,,S,2026-03-02 00:00:00,6000.0,6000.0,0.0,750,1,,,,armado,9584,,6000.0,0.0
2026,1158,2026-03-02 00:00:00,GMADA,D,P,2025,8612,,216,1110107000,2,131,93,0,0,7,6,1,0,,C,,,,S,2026-03-02 00:00:00,116200.0,116200.0,0.0,750,1,,,,armado de bolsas,9586,,116200.0,0.0
2026,1166,2026-03-02 00:00:00,GMADA,D,P,2025,8681,,216,1110107000,2,131,93,0,0,7,6,1,0,,C,,,,S,2026-03-02 00:00:00,52800.0,52800.0,0.0,750,1,,,,armado de bolsas,9606,,52800.0,0.0
2026,1167,2026-03-02 00:00:00,GMADA,D,P,2025,9375,,216,1110107000,2,131,93,0,0,7,6,1,0,,C,,,,S,2026-03-02 00:00:00,139500.0,139500.0,0.0,750,1,,,,bolsas de residuos,9607,,139500.0,0.0
2026,1168,2026-03-02 00:00:00,GMADA,D,P,2025,7618,,688,1110107000,2,131,93,0,0,7,6,1,0,,C,,,,S,2026-03-02 00:00:00,1248500.0,1221033.0,27467.0,751,1,,,,Insumos lubricentro,9612,,1248500.0,0.0
2026,1169,2026-03-02 00:00:00,GMADA,D,P,2025,3678,,3236,1110107000,2,131,93,0,0,7,6,1,0,,C,,,,S,2026-03-02 00:00:00,1314060.0,1314060.0,0.0,755,1,,,,transporte,9613,,1314060.0,0.0
2026,1170,2026-03-02 00:00:00,GMADA,D,P,2025,9193,,688,1110107000,2,131,93,0,0,7,6,1,0,,C,,,,S,2026-03-02 00:00:00,1543600.0,1483798.8,59801.2,751,1,,,,agua dest y filtros,9620,,1543600.0,0.0
2026,1171,2026-03-02 00:00:00,GMADA,D,P,2025,7634,,1266,1110107000,2,131,93,0,0,7,6,1,0,,C,,,,S,2026-03-02 00:00:00,136410.0,135045.9,1364.1,754,1,,,,Serv. alarma,9622,,136410.0,0.0
2026,1172,2026-03-02 00:00:00,GMADA,D,P,2025,219,,1658,1110107000,2,131,93,0,0,7,6,1,0,,C,,,,S,2026-03-02 00:00:00,8640.0,8553.6,86.4,753,1,,,,agua,9623,,8640.0,0.0
2026,1173,2026-03-02 00:00:00,GMADA,D,P,2025,219,,1658,1110107000,2,131,93,0,0,7,6,1,0,,C,,,,S,2026-03-02 00:00:00,19350.0,19156.5,193.5,753,1,,,,agua,9636,,19350.0,0.0
2026,958,2026-02-09 00:00:00,GMADA,D,P,2025,6694,,141,1110107000,2,110,93,0,0,7,6,1,0,,A,,,,S,2026-02-09 00:00:00,138449.25,138449.25,0.0,,1,2026-02-09 00:00:00,ERROR,,arts de pint,6341,6468,138449.25,0.0
2026,959,2026-02-09 00:00:00,GMADA,D,P,2025,6695,,141,1110107000,2,110,93,0,0,7,6,1,0,,C,,,,S,2026-02-09 00:00:00,514379.36,507789.65,6589.71,493,1,,,,pint,6342,,514379.36,0.0
2026,960,2026-02-09 00:00:00,GMADA,D,P,2025,6696,,141,1110107000,2,110,93,0,0,7,6,1,0,,C,,,,S,2026-02-09 00:00:00,312575.01,306323.51,6251.5,493,1,,,,arts de papelera,6343,,312575.01,0.0
2026,961,2026-02-09 00:00:00,GMADA,D,P,2025,6483,,141,1110107000,2,110,93,0,0,7,6,1,0,,C,,,,S,2026-02-09 00:00:00,17088.5,16746.73,341.77,493,1,,,,MEMBRANA,6344,,17088.5,0.0
2026,1087,2026-02-26 00:00:00,GMADA,D,P,2025,6828,,3003,1110107000,2,131,93,0,0,7,6,1,0,,C,,,,S,2026-02-26 00:00:00,3620000.0,3574704.0,45296.0,834,1,,,,programación,8908,,3620000.0,0.0
2026,1088,2026-02-26 00:00:00,GMADA,D,P,2025,8691,,3184,1110107000,2,131,93,0,0,7,6,1,0,,C,,,,S,2026-02-26 00:00:00,1679489.1,1659104.43,20384.67,782,1,,,,prod farm,8911,,1679489.1,0.0
2026,1089,2026-02-26 00:00:00,GMADA,D,P,2025,8983,,2883,1110107000,2,131,93,0,0,7,6,1,0,,C,,,,S,2026-02-26 00:00:00,3466320.0,3337563.5,128756.5,833,1,,,,PROD FARM,8951,,3466320.0,0.0
2026,1090,2026-02-26 00:00:00,GMADA,D,P,2025,8991,,3251,1110107000,2,131,93,0,0,7,6,1,0,,C,,,,S,2026-02-26 00:00:00,5424060.0,5226249.5,197810.5,825,1,,,,PROD FARM,8994,,5424060.0,0.0
2026,1091,2026-02-26 00:00:00,GMADA,D,P,2025,9376,,1440,1110107000,2,131,93,0,0,7,6,1,0,,C,,,,S,2026-02-26 00:00:00,4230000.0,4230000.0,0.0,712,1,,,,medicamentos,8996,,4230000.0,0.0
2026,1092,2026-02-26 00:00:00,GMADA,D,P,2025,9617,,1440,1110107000,2,131,93,0,0,7,6,1,0,,C,,,,S,2026-02-26 00:00:00,6132800.0,6132800.0,0.0,712,1,,,,medicamentos,9001,,6132800.0,0.0
2026,1093,2026-02-26 00:00:00,GMADA,D,P,2025,9732,,1440,1110107000,2,131,93,0,0,7,6,1,0,,C,,,,S,2026-02-26 00:00:00,3555703.46,3555703.46,0.0,712,1,,,,insumos,9004,,3555703.46,0.0
2026,1094,2026-02-26 00:00:00,GMADA,D,P,2025,9953,,1440,1110107000,2,131,93,0,0,7,6,1,0,,C,,,,S,2026-02-26 00:00:00,4289291.32,4289291.32,0.0,712,1,,,,insumos farmacia,9005,,4289291.32,0.0
2026,1095,2026-02-26 00:00:00,GMADA,D,P,2025,9291,,285,1110107000,2,131,93,0,0,7,6,1,0,,C,,,,S,2026-02-26 00:00:00,972569.64,962843.94,9725.7,699,1,,,,prod farm,9018,,972569.64,0.0
2026,1096,2026-02-26 00:00:00,GMADA,D,P,2025,2233,,441,1110107000,2,110,93,0,0,7,6,1,0,,C,,,,S,2026-02-26 00:00:00,375000.0,375000.0,0.0,760,1,,,,placas,9020,,375000.0,0.0
2026,1097,2026-02-26 00:00:00,GMADA,D,P,2025,7502,,441,1110107000,2,110,93,0,0,7,6,1,0,,C,,,,S,2026-02-26 00:00:00,24080.02,24080.02,0.0,760,1,,,,Art. libreria,9029,,24080.02,0.0
2026,1098,2026-02-26 00:00:00,GMADA,D,P,2025,7850,,441,1110107000,2,110,93,0,0,7,6,1,0,,C,,,,S,2026-02-26 00:00:00,549882.6,549882.6,0.0,760,1,,,,ART DE LIBRERIA,9031,,549882.6,0.0
