EJERCICIO,NRO_REINT,COD_PROV,CODIGO_FF,INCISO,PAR_PRIN,PAR_PARC,PAR_SUBP,JURISDICCION,PROGRAMA,ACTIV_PROY,ACTIV_OBRA,IMPORTE
2022,42,50010,110,1,1,1,0,1110118000,1,0,0,37674.12
2022,43,50010,110,1,1,1,0,1110118000,1,0,0,8634.83
2022,44,50010,110,1,1,1,0,1110118000,1,0,0,3567.41
2023,1,50010,110,5,1,4,0,1110106000,24,0,0,14000.0
2023,8,50008,110,1,1,1,0,1110109000,28,0,0,15739.8
2023,9,50072,110,3,4,3,0,1110102000,1,0,0,25000.0
2023,10,50031,110,5,1,4,0,1110106000,1,0,0,7500.0
2023,11,50003,110,2,9,9,0,1110102000,30,0,0,13320.0
2023,17,50031,110,5,1,4,0,1110106000,24,0,0,4000.0
2024,4,50031,110,5,1,4,0,1110106000,24,0,0,4000.0
2024,6,50008,110,1,1,1,0,1110109000,28,0,0,35663.58
2024,13,50008,110,1,1,1,0,1110105000,50,0,0,556316.6
2024,16,50099,110,5,1,7,0,1110105000,50,0,0,350000.0
2024,27,50008,110,1,1,1,0,1110105000,50,0,0,1000000.0
2025,1,50003,110,3,7,9,0,1110118000,1,0,0,88400.0
2025,3,50008,110,1,2,1,0,1110109000,28,0,0,12236.39
2025,5,50008,110,1,1,1,0,1110118000,1,0,0,2214876.4
2025,6,50008,110,1,1,1,0,1110103000,1,0,0,494964.53
2025,7,50008,110,1,1,1,0,1110104000,16,0,0,777455.24
2025,11,50008,110,1,1,1,0,1110109000,28,0,0,157808.02
2025,12,50008,110,1,3,1,0,1110102000,1,0,0,1028484.61
2025,25,50010,110,5,1,4,0,1110106000,24,0,0,20000.0
2025,14,50008,131,1,2,1,0,1110104000,16,0,0,732424.0
2025,17,395,131,2,5,2,0,1110104000,16,0,0,342420.0
2025,20,50031,110,5,1,4,0,1110106000,24,0,0,16000.0
2025,26,50010,110,5,1,4,0,1110106000,24,0,0,20000.0
2025,29,50031,110,5,1,4,0,1110106000,24,0,0,20000.0
2019,9,50010,110,5,1,4,0,1110106000,24,0,0,1000.0
2019,14,50010,110,1,1,1,0,1110104000,16,0,0,44649.99
2019,26,50010,110,5,1,4,0,1110106000,24,0,0,650.0
2019,59,50031,110,5,1,4,0,1110106000,24,0,0,6100.0
2019,60,50031,110,5,1,4,0,1110106000,1,0,0,3100.0
2020,1,50036,110,3,1,4,0,1110101000,1,0,0,537.85
2020,7,50087,110,5,1,4,0,1110106000,24,0,0,1400.0
2020,8,50031,110,5,1,4,0,1110106000,24,0,0,700.0
2020,9,50031,110,5,1,4,0,1110106000,24,0,0,700.0
2020,10,50031,110,5,1,4,0,1110106000,24,0,0,700.0
2020,11,50031,110,5,1,4,0,1110106000,24,0,0,1350.0
2020,13,50031,110,5,1,4,0,1110106000,24,0,0,150.0
2020,21,50031,110,5,1,4,0,1110106000,1,0,0,700.0
2020,22,50031,110,5,1,4,0,1110106000,24,0,0,700.0
2020,26,50349,132,3,8,2,0,1110102000,33,0,0,5749.31
2021,9,50010,110,1,2,1,0,1110102000,1,0,0,6177.85
2021,13,50008,110,1,1,1,0,1110109000,28,0,0,129588.64
2021,14,50008,110,1,1,1,0,1110102000,1,0,0,9778.4
2021,15,50008,110,1,1,1,0,1110102000,1,0,0,9778.4
2021,16,50342,132,5,1,3,0,1110102000,33,0,0,2919.54
2021,18,50031,110,5,1,4,0,1110106000,24,0,0,4000.0
2021,19,50031,110,5,1,4,0,1110106000,24,0,0,2000.0
2021,20,50031,110,5,1,4,0,1110106000,24,0,0,700.0
2021,21,50031,110,5,1,4,0,1110106000,24,0,0,2650.0
2021,27,50031,110,5,1,4,0,1110106000,24,0,0,1000.0
2021,28,50031,110,5,1,4,0,1110106000,24,0,0,700.0
2021,29,50003,132,3,7,2,0,1110109000,47,0,0,8000.0
2021,66,50031,110,5,1,4,0,1110106000,24,0,0,1350.0
2021,67,50031,110,5,1,4,0,1110106000,24,0,0,700.0
2022,3,50342,132,5,1,3,0,1110102000,33,0,0,3885.36
2022,7,2251,110,4,3,6,0,1110102000,1,0,0,41473.58
2022,15,50031,110,5,1,4,0,1110106000,24,0,0,23500.0
2024,3,50008,110,1,1,1,0,1110109000,28,0,0,69325.07
2024,17,50031,110,5,1,4,0,1110106000,24,0,0,8000.0
2024,18,50031,110,5,1,4,0,1110106000,24,0,0,8000.0
2024,19,50008,110,1,3,1,0,1110102000,1,0,0,189630.2
2024,36,50008,110,1,1,1,0,1110113000,42,0,0,547569.0
2025,16,50008,110,1,2,1,0,1110118000,35,0,0,31471.31
2025,27,50031,110,5,1,4,0,1110106000,24,0,0,15000.0
2016,17,50003,110,3,7,2,0,1110102000,1,0,0,122.0
2016,25,50489,132,5,1,7,0,1110103000,1,0,0,20477.87
2016,26,50489,132,5,1,7,0,1110103000,1,0,0,250.0
2016,27,50489,132,5,1,7,0,1110103000,18,0,0,17879.5
2016,29,50003,110,3,7,2,0,1110104000,16,0,0,252.0
2016,50,50003,110,3,7,2,0,1110103000,18,0,0,1610.0
2017,3,50003,110,3,7,2,0,1110102000,1,0,0,47.0
2017,21,50342,132,5,1,3,0,1110102000,33,0,0,1210.0
2017,35,50003,110,3,7,2,0,1110113000,42,0,0,980.0
2018,2,50008,110,1,2,1,0,1110104000,16,0,0,40148.14
2018,12,50010,110,1,1,7,0,1110104000,16,0,0,500.0
2018,12,50010,110,1,2,1,0,1110104000,16,0,0,170727.35
2018,12,50010,110,1,2,6,0,1110104000,16,0,0,300.0
2018,13,50010,110,1,2,1,0,1110104000,16,0,0,65350.01
2018,39,50031,110,5,1,4,0,1110106000,24,0,0,1000.0
2018,19,50031,110,5,1,4,0,1110106000,24,0,0,3000.0
2018,33,50003,110,3,7,2,0,1110105000,30,0,0,767.0
2019,7,50031,110,5,1,4,0,1110106000,24,0,0,700.0
2017,1,50003,110,3,7,2,0,1110115000,1,0,0,2336.0
2017,2,50003,110,3,7,2,0,1110102000,1,0,0,146.4
2017,4,50003,110,3,7,2,0,1110105000,30,0,0,500.0
2017,5,50003,110,3,7,2,0,1110117000,34,0,0,468.7
2017,8,50031,110,5,1,4,0,1110106000,24,0,0,1500.0
2017,11,50008,110,1,2,1,0,1110105000,27,0,0,2063.2
2017,12,50008,110,1,2,1,0,1110105000,27,0,0,2063.2
2017,20,50342,110,5,1,3,0,1110102000,33,0,0,2420.0
2017,26,50342,132,5,1,3,0,1110102000,33,0,0,1260.0
2017,27,50342,132,5,1,3,0,1110102000,33,0,0,1260.0
2017,28,50342,132,5,1,3,0,1110102000,33,0,0,1260.0
2017,36,50010,110,5,1,4,0,1110106000,24,0,0,500.0
2018,10,50162,110,3,5,9,0,1110104000,16,0,0,6302.5
2018,11,50003,110,3,7,2,0,1110105000,27,0,0,2390.0
2018,20,50003,110,2,5,6,0,1110105000,30,0,0,323.63
2018,21,50031,110,5,1,4,0,1110106000,24,0,0,800.0
2018,22,50010,110,5,1,4,0,1110106000,24,0,0,800.0
2018,23,50010,110,5,1,4,0,1110106000,24,0,0,440.0
2018,24,50010,110,5,1,4,0,1110106000,24,0,0,500.0
2018,25,50010,110,5,1,4,0,1110106000,24,0,0,900.0
2018,26,50010,110,5,1,4,0,1110106000,24,0,0,1000.0
2018,27,50010,110,5,1,4,0,1110106000,24,0,0,800.0
2018,28,50031,110,5,1,4,0,1110106000,24,0,0,600.0
2018,29,50003,110,3,7,2,0,1110105000,27,0,0,2100.0
2018,30,50003,132,3,7,2,0,1110109000,47,0,0,1350.0
2018,35,50008,110,1,1,1,0,1110104000,16,0,0,14342.41
2018,37,50087,110,5,1,4,0,1110106000,24,0,0,1400.0
2018,38,50087,110,5,1,4,0,1110106000,24,0,0,1180.0
2019,5,50010,110,5,1,4,0,1110106000,24,0,0,500.0
2016,18,50003,110,3,7,2,0,1110112000,1,0,0,200.0
2017,10,50008,110,1,2,1,0,1110113000,31,0,0,4466.0
2017,13,50008,110,1,1,1,0,1110104000,16,0,0,29082.96
2017,18,50022,110,3,1,4,0,1110114000,1,0,0,514.33
2017,19,50342,132,5,1,3,0,1110102000,33,0,0,2260.0
2017,23,50003,110,3,7,2,0,1110117000,35,0,0,656.94
2017,24,50003,132,3,7,2,0,1110109000,47,0,0,45.01
2017,25,50003,132,3,7,2,0,1110109000,47,0,0,1236.01
2017,29,50489,132,5,1,5,0,1110105000,27,0,0,0.94
2018,14,50342,132,5,1,3,0,1110102000,33,0,0,1411.2
2018,8,50342,132,5,1,3,0,1110102000,33,0,0,1260.0
2018,16,50010,110,5,1,4,0,1110106000,24,0,0,500.0
2018,15,50010,110,5,1,4,0,1110106000,24,0,0,800.0
2018,17,50010,110,5,1,4,0,1110106000,24,0,0,1500.0
2018,34,50031,110,5,1,4,0,1110106000,24,0,0,5000.0
2019,1,50031,110,5,1,4,0,1110106000,24,0,0,2700.0
2019,2,50010,110,5,1,4,0,1110106000,24,0,0,5255.0
2019,3,50010,110,5,1,4,0,1110106000,24,0,0,1400.0
2019,4,50010,110,5,1,4,0,1110106000,24,0,0,800.0
2003,1,50003,110,4,3,7,0,1110101000,1,0,0,50.0
2003,2,50001,110,4,3,7,0,1110101000,1,0,0,10.0
2004,1,50010,110,1,1,1,0,1110103000,21,0,0,300.0
2004,1,50010,110,1,1,3,0,1110103000,21,0,0,60.0
2005,3,50031,110,5,1,4,0,1110106000,24,0,0,80.0
2005,4,50031,110,5,1,4,0,1110106000,24,0,0,80.0
2007,2,50031,110,5,1,4,0,1110102000,1,0,0,100.0
2007,3,50031,110,5,1,4,0,1110102000,1,0,0,100.0
2007,4,50031,110,5,1,4,0,1110102000,1,0,0,100.0
2007,5,50031,110,5,1,4,0,1110102000,1,0,0,50.0
2007,6,50031,110,5,1,4,0,1110102000,1,0,0,50.0
2007,7,50031,110,5,1,4,0,1110102000,1,0,0,50.0
2007,8,50031,110,5,1,4,0,1110102000,1,0,0,200.0
2007,9,50031,110,5,1,4,0,1110102000,1,0,0,80.0
2007,10,50031,110,5,1,4,0,1110102000,1,0,0,500.0
2007,11,50031,110,5,1,4,0,1110102000,1,0,0,100.0
2008,3,50031,110,5,1,4,0,1110106000,24,0,0,150.0
2008,4,50031,110,5,1,4,0,1110106000,24,0,0,260.0
2008,5,50031,110,5,1,4,0,1110106000,24,0,0,100.0
2008,6,50031,110,5,1,4,0,1110106000,24,0,0,100.0
2008,7,50008,110,1,2,1,0,1110104000,16,0,0,1800.32
2008,23,50276,110,3,7,2,0,1110105000,27,0,0,555.37
2009,1,50295,110,3,4,9,0,1110113000,42,0,0,2160.0
2009,2,50031,110,5,1,4,0,1110101000,1,0,0,300.0
2009,3,50031,110,5,1,4,0,1110101000,1,0,0,100.0
2009,4,50031,110,5,1,4,0,1110101000,1,0,0,165.0
2009,5,50031,110,5,1,4,0,1110106000,24,0,0,250.0
2009,6,50031,110,5,1,4,0,1110106000,24,0,0,200.0
2009,7,50031,110,5,1,4,0,1110106000,24,0,0,200.0
2009,8,50031,110,5,1,4,0,1110106000,24,0,0,150.0
2009,9,50031,110,5,1,4,0,1110106000,24,0,0,100.0
2009,10,50031,110,5,1,4,0,1110106000,24,0,0,250.0
2009,11,50031,110,5,1,4,0,1110106000,24,0,0,250.0
2009,12,50031,110,5,1,4,0,1110106000,24,0,0,150.0
2009,13,50031,110,5,1,4,0,1110106000,24,0,0,140.0
2009,14,50031,110,5,1,4,0,1110106000,24,0,0,150.0
2009,15,50031,110,5,1,4,0,1110106000,24,0,0,100.0
2009,16,50031,110,5,1,4,0,1110106000,24,0,0,120.0
2009,17,50031,110,5,1,4,0,1110106000,24,0,0,100.0
2009,18,50031,110,5,1,4,0,1110106000,24,0,0,200.0
2009,19,50031,110,5,1,4,0,1110106000,24,0,0,100.0
2009,20,50031,110,5,1,4,0,1110106000,24,0,0,200.0
2009,21,50031,110,5,1,4,0,1110106000,24,0,0,250.0
2009,22,50031,110,5,1,4,0,1110106000,24,0,0,150.0
2009,23,50031,110,5,1,4,0,1110106000,24,0,0,150.0
2009,24,50031,110,5,1,4,0,1110106000,24,0,0,100.0
2009,25,50031,110,5,1,4,0,1110106000,24,0,0,300.0
2009,26,50031,110,5,1,4,0,1110106000,24,0,0,150.0
2010,2,50003,110,3,7,2,0,1110110000,30,0,0,445.0
2010,4,251,133,4,2,1,0,1110103000,51,86,0,141.28
2010,5,50342,110,5,1,4,0,1110101000,1,0,0,450.0
2010,6,50342,110,5,1,4,0,1110115000,1,0,0,150.0
2010,8,50003,132,3,7,2,0,1110109000,28,0,0,365.0
2010,7,50342,110,5,1,4,0,1110115000,1,0,0,150.0
2011,5,50033,110,7,6,1,0,1110107000,91,0,0,259.63
2011,15,50003,110,5,1,4,0,1110101000,1,0,0,1200.0
2011,16,50031,110,5,1,4,0,1110101000,1,0,0,1200.0
2011,17,50008,110,1,2,1,0,1110105000,27,0,0,272.38
2011,18,50031,110,5,1,4,0,1110101000,1,0,0,350.0
2011,19,50031,110,5,1,4,0,1110106000,24,0,0,200.0
2011,20,50031,110,5,1,4,0,1110101000,1,0,0,250.0
2011,21,50031,110,5,1,4,0,1110101000,1,0,0,1770.0
2011,22,50008,110,1,2,1,0,1110105000,27,0,0,236.06
2011,23,50031,110,5,1,4,0,1110106000,24,0,0,450.0
2011,24,50031,110,5,1,4,0,1110101000,1,0,0,500.0
2011,25,50031,110,5,1,4,0,1110106000,24,0,0,100.0
2011,28,50003,110,3,7,2,0,1110102000,1,0,0,73.0
2011,41,50003,110,3,7,2,0,1110104000,16,0,0,62.3
2011,42,50008,110,1,2,3,0,1110105000,27,0,0,354.66
2012,1,50010,110,1,1,1,0,1110104000,16,0,0,2200.08
2011,43,50383,133,5,1,4,0,1110108000,29,0,0,13090.0
2012,3,50031,110,5,1,4,0,1110102000,1,0,0,250.0
2012,4,50031,110,5,1,4,0,1110106000,24,0,0,600.0
2012,6,50003,110,3,7,2,0,1110103000,1,0,0,528.46
2012,7,50003,110,3,7,2,0,1110103000,18,0,0,356.0
2012,8,50008,110,1,1,3,0,1110104000,16,0,0,4423.9
2012,9,50008,110,1,1,3,0,1110104000,16,0,0,2211.95
2012,10,50008,110,1,1,3,0,1110104000,16,0,0,2211.95
2012,26,50008,110,1,2,1,0,1110108000,29,0,0,911.97
2012,27,50031,110,5,1,4,0,1110109000,28,0,0,300.0
2012,28,50031,110,5,1,4,0,1110106000,24,0,0,678.0
2012,29,50031,110,5,1,4,0,1110106000,24,0,0,600.0
2012,30,50031,110,5,1,4,0,1110106000,24,0,0,100.0
2012,31,50031,110,5,1,4,0,1110106000,24,0,0,1050.0
2012,32,50031,110,5,1,4,0,1110106000,24,0,0,1280.0
2012,33,50031,110,5,1,4,0,1110106000,24,0,0,200.0
2012,36,50276,110,3,7,2,0,1110109000,28,0,0,2542.46
2012,37,50008,110,1,2,1,0,1110104000,16,0,0,496.51
2012,38,50008,110,1,2,3,0,1110105000,27,0,0,35.76
2012,43,50410,110,3,8,3,0,1110102000,1,0,0,458.0
2012,44,50382,110,3,8,3,0,1110101000,1,0,0,1857.0
2013,1,50031,110,5,1,4,0,1110101000,1,0,0,300.0
2013,2,50031,110,5,1,4,0,1110101000,1,0,0,300.0
2013,4,50003,110,3,7,2,0,1110103000,18,0,0,1164.0
2013,8,50276,110,3,7,2,0,1110103000,18,0,0,150.02
2013,9,50276,110,3,7,2,0,1110113000,32,0,0,394.71
2013,10,50008,110,1,1,7,0,1110104000,16,0,0,5000.0
2013,10,50008,110,1,2,1,0,1110104000,16,0,0,84536.89
2013,10,50008,110,1,2,6,0,1110104000,16,0,0,3000.0
2013,10,50008,110,1,3,1,0,1110104000,16,0,0,6674.89
2013,10,50008,110,1,4,0,0,1110104000,16,0,0,3300.0
2013,11,50008,110,1,2,1,0,1110104000,16,0,0,6165.3
2013,12,50008,110,1,2,1,0,1110104000,16,0,0,5549.62
2013,13,50008,110,1,2,3,0,1110104000,16,0,0,772.54
2013,14,50342,110,5,1,3,0,1110106000,24,0,0,300.0
2013,15,50008,110,1,2,1,0,1110103000,26,0,0,2031.0
2013,15,50008,110,1,2,6,0,1110103000,26,0,0,300.0
2013,15,50008,110,1,1,7,0,1110103000,26,0,0,287.17
2014,1,50008,110,1,3,1,0,1110113000,42,0,0,2459.33
2014,6,50010,110,5,1,3,0,1110113000,42,0,0,18000.0
2014,7,50010,110,5,1,3,0,1110113000,42,0,0,2400.0
2014,11,50001,110,3,1,4,0,1110102000,1,0,0,69.09
2014,13,50008,110,1,2,1,0,1110104000,16,0,0,2640.3
2014,13,50008,110,1,3,1,0,1110104000,16,0,0,220.03
2014,13,50008,110,1,2,6,0,1110104000,16,0,0,1039.67
2014,14,50051,110,1,2,5,1,1110104000,16,0,0,316.84
2014,15,50052,110,1,2,5,2,1110104000,16,0,0,126.73
2014,19,50008,110,1,2,1,0,1110104000,16,0,0,2143.93
2014,19,50008,110,1,3,1,0,1110104000,16,0,0,220.03
2014,19,50008,110,1,2,6,0,1110104000,16,0,0,1039.67
2014,20,50008,110,1,2,1,0,1110104000,16,0,0,2143.93
2014,20,50008,110,1,3,1,0,1110104000,16,0,0,165.02
2014,20,50008,110,1,6,0,0,1110104000,16,0,0,1094.68
2014,21,50008,110,1,2,1,0,1110104000,16,0,0,2143.93
2014,21,50008,110,1,3,1,0,1110104000,16,0,0,165.02
2014,21,50008,110,1,2,6,0,1110104000,16,0,0,1094.68
2015,1,50008,110,1,3,1,0,1110113000,42,0,0,3168.36
2015,2,50017,110,3,8,2,0,1110103000,18,0,0,1.7
2015,4,50005,110,3,1,2,0,1110103000,18,0,0,239.02
2015,5,50031,110,5,1,4,0,1110106000,24,0,0,2200.0
2015,6,50031,110,5,1,4,0,1110106000,24,0,0,400.0
2015,7,50031,110,5,1,4,0,1110101000,1,0,0,400.0
2015,8,50342,132,5,1,3,0,1110113000,42,0,0,1200.0
2015,9,50342,132,5,1,3,0,1110113000,42,0,0,1200.0
2015,10,50342,132,5,1,3,0,1110113000,42,0,0,1200.0
2015,11,50342,132,5,1,3,0,1110113000,42,0,0,1200.0
2015,12,50342,132,5,1,3,0,1110113000,43,0,0,2400.0
2015,13,50342,132,5,1,3,0,1110113000,42,0,0,2400.0
2015,14,50342,132,5,1,3,0,1110113000,42,0,0,2400.0
2015,15,50342,132,5,1,3,0,1110113000,42,0,0,2400.0
2015,16,50342,132,5,1,3,0,1110113000,43,0,0,2400.0
2015,18,50010,131,5,1,7,0,1110101000,1,0,0,2005.5
2015,21,50010,132,5,1,3,0,1110113000,43,0,0,7200.0
2015,22,50010,110,5,1,3,0,1110102000,1,0,0,450.0
2015,23,50010,110,5,1,4,0,1110106000,24,0,0,1000.0
2015,24,50010,110,5,1,4,0,1110106000,24,0,0,380.0
2015,25,50010,110,5,1,4,0,1110106000,24,0,0,450.0
2015,26,50010,110,5,1,4,0,1110106000,24,0,0,800.0
2015,28,50342,110,5,1,3,0,1110102000,1,0,0,450.0
2015,29,50031,110,5,1,4,0,1110101000,1,0,0,450.0
2015,30,50031,110,5,1,4,0,1110106000,24,0,0,200.0
2015,31,50031,110,5,1,4,0,1110106000,24,0,0,1000.0
2015,32,50342,132,5,1,3,0,1110113000,42,0,0,9600.0
2015,47,50342,110,7,6,1,0,1110107000,93,0,0,2520.0
2015,48,50031,110,5,1,4,0,1110106000,24,0,0,1500.0
2015,49,50031,110,5,1,4,0,1110106000,24,0,0,400.0
2015,50,50031,110,5,1,4,0,1110101000,1,0,0,1200.0
2015,51,50031,110,5,1,4,0,1110106000,24,0,0,1500.0
2015,52,50031,110,5,1,4,0,1110106000,24,0,0,1000.0
2015,53,50031,110,5,1,4,0,1110106000,24,0,0,450.0
2015,54,50031,110,5,1,4,0,1110106000,24,0,0,740.0
2015,55,50031,110,5,1,4,0,1110106000,24,0,0,200.0
2015,56,50008,110,1,2,3,0,1110113000,42,0,0,108.35
2015,57,50342,132,5,1,3,0,1110113000,43,0,0,3600.0
2015,58,50003,132,3,7,2,0,1110109000,46,0,0,100.0
2015,59,50003,110,3,7,2,0,1110104000,16,0,0,204.0
2015,68,50003,110,3,7,2,0,1110104000,16,0,0,84.0
2016,1,50008,110,1,2,2,0,1110102000,1,0,0,20000.0
2016,2,50008,110,1,2,2,0,1110102000,1,0,0,16240.0
2016,6,50031,110,5,1,4,0,1110106000,24,0,0,1800.0
2016,7,50010,110,3,1,4,0,1110102000,1,0,0,151.43
2016,8,50023,131,3,1,3,0,1110103000,18,0,0,71.62
2016,9,50283,110,2,1,1,0,1110114000,1,0,0,18.0
2016,10,50342,132,7,6,1,0,1110107000,93,0,0,2700.0
2016,11,50031,110,5,1,4,0,1110106000,24,0,0,1500.0
2016,12,50342,132,5,1,4,0,1110113000,43,0,0,7200.0
2016,13,50010,132,1,6,0,0,1110105000,27,0,0,4153.89
2016,14,50003,110,3,7,2,0,1110110000,30,0,0,2074.0
2016,15,50003,110,3,7,2,0,1110112000,1,0,0,155.3
2016,16,50003,110,3,7,2,0,1110102000,1,0,0,56.0
2016,19,50008,110,1,2,1,0,1110104000,16,0,0,10559.37
2016,20,50008,110,1,2,2,0,1110104000,16,0,0,27860.32
2016,21,50031,110,5,1,4,0,1110106000,24,0,0,500.0
2016,22,50031,110,5,1,4,0,1110106000,25,0,0,500.0
2016,23,50031,110,5,1,4,0,1110106000,24,0,0,500.0
2016,24,50031,110,5,1,4,0,1110106000,24,0,0,900.0
2016,28,50003,110,3,7,2,0,1110103000,18,0,0,154.01
2016,53,50008,110,1,1,1,0,1110105000,27,0,0,161.23
2016,54,50342,132,5,1,3,0,1110113000,43,0,0,1200.0
2017,6,50036,110,3,1,4,0,1110102000,1,0,0,166.37
2017,7,50008,110,1,2,1,0,1110104000,16,0,0,17800.01
2017,9,50031,110,5,1,4,0,1110106000,24,0,0,1300.0
2017,15,50031,110,5,1,4,0,1110106000,24,0,0,500.0
2017,16,50342,132,5,1,3,0,1110102000,33,0,0,1050.0
2017,17,50342,132,5,1,3,0,1110102000,33,0,0,2260.0
2017,32,50342,132,5,1,3,0,1110102000,33,0,0,2420.0
2017,33,50489,132,5,1,7,0,1110105000,27,0,0,4580.9
2017,34,50008,110,1,1,3,0,1110104000,16,0,0,27140.38
2018,1,50003,110,3,7,2,0,1110117000,35,0,0,764.83
2018,3,50022,110,3,1,4,0,1110114000,1,0,0,658.8
2018,4,50031,110,5,1,4,0,1110106000,24,0,0,780.0
2018,5,50031,110,5,1,4,0,1110106000,24,0,0,660.0
2018,6,50031,110,5,1,4,0,1110106000,24,0,0,1300.0
2018,7,50031,110,5,1,4,0,1110106000,24,0,0,800.0
2018,9,50342,132,5,1,3,0,1110102000,33,0,0,2822.4
2018,18,50342,132,5,1,3,0,1110102000,1,0,0,1512.0
2018,31,50008,110,1,1,1,0,1110200000,1,0,0,27410.49
2018,36,50031,110,5,1,4,0,1110106000,24,0,0,2500.0
2018,62,50031,110,5,1,4,0,1110106000,24,0,0,700.0
2019,6,50031,110,5,1,4,0,1110106000,24,0,0,2470.0
2019,10,50008,110,1,1,3,0,1110104000,16,0,0,2772.37
2019,11,50008,110,1,2,1,0,1110104000,16,0,0,2772.37
2019,12,50008,110,1,2,1,0,1110104000,16,0,0,2772.37
2019,13,50031,110,5,1,4,0,1110106000,24,0,0,7950.0
2019,15,2525,131,5,1,7,0,1110113000,47,0,0,724.25
2019,16,50003,110,2,9,9,0,1110106000,24,0,0,3540.0
2019,17,50107,131,7,6,1,0,1110107000,93,0,0,724.25
2019,18,50031,110,5,1,4,0,1110106000,24,0,0,4040.0
2019,19,50031,110,5,1,4,0,1110106000,24,0,0,1200.0
2019,20,50031,110,5,1,4,0,1110106000,24,0,0,600.0
2019,21,50574,132,5,1,7,0,1110105000,27,0,0,9500.0
2019,22,50008,110,1,1,1,0,1110104000,16,0,0,1683517.41
2019,23,50031,110,5,1,4,0,1110106000,24,0,0,800.0
2019,24,50008,110,1,3,1,0,1110104000,16,0,0,20124.42
2019,27,50031,110,5,1,4,0,1110106000,24,0,0,700.0
2019,28,50010,110,2,1,1,0,1110104000,16,0,0,2060.0
2019,35,50031,110,5,1,4,0,1110106000,24,0,0,2800.0
2019,36,50003,110,3,7,2,0,1110105000,30,0,0,4802.15
2019,40,50031,110,5,1,4,0,1110106000,24,0,0,1600.0
2019,46,50010,110,1,1,1,0,1110200000,1,0,0,20013.0
2019,47,50008,110,1,3,1,0,1110112000,1,0,0,4230.0
2019,71,50031,110,5,1,4,0,1110106000,24,0,0,5300.0
2019,73,50342,132,5,1,3,0,1110102000,33,0,0,2193.5
2020,3,50008,131,1,3,1,0,1110111000,23,0,0,24029.12
2020,4,50031,110,5,1,4,0,1110106000,24,0,0,700.0
2020,18,50031,110,5,1,4,0,1110106000,24,0,0,3000.0
2020,5,50031,110,5,1,4,0,1110106000,24,0,0,2100.0
2020,6,50493,131,3,1,9,0,1110111000,23,0,0,609.23
2020,14,50031,110,5,1,4,0,1110106000,24,0,0,700.0
2020,19,50031,110,5,1,4,0,1110102000,1,0,0,700.0
2020,20,50010,110,1,1,1,0,1110102000,1,0,0,54000.0
2020,23,50031,110,5,1,4,0,1110106000,24,0,0,700.0
2020,24,50031,110,5,1,4,0,1110106000,24,0,0,900.0
2020,48,50031,110,5,1,4,0,1110106000,24,0,0,900.0
2020,58,50031,110,5,1,4,0,1110106000,24,0,0,700.0
2020,59,980,110,3,1,3,0,1110104000,16,0,0,3286.06
2020,60,50031,110,5,1,4,0,1110106000,1,0,0,800.0
2021,1,50010,110,1,1,1,0,1110102000,1,0,0,6512.05
2021,2,50010,110,1,1,1,0,1110102000,1,0,0,44227.2
2021,3,50031,110,5,1,4,0,1110106000,24,0,0,700.0
2021,4,50031,110,5,1,4,0,1110106000,24,0,0,700.0
2021,5,50010,110,5,1,4,0,1110106000,24,0,0,2625.0
2021,6,50010,110,5,1,4,0,1110106000,24,0,0,700.0
2021,7,50010,110,5,1,4,0,1110106000,24,0,0,700.0
2021,8,50010,110,5,1,4,0,1110106000,24,0,0,1500.0
2021,10,50031,110,5,1,4,0,1110106000,24,0,0,2500.0
2021,11,50031,110,5,1,4,0,1110106000,24,0,0,7500.0
2021,12,50031,110,5,1,4,0,1110106000,24,0,0,2000.0
2021,17,50008,110,1,1,1,0,1110102000,1,0,0,49845.36
2021,26,50031,110,5,1,4,0,1110106000,24,0,0,1000.0
2022,2,50031,110,5,1,4,0,1110106000,24,0,0,4550.0
2022,8,50008,110,1,1,4,0,1110102000,50,0,0,2272.52
2022,9,50008,110,1,1,1,0,1110102000,50,0,0,29270.26
2022,10,50008,110,1,1,1,0,1110102000,1,0,0,33360.8
2022,11,50031,110,5,1,4,0,1110106000,24,0,0,1000.0
2022,12,50031,110,5,1,4,0,1110106000,24,0,0,400.0
2022,14,50003,132,2,9,9,0,1110109000,28,0,0,16789.0
2022,16,50031,110,5,1,4,0,1110106000,1,0,0,15000.0
2022,17,50125,132,5,1,7,0,1110102000,30,0,0,72000.0
2022,53,50008,110,1,1,1,0,1110102000,1,0,0,3369.22
2022,54,50008,110,1,1,1,0,1110102000,1,0,0,6756.55
2023,2,50010,110,5,1,4,0,1110106000,24,0,0,3000.0
2023,3,50010,110,3,8,4,0,1110117000,34,0,0,1713.07
2023,4,50008,110,1,1,1,0,1110109000,28,0,0,645426.09
2023,5,50008,110,1,1,1,0,1110104000,16,0,0,139000.0
2023,7,50342,132,5,1,5,0,1110102000,33,0,0,7460.93
2023,12,50003,110,2,9,9,0,1110102000,30,0,0,53320.0
2023,13,50031,110,5,1,4,0,1110106000,24,0,0,5000.0
2023,14,50031,110,5,1,4,0,1110106000,24,0,0,6000.0
2023,15,50031,110,5,1,4,0,1110106000,24,0,0,8750.0
2023,16,50031,110,5,1,4,0,1110106000,24,0,0,8750.0
2024,2,50002,110,3,1,4,0,1110102000,1,0,0,2973.7
2024,5,50008,110,1,1,1,0,1110112000,1,0,0,1242224.0
2024,7,50031,110,5,1,4,0,1110106000,24,0,0,8000.0
2024,8,50010,110,5,1,4,0,1110106000,24,0,0,8000.0
2024,9,50031,110,5,1,4,0,1110106000,24,0,0,8000.0
2024,10,50031,110,5,1,4,0,1110106000,24,0,0,32000.0
2024,11,50031,110,5,1,4,0,1110106000,24,0,0,16000.0
2024,12,50031,110,5,1,4,0,1110106000,24,0,0,9000.0
2024,14,50031,110,5,1,4,0,1110106000,24,0,0,32000.0
2024,15,50031,110,5,1,4,0,1110106000,24,0,0,8000.0
2024,20,50031,110,5,1,4,0,1110106000,24,0,0,8000.0
2024,21,50031,110,5,1,4,0,1110106000,24,0,0,8000.0
2024,22,50031,110,5,1,4,0,1110106000,24,0,0,8000.0
2024,23,50031,110,5,1,4,0,1110106000,24,0,0,10000.0
2024,25,50031,110,5,1,4,0,1110106000,24,0,0,8000.0
2025,9,50031,110,5,1,4,0,1110106000,24,0,0,8000.0
2025,10,50031,110,5,1,4,0,1110106000,24,0,0,8000.0
2025,13,50031,110,5,1,4,0,1110106000,1,0,0,33000.0
2025,18,50008,110,1,1,1,0,1110104000,16,0,0,506000.0
2025,19,50008,110,1,1,3,0,1110104000,16,0,0,127267.0
2025,21,50010,110,5,1,4,0,1110102000,1,0,0,37500.0
2025,22,50010,110,5,1,4,0,1110106000,24,0,0,16000.0
2025,24,50008,110,1,1,1,0,1110104000,16,0,0,327425.8
2025,36,50031,110,5,1,4,0,1110106000,24,0,0,20000.0
2025,28,50003,132,2,9,9,0,1110109000,47,0,0,52988.0
2025,32,50031,110,5,1,4,0,1110106000,24,0,0,10000.0
2025,60,2331,110,4,3,5,0,1110118000,35,0,0,10563967.77
2026,1,50010,110,1,2,1,0,1110102000,1,0,0,437423.5
2026,2,50010,110,1,1,1,0,1110112000,1,0,0,437423.5
2019,29,50031,110,5,1,4,0,1110106000,24,0,0,700.0
2019,30,50031,110,5,1,4,0,1110106000,24,0,0,700.0
2019,31,50031,110,5,1,4,0,1110106000,24,0,0,700.0
2019,32,50031,110,5,1,4,0,1110106000,24,0,0,700.0
2019,33,50008,110,1,2,1,0,1110104000,16,0,0,4999.99
2019,37,50031,110,5,1,4,0,1110106000,24,0,0,2000.0
2019,38,50010,110,5,1,4,0,1110106000,24,0,0,700.0
2019,39,50031,110,5,1,4,0,1110106000,24,0,0,700.0
2019,70,50036,110,3,1,4,0,1110101000,1,0,0,537.85
2019,72,50031,110,5,1,4,0,1110106000,24,0,0,9200.0
2020,12,50031,110,5,1,4,0,1110106000,24,0,0,700.0
2020,15,50031,110,5,1,4,0,1110106000,24,0,0,500.0
2020,16,50031,110,5,1,4,0,1110106000,24,0,0,700.0
2020,17,50031,110,5,1,4,0,1110106000,24,0,0,700.0
2020,25,50031,110,5,1,4,0,1110106000,24,0,0,700.0
2020,51,50010,110,5,1,4,0,1110106000,24,0,0,600.0
2020,52,50010,110,5,1,4,0,1110106000,24,0,0,1400.0
2021,22,50010,110,1,3,1,0,1110104000,16,0,0,239154.75
2021,23,50031,110,5,1,4,0,1110106000,24,0,0,800.0
2021,24,50031,110,5,1,4,0,1110102000,1,0,0,700.0
2021,25,50031,110,5,1,4,0,1110106000,24,0,0,700.0
2021,30,50031,110,5,1,4,0,1110106000,24,0,0,1000.0
2022,1,50010,110,3,1,4,0,1110101000,1,0,0,24959.88
2022,5,50031,110,5,1,4,0,1110106000,24,0,0,22000.0
2022,6,50342,132,5,1,3,0,1110102000,33,0,0,9324.86
2022,18,50125,132,5,1,7,0,1110102000,30,0,0,352.0
2022,38,50010,110,1,1,1,0,1110118000,1,0,0,49876.36
