EJERCICIO,NRO_RECEP,FECH_RECEP,UNI_COMPRA,NRO_OC,TIPO_DOC_APROB,NRO_DOC_APROB,ANIO_DOC_APROB,COD_PROV,ESTADO,OBSERVACIONES,FECH_ANUL,MOTIVO_ANUL,UNI_RECEP,EJERCICIO_OC,FECHA_HORA,DONANTE,EJERCICIO_REG_COM,NRO_REG_COMP
2026,583,2026-03-03 00:00:00,1,829,FACT,44873,2026,1876,C,Factura B N° 0011-00044873,,,1,2026,2026-03-03 11:18:05,,2026,1668
2026,584,2026-03-03 00:00:00,1,831,FACT,593,2026,1063,C,Factura C N° 00002-00000593,,,1,2026,2026-03-03 11:34:17,,2026,1682
2026,585,2026-03-03 00:00:00,1,819,FACT,45884,2026,345,C,Fcatura B N° 00006-00045884,,,1,2026,2026-03-03 11:36:28,,2026,1681
2026,586,2026-03-03 00:00:00,1,825,FACT,44884,2026,1876,C,Factura B N° 0011-00044884,,,1,2026,2026-03-03 11:39:25,,2026,1678
2026,634,2026-03-09 00:00:00,1,854,FACT,105,2026,2843,C,fact c n ° 00001-0000105,,,1,2026,2026-03-09 08:12:30,,2026,1713
2026,743,2026-03-17 00:00:00,1,1020,FACT,6390,2026,2675,C,FACTURA B 0007-00006390,,,1,2026,2026-03-17 09:42:29,,2026,1977
2026,744,2026-03-17 00:00:00,1,1019,FACT,6391,2026,2675,C,FACTURA B 0007-00006391,,,1,2026,2026-03-17 09:44:20,,2026,1978
2026,745,2026-03-17 00:00:00,1,1036,FACT,687,2026,1879,C,FACTURA B 00003-00000687,,,1,2026,2026-03-17 10:18:11,,2026,2001
2026,746,2026-03-17 00:00:00,1,1037,FACT,688,2026,1879,C,FACTURA B 00003-00000688,,,1,2026,2026-03-17 10:19:48,,2026,2002
2026,747,2026-03-17 00:00:00,1,1038,FACT,1,2026,1879,C,FACTURA B 00006-000001,,,1,2026,2026-03-17 10:23:12,,2026,2008
2026,508,2026-02-25 00:00:00,1,762,FACT,435,2026,2110,C,Factura C N° 00002-00000435,,,1,2026,2026-02-25 08:42:48,,2026,1470
2026,510,2026-02-25 00:00:00,1,764,FACT,26,2026,3398,A,Factura B N° 0012-00000026,2026-02-25 11:37:12,EC,1,2026,2026-02-25 08:45:41,,2026,1471
2026,511,2026-02-25 00:00:00,1,778,FACT,4133,2026,2367,C,Factura C N° 0006-00004133,,,1,2026,2026-02-25 08:48:58,,2026,1475
2026,729,2026-03-13 00:00:00,1,739,FACT,1857,2026,1514,C,fact b n ° 0030-00001857,,,1,2026,2026-03-13 12:38:18,,2026,1360
2026,730,2026-03-13 00:00:00,1,977,FACT,7096,2026,1578,C,fact c n ° 00002-00007096,,,1,2026,2026-03-13 12:44:17,,2026,1875
2026,731,2026-03-13 00:00:00,1,878,FACT,9312,2026,688,C,fact b n ° 0005-00009312,,,1,2026,2026-03-13 12:49:49,,2026,1751
2026,732,2026-03-13 00:00:00,1,950,FACT,9328,2026,688,C,b n ° 0005-00009328,,,1,2026,2026-03-13 12:52:54,,2026,1837
2026,733,2026-03-13 00:00:00,1,947,FACT,947,2026,688,C,fact b n ° 0005-00009333,,,1,2026,2026-03-13 12:54:09,,2026,1895
2026,278,2026-02-04 00:00:00,1,532,FACT,18327,2026,1259,C,FACTURA B 0009-00018327,,,1,2026,2026-02-04 10:07:41,,2026,981
2026,280,2026-02-04 00:00:00,1,542,FACT,4232,2026,3322,C,FACTURA B 0006-00004232,,,1,2026,2026-02-04 10:42:22,,2026,987
2026,298,2026-02-05 00:00:00,1,526,FACT,4233,2026,3322,C,FACTURA B 0006-00004233,,,1,2026,2026-02-05 07:26:33,,2026,963
2026,300,2026-02-05 00:00:00,1,541,FACT,235,2026,717,C,Factura N° C 00006-000000235,,,1,2026,2026-02-05 09:17:00,,2026,971
2026,301,2026-02-05 00:00:00,1,452,FACT,1796,2026,163,C,FACTURA B 00003-00001796,,,1,2026,2026-02-05 09:49:00,,2026,932
2026,302,2026-02-05 00:00:00,1,509,FACT,2490,2026,2654,C,FACTURA B 00003-00002490 RECEPCION PARCIAL,,,1,2026,2026-02-05 11:41:08,,2026,921
2026,303,2026-02-05 00:00:00,1,469,FACT,74416,2026,866,A,FACTURA B 0011-00074416,2026-02-05 11:46:51,EC,1,2026,2026-02-05 11:45:57,,2026,902
2026,305,2026-02-05 00:00:00,1,469,FACT,74416,2026,866,C,FACTURA B 0011-00074416/17,,,1,2026,2026-02-05 12:08:37,,2026,902
2026,306,2026-02-05 00:00:00,1,496,FACT,8932,2026,1440,C,FACTURA B 00002-00008932,,,1,2026,2026-02-05 12:11:10,,2026,871
2026,307,2026-02-06 00:00:00,1,511,FACT,668,2026,3556,C,FACTURA B 00002-00000668,,,1,2026,2026-02-06 07:12:21,,2026,938
2026,308,2026-02-06 00:00:00,1,460,FACT,366,2026,1810,C,FACTURA C 00003-00000366,,,1,2026,2026-02-06 07:14:26,,2026,910
2026,309,2026-02-06 00:00:00,1,299,FACT,365,2026,1810,C,FACTURA C 00003-00000365,,,1,2026,2026-02-06 07:15:46,,2026,587
2026,314,2026-02-06 00:00:00,1,573,FACT,590,2026,167,C,FACTURA C 00002-00000590,,,1,2026,2026-02-06 08:43:04,,2026,1010
2026,315,2026-02-06 00:00:00,1,558,FACT,589,2026,167,C,FACTURA C 00002-000000589,,,1,2026,2026-02-06 08:44:51,,2026,1004
2026,316,2026-02-06 00:00:00,1,551,FACT,202,2026,791,C,FACTURA B 00002-00000202,,,1,2026,2026-02-06 09:15:40,,2026,1000
2026,317,2026-02-06 00:00:00,1,572,FACT,4246,2026,3322,C,FACTURA B 0006-00004246,,,1,2026,2026-02-06 09:31:05,,2026,1011
2026,318,2026-02-06 00:00:00,1,555,FACT,4245,2026,3322,C,FACTURA B 0006-00004245,,,1,2026,2026-02-06 09:32:43,,2026,998
2026,321,2026-02-09 00:00:00,1,409,FACT,1821,2026,1514,C,fact b n ° 0030-00001821,,,1,2026,2026-02-09 08:02:20,,2026,623
2026,322,2026-02-09 00:00:00,1,392,FACT,1819,2026,1514,C,fact b n ° 0030-00001819,,,1,2026,2026-02-09 08:03:55,,2026,542
2026,323,2026-02-09 00:00:00,1,393,FACT,1820,2026,1514,C,fact b n ° 0030-00001820,,,1,2026,2026-02-09 08:06:47,,2026,543
2026,326,2026-02-09 00:00:00,1,566,FACT,10716,2026,2369,C,Factura N° B 0005-0001076,,,1,2026,2026-02-09 09:49:16,,2026,1015
2026,328,2026-02-09 00:00:00,1,570,FACT,654,2026,90,C,Factura N° B 00008-00000654,,,1,2026,2026-02-09 10:23:41,,2026,1019
2026,329,2026-02-09 00:00:00,1,4908,FACT,112,2025,1214,C,Factura N° C00003-00000112,,,1,2025,2026-02-09 11:50:38,,2025,8251
2026,332,2026-02-09 00:00:00,1,578,FACT,1329,2026,436,C,Factura N° C 00003-00001329,,,1,2026,2026-02-09 12:55:51,,2026,1056
2026,375,2026-02-12 00:00:00,1,590,FACT,197,2026,635,C,Factura C N° 00003-0000197,,,1,2026,2026-02-12 12:07:30,,2026,1053
2026,376,2026-02-12 00:00:00,1,589,FACT,198,2026,635,C,Facturas C N° 00003-00000198 //00000199,,,1,2026,2026-02-12 12:09:59,,2026,1052
2026,386,2026-02-18 00:00:00,1,602,FACT,2920,2026,3075,C,FACTURA B 0006-00002920,,,1,2026,2026-02-18 07:30:07,,2026,1111
2026,387,2026-02-18 00:00:00,1,619,FACT,727,2026,2593,C,FACTURA C 00002-00000727,,,1,2026,2026-02-18 07:31:30,,2026,1128
2026,388,2026-02-18 00:00:00,1,593,FACT,826,2026,2627,C,FACTURA B 00006-00000826,,,1,2026,2026-02-18 07:33:28,,2026,1094
2026,389,2026-02-18 00:00:00,1,626,FACT,676,2026,2917,C,FACTURA B 0007-000000676,,,1,2026,2026-02-18 09:12:57,,2026,1212
2026,391,2026-02-18 00:00:00,1,644,FACT,2989,2026,1977,C,FACTURA B 0006-00002989,,,1,2026,2026-02-18 10:16:46,,2026,1226
2026,393,2026-02-18 00:00:00,1,636,FACT,683,2026,1879,C,FACTURA B 00003-0.00000683,,,1,2026,2026-02-18 11:07:45,,2026,1221
2026,402,2026-02-18 00:00:00,1,654,FACT,675,2026,413,C,FACTURA B 00003-00000675,,,1,2026,2026-02-18 11:34:39,,2026,1225
2026,405,2026-02-19 00:00:00,1,652,FACT,570,2026,57,C,fact c n ° 00002-00000570,,,1,2026,2026-02-19 07:45:58,,2026,1224
2026,407,2026-02-19 00:00:00,1,199,FACT,825,2026,2470,C,FACT B  N ° 0004-00000825,,,1,2026,2026-02-19 12:00:52,,2026,311
2026,489,2026-02-24 00:00:00,1,377,FACT,600,2026,68,C,Factura N° C 00002-00000600,,,1,2026,2026-02-24 08:52:05,,2026,582
2026,494,2026-02-24 00:00:00,1,666,FACT,277,2026,164,C,Factura N° C 00003-00000277,,,1,2026,2026-02-24 10:25:47,,2026,1319
2026,662,2026-03-11 00:00:00,1,861,FACT,661,2026,90,C,FACT B N ° 00008-00000661,,,1,2026,2026-03-11 09:05:57,,2026,1718
2026,697,2026-03-12 00:00:00,1,871,FACT,9835,2026,2770,C,fact b n ° 00005-00009835,,,1,2026,2026-03-12 10:58:31,,2026,1760
2026,698,2026-03-12 00:00:00,1,908,FACT,559,2026,2869,C,fact b n ° 0010-00000559,,,1,2026,2026-03-12 11:00:08,,2026,1813
2026,699,2026-03-12 00:00:00,1,866,FACT,558,2026,2869,C,fact b n ° 0010-00000558,,,1,2026,2026-03-12 11:01:32,,2026,1736
2026,700,2026-03-12 00:00:00,1,869,FACT,557,2026,2869,C,fact b n ° 0010-00000557,,,1,2026,2026-03-12 11:06:22,,2026,1738
2026,334,2026-02-10 00:00:00,1,588,FACT,421,2026,2692,C,fact b n ° 00001-00000421,,,1,2026,2026-02-10 07:28:32,,2026,1063
2026,341,2026-02-11 00:00:00,1,547,FACT,1825,2026,1514,C,Factura N° B 0030-00001825,,,1,2026,2026-02-11 07:37:19,,2026,978
2026,310,2026-02-06 00:00:00,1,425,FACT,11627,2026,850,C,Factura N° B 00003-00011627,,,1,2026,2026-02-06 07:53:31,,2026,628
2026,311,2026-02-06 00:00:00,1,437,FACT,11629,2026,850,C,Factura N° B 00003-00011629,,,1,2026,2026-02-06 07:55:49,,2026,795
2026,312,2026-02-06 00:00:00,1,424,FACT,11626,2026,850,C,Factura N° B00003-00011626,,,1,2026,2026-02-06 07:59:58,,2026,649
2026,313,2026-02-06 00:00:00,1,426,FACT,11628,2026,850,C,Factura  N° B 000003-00011628,,,1,2026,2026-02-06 08:02:28,,2026,629
2026,319,2026-02-06 00:00:00,1,523,FACT,103,2026,2843,C,Factura N° C 00001-000000103,,,1,2026,2026-02-06 09:58:00,,2026,959
2026,320,2026-02-06 00:00:00,1,520,FACT,102,2026,2843,C,Factura N° C 00001-00000102,,,1,2026,2026-02-06 10:01:53,,2026,960
2026,333,2026-02-10 00:00:00,1,405,FACT,2019,2026,1943,A,Factura N° B 0005-00002019,2026-02-10 08:18:20,EC,1,2026,2026-02-10 07:25:39,,2026,552
2026,342,2026-02-11 00:00:00,1,561,FACT,1827,2026,1514,C,Factura N°B 0030-00001827,,,1,2026,2026-02-11 07:46:05,,2026,1006
2026,343,2026-02-11 00:00:00,1,562,FACT,1826,2026,1514,C,Factura N° B 0030-00001826,,,1,2026,2026-02-11 07:49:43,,2026,1007
2026,345,2026-02-11 00:00:00,1,581,FACT,222,2026,685,A,Factura N° C 00002-000000222,2026-02-11 10:36:49,EC,1,2026,2026-02-11 07:51:30,,2026,1061
2026,347,2026-02-11 00:00:00,1,5555,FACT,2022,2026,1943,C,Factura N° B 0005-000002022,,,1,2025,2026-02-11 07:55:01,,2025,9783
2026,348,2026-02-11 00:00:00,1,5541,FACT,2021,2026,1943,C,Factura N° B 0005-00002021,,,1,2025,2026-02-11 07:56:57,,2025,9769
2026,357,2026-02-11 00:00:00,1,596,FACT,18333,2026,1259,C,Factura N° B 00009-00018333,,,1,2026,2026-02-11 11:43:59,,2026,1092
2026,390,2026-02-18 00:00:00,1,635,FACT,3805,2026,2751,C,Factura N° B0003-00003805,,,1,2026,2026-02-18 09:17:33,,2026,1210
2026,392,2026-02-18 00:00:00,1,633,FACT,6035,2026,441,C,Factura N° B 0003-000006035,,,1,2026,2026-02-18 11:07:09,,2026,1209
2026,394,2026-02-18 00:00:00,1,628,FACT,6034,2026,441,C,Factura N° B 0003-00006034,,,1,2026,2026-02-18 11:09:14,,2026,1205
2026,395,2026-02-18 00:00:00,1,592,FACT,6033,2026,441,C,"Factura N° B 0003-00006033.32,31,30,36.",,,1,2026,2026-02-18 11:13:27,,2026,1095
2026,396,2026-02-18 00:00:00,1,611,FACT,6029,2026,441,C,Factura N° B 0003-00006029,,,1,2026,2026-02-18 11:15:23,,2026,1107
2026,397,2026-02-18 00:00:00,1,604,FACT,6028,2026,441,C,Factura N° B 0003-00006028,,,1,2026,2026-02-18 11:16:55,,2026,1113
2026,398,2026-02-18 00:00:00,1,531,FACT,6026,2026,441,C,"Factura N° B 0003-000006026,27",,,1,2026,2026-02-18 11:19:10,,2026,982
2026,399,2026-02-18 00:00:00,1,536,FACT,6025,2026,441,C,Factura N° B 0003-00006025,,,1,2026,2026-02-18 11:20:54,,2026,966
2026,400,2026-02-18 00:00:00,1,522,FACT,6024,2026,441,C,Factura N° B 0003-000006024,,,1,2026,2026-02-18 11:22:42,,2026,962
2026,401,2026-02-18 00:00:00,1,513,FACT,6023,2026,441,C,Factura N° B 0003-00006023,,,1,2026,2026-02-18 11:24:48,,2026,940
2026,403,2026-02-18 00:00:00,1,608,FACT,201,2026,3364,C,Factura N° C 00005-0000000201,,,1,2026,2026-02-18 12:43:33,,2026,1117
2026,404,2026-02-18 00:00:00,1,625,FACT,1976,2026,3560,C,Factura N° C 00001-00001976,,,1,2026,2026-02-18 12:46:13,,2026,1163
2026,410,2026-02-20 00:00:00,1,696,FACT,2954,2026,3075,C,Factura N° B 0006-00002954,,,1,2026,2026-02-20 09:05:58,,2026,1246
2026,412,2026-02-20 00:00:00,1,684,FACT,18339,2026,1259,C,Factura N° B 0009-00018339,,,1,2026,2026-02-20 09:22:55,,2026,1250
2026,415,2026-02-20 00:00:00,1,479,FACT,91,2026,3448,C,Factura N° C 00002-00000091,,,1,2026,2026-02-20 09:40:10,,2026,807
2026,738,2026-03-17 00:00:00,1,904,FACT,1614,2026,2883,A,FACTURA B 0005-00001614,2026-03-17 07:15:53,EC,1,2026,2026-03-17 07:15:33,,2026,1804
2026,464,2026-02-23 00:00:00,1,539,FACT,4997,2026,3165,C,Factura N° B 0001-000004997,,,1,2026,2026-02-23 08:26:14,,2026,969
2026,406,2026-02-19 00:00:00,1,607,FACT,217,2026,41,C,Factura N° C 0002-00000217,,,1,2026,2026-02-19 11:59:12,,2026,1116
2026,408,2026-02-19 00:00:00,1,705,FACT,27927,2026,285,C,Factura N° B 00100-00027927,,,1,2026,2026-02-19 12:03:46,,2026,1299
2026,409,2026-02-19 00:00:00,1,568,FACT,294,2026,2208,C,Factura N° C00003-00000294,,,1,2026,2026-02-19 12:07:16,,2026,1020
2026,447,2026-02-23 00:00:00,1,571,FACT,2087,2026,395,C,Factura N° B 00042-00002087,,,1,2026,2026-02-23 07:30:31,,2026,1012
2026,450,2026-02-23 00:00:00,1,718,FACT,572,2026,57,C,Factura N° C 00002-00000572,,,1,2026,2026-02-23 07:32:40,,2026,1315
2026,452,2026-02-23 00:00:00,1,723,FACT,573,2026,57,C,Factura  N° C 00002-00000573,,,1,2026,2026-02-23 07:35:08,,2026,1361
2026,455,2026-02-23 00:00:00,1,521,FACT,3380,2026,87,C,Factura N° B 0005-00003380,,,1,2026,2026-02-23 07:37:32,,2026,961
2026,459,2026-02-23 00:00:00,1,563,FACT,44778,2026,1876,C,Factura N° B 0011-00044778,,,1,2026,2026-02-23 07:42:59,,2026,1008
2026,463,2026-02-23 00:00:00,1,552,FACT,74805,2026,866,N,"Factura N° B0011-00074805,74806,74807-",,,1,2026,2026-02-23 08:13:20,,2026,1001
2026,465,2026-02-23 00:00:00,1,554,FACT,4992,2026,3165,C,Factura N° B0001-000004992,,,1,2026,2026-02-23 08:28:28,,2026,1002
2026,466,2026-02-23 00:00:00,1,134,FACT,36,2026,3445,C,Factura N° C 00001-00000036,,,1,2026,2026-02-23 09:34:25,,2026,134
2026,467,2026-02-23 00:00:00,1,622,FACT,106,2026,2991,C,Factura N° C0001-00000106,,,1,2026,2026-02-23 09:37:04,,2026,1152
2026,468,2026-02-23 00:00:00,1,616,FACT,197,2026,1603,C,Factura N° B 00003-00000197,,,1,2026,2026-02-23 09:39:43,,2026,1126
2026,469,2026-02-23 00:00:00,1,613,FACT,196,2026,1603,C,Factura N° B 00003-000000196,,,1,2026,2026-02-23 09:41:55,,2026,1109
2026,470,2026-02-23 00:00:00,1,645,FACT,449,2026,2371,C,Factura N° B 00005-00000449,,,1,2026,2026-02-23 09:44:13,,2026,1232
2026,481,2026-02-23 00:00:00,1,721,FACT,4046,2026,300,C,NT 00004046,,,1,2026,2026-02-23 11:57:01,,2026,1357
2026,483,2026-02-23 00:00:00,1,576,FACT,45,2026,2988,C,Factura N° C 000003-00000045,,,1,2026,2026-02-23 12:30:34,,2026,1025
2026,484,2026-02-23 00:00:00,1,727,FACT,7068,2026,1578,C,Factura N° C 00002-000007068,,,1,2026,2026-02-23 12:51:54,,2026,1370
2026,529,2026-02-26 00:00:00,1,692,FACT,12596,2026,879,C,Factura N° B 00003-00012596,,,1,2026,2026-02-26 08:16:00,,2026,1266
2026,530,2026-02-26 00:00:00,1,664,FACT,664,2026,879,C,Factura N° B 00003-00012595,,,1,2026,2026-02-26 08:19:13,,2026,1276
2026,531,2026-02-26 00:00:00,1,685,FACT,12597,2026,879,C,Factura N° B 00003-00012597,,,1,2026,2026-02-26 08:22:30,,2026,1317
2026,541,2026-02-26 00:00:00,1,752,FACT,62,2026,2846,C,Factura N° C 00002-00000062,,,1,2026,2026-02-26 11:19:10,,2026,1466
2026,542,2026-02-27 00:00:00,1,747,FACT,5,2026,3331,C,Factura N°C 00004-000000005,,,1,2026,2026-02-27 07:20:31,,2026,1408
2026,544,2026-02-27 00:00:00,1,598,FACT,2311,2026,3324,C,Factura N° B0001-00002311,,,1,2026,2026-02-27 09:50:46,,2026,1110
2026,411,2026-02-20 00:00:00,1,703,FACT,568,2026,1527,C,Factura C N° 0001-00000568 // 00000569 // 00000570,,,1,2026,2026-02-20 09:13:04,,2026,1293
2026,526,2026-02-26 00:00:00,1,788,FACT,547,2026,2869,C,Factura B N° 0010-00000547,,,1,2026,2026-02-26 07:15:53,,2026,1483
2026,527,2026-02-26 00:00:00,1,784,FACT,549,2026,2869,C,Factura B N° 0010-00000549,,,1,2026,2026-02-26 07:20:21,,2026,1484
2026,547,2026-02-27 00:00:00,1,782,FACT,1816,2026,163,C,Factura N° B00003-00001816,,,1,2026,2026-02-27 10:32:28,,2026,1488
2026,548,2026-02-27 00:00:00,1,781,FACT,781,2026,163,C,Factura N°B000003-00001815,,,1,2026,2026-02-27 10:35:48,,2026,1487
2026,640,2026-03-10 00:00:00,1,875,FACT,974,2026,517,C,FACTURA B 0008-00000974,,,1,2026,2026-03-10 07:44:26,,2026,1748
2026,641,2026-03-10 00:00:00,1,811,FACT,115,2026,3297,C,FACTURA B 00001-00000115,,,1,2026,2026-03-10 07:46:10,,2026,1639
2026,382,2026-02-13 00:00:00,1,612,FACT,1960,2026,19,C,FACT B N ° 00005-00001960,,,1,2026,2026-02-13 12:17:46,,2026,1108
2026,383,2026-02-13 00:00:00,1,441,FACT,104,2026,2843,C,FACT C N ° 00001-00000104,,,1,2026,2026-02-13 12:24:38,,2026,953
2026,384,2026-02-13 00:00:00,1,615,FACT,4009,2026,300,C,FACT B N ° 00007-00004009,,,1,2026,2026-02-13 12:30:06,,2026,1130
2026,284,2026-02-04 00:00:00,1,481,FACT,6019,2026,441,C,FACT B N °  0003-00006019,,,1,2026,2026-02-04 10:49:28,,2026,799
2026,286,2026-02-04 00:00:00,1,418,FACT,6011,2026,441,C,FACT B N ° 0003-00006011,,,1,2026,2026-02-04 11:00:33,,2026,642
2026,287,2026-02-04 00:00:00,1,403,FACT,6013,2026,441,C,FACT B N ° 0003-00006013,,,1,2026,2026-02-04 11:04:53,,2026,550
2026,288,2026-02-04 00:00:00,1,331,FACT,6015,2026,441,C,FACT B N ° 0003-00006015,,,1,2026,2026-02-04 11:07:43,,2026,563
2026,289,2026-02-04 00:00:00,1,322,FACT,6017,2026,441,C,FACT B N ° 0003-00006017,,,1,2026,2026-02-04 11:09:08,,2026,519
2026,362,2026-02-12 00:00:00,1,210,FACT,110447,2026,2209,C,fact b n ° 0002-00110447,,,1,2026,2026-02-12 07:46:40,,2026,250
2026,363,2026-02-12 00:00:00,1,400,FACT,110458,2026,2209,C,fact b n ° 0002-00110458,,,1,2026,2026-02-12 07:48:12,,2026,547
2026,364,2026-02-12 00:00:00,1,445,FACT,11457,2026,2209,C,fact b n ° 0002-00110457,,,1,2026,2026-02-12 07:49:11,,2026,681
2026,365,2026-02-12 00:00:00,1,283,FACT,110455,2026,2209,C,fact b n ° 0002-00110455,,,1,2026,2026-02-12 07:50:06,,2026,441
2026,366,2026-02-12 00:00:00,1,310,FACT,110446,2026,2209,C,fact b n ° 0002-001102446,,,1,2026,2026-02-12 07:53:00,,2026,595
2026,367,2026-02-12 00:00:00,1,317,FACT,110445,2026,2209,C,fact b n ° 0002-00110445/110814,,,1,2026,2026-02-12 07:54:37,,2026,483
2026,368,2026-02-12 00:00:00,1,308,FACT,110443,2026,2209,C,fact b n ° 0002-00110443,,,1,2026,2026-02-12 07:55:54,,2026,594
2026,369,2026-02-12 00:00:00,1,401,FACT,110444,2026,2209,C,fact b n ° 0002-00110444,,,1,2026,2026-02-12 07:57:01,,2026,548
2026,372,2026-02-12 00:00:00,1,476,FACT,697,2026,3287,C,fact b n ° 0002-00000697,,,1,2026,2026-02-12 11:30:15,,2026,679
2026,373,2026-02-12 00:00:00,1,489,FACT,700,2026,3287,C,fact b n ° 0002-00000700,,,1,2026,2026-02-12 11:31:02,,2026,802
2026,374,2026-02-12 00:00:00,1,553,FACT,701,2026,3287,C,fact b n ° 0002-00000701,,,1,2026,2026-02-12 11:31:44,,2026,976
2026,622,2026-03-06 00:00:00,1,845,FACT,712,2026,3287,C,fact b n ° 0002-00000712,,,1,2026,2026-03-06 07:11:23,,2026,1658
2026,623,2026-03-06 00:00:00,1,862,FACT,9268,2026,688,C,fact b n ° 0005-00009268,,,1,2026,2026-03-06 07:15:04,,2026,1719
2026,626,2026-03-06 00:00:00,1,5473,FACT,601,2026,68,C,FACT C N ° 00002-00000601,,,1,2025,2026-03-06 10:13:43,,2025,9623
2026,627,2026-03-06 00:00:00,1,597,FACT,660,2026,90,C,fact b n ° 00008-00000660/00000659,,,1,2026,2026-03-06 11:08:57,,2026,1075
2026,490,2026-02-24 00:00:00,1,719,FACT,12578,2026,879,C,Factura B N° 00003-00012578,,,1,2026,2026-02-24 10:06:15,,2026,1355
2026,491,2026-02-24 00:00:00,1,689,FACT,12577,2026,879,C,Factura B N° 00003-00012577,,,1,2026,2026-02-24 10:10:18,,2026,1287
2026,492,2026-02-24 00:00:00,1,171,FACT,2298,2026,1213,C,Factura B N° 00006-00002298,,,1,2026,2026-02-24 10:21:13,,2026,360
2026,493,2026-02-24 00:00:00,1,131,FACT,2297,2026,1213,C,Factura B N° 00006-00002297,,,1,2026,2026-02-24 10:23:33,,2026,133
2026,495,2026-02-24 00:00:00,1,766,FACT,766,2026,3075,C,Factura N° B 0006-00002966,,,1,2026,2026-02-24 11:33:23,,2026,1414
2026,513,2026-02-25 00:00:00,1,742,FACT,7930,2026,169,C,Factura N° B 0000004-00007930,,,1,2026,2026-02-25 09:53:55,,2026,1402
2026,496,2026-02-24 00:00:00,1,618,FACT,618,2026,2410,C,Factura N° C 00002-000001059,,,1,2026,2026-02-24 12:41:58,,2026,1127
2026,497,2026-02-24 00:00:00,1,629,FACT,1060,2026,2410,C,Factura N° C 00002-00001060,,,1,2026,2026-02-24 12:46:12,,2026,1206
2026,498,2026-02-24 00:00:00,1,627,FACT,1061,2026,2410,C,Factura N° C 00002-000001061,,,1,2026,2026-02-24 12:48:15,,2026,1204
2026,499,2026-02-24 00:00:00,1,655,FACT,1062,2026,2410,C,Factura N° C 00002-00001062,,,1,2026,2026-02-24 12:50:26,,2026,1267
2026,500,2026-02-24 00:00:00,1,662,FACT,1063,2026,2410,C,Factura N° C 00002-00001063,,,1,2026,2026-02-24 12:52:19,,2026,1274
2026,501,2026-02-24 00:00:00,1,688,FACT,1066,2026,2410,C,Factura N° C 00002-000001066,,,1,2026,2026-02-24 12:54:33,,2026,1252
2026,502,2026-02-24 00:00:00,1,707,FACT,1065,2026,2410,C,Factura N° C 00002-00001065,,,1,2026,2026-02-24 12:56:39,,2026,1283
2026,503,2026-02-24 00:00:00,1,682,FACT,682,2026,2410,C,Factura N° C 00002-00001064,,,1,2026,2026-02-24 12:59:48,,2026,1248
2026,504,2026-02-25 00:00:00,1,775,FACT,182,2026,1962,N,Factura N° C 00003-000000182,,,1,2026,2026-02-25 07:25:10,,2026,1445
2026,514,2026-02-25 00:00:00,1,767,FACT,7929,2026,169,C,Factura N° B 000004-00007929,,,1,2026,2026-02-25 09:56:08,,2026,1413
2026,515,2026-02-25 00:00:00,1,621,FACT,94,2026,3481,C,Factura N° B 000005-00000094,,,1,2026,2026-02-25 10:07:21,,2026,1151
2026,521,2026-02-25 00:00:00,1,715,FACT,2030,2026,1943,C,Factura N° B 0005-00002030,,,1,2026,2026-02-25 11:47:22,,2026,1298
2026,524,2026-02-25 00:00:00,1,787,FACT,550,2026,2869,C,Factura N° B 0010-000000550,,,1,2026,2026-02-25 12:59:46,,2026,1482
2026,525,2026-02-25 00:00:00,1,786,FACT,548,2026,2869,C,Factura N° B 0010-00000548,,,1,2026,2026-02-25 13:01:21,,2026,1480
2026,560,2026-03-02 00:00:00,1,796,FACT,437,2026,2110,C,Factura C N° 00002-00000437,,,1,2026,2026-03-02 08:20:46,,2026,1506
2026,561,2026-03-02 00:00:00,1,813,FACT,2086,2025,3184,C,Fcaturas B N° 0005-00002086  //  00002087,,,1,2026,2026-03-02 08:24:52,,2026,1641
2026,562,2026-03-02 00:00:00,1,790,FACT,436,2026,2110,C,Factura C N° 00002-00000436,,,1,2026,2026-03-02 08:30:47,,2026,1495
2026,563,2026-03-02 00:00:00,1,797,FACT,18348,2026,1259,C,Factura B N° 0009-00018348,,,1,2026,2026-03-02 08:37:22,,2026,1507
2026,564,2026-03-02 00:00:00,1,798,FACT,706,2026,822,C,Fcatura B N° 0011-00000706,,,1,2026,2026-03-02 08:39:49,,2026,1505
2026,565,2026-03-02 00:00:00,1,801,FACT,552,2026,2869,C,Factura B N° 0010-00000552,,,1,2026,2026-03-02 08:42:50,,2026,1508
2026,566,2026-03-02 00:00:00,1,794,FACT,198,2026,1603,C,Factura B N° 00003-00000198,,,1,2026,2026-03-02 08:52:09,,2026,1646
2026,569,2026-03-02 00:00:00,1,821,FACT,11277,2026,160,C,Factura B N° 0007-00011277,,,1,2026,2026-03-02 11:18:48,,2026,1654
2026,573,2026-03-02 00:00:00,1,803,FACT,12668,2026,879,C,Factura B N° 00003-00012668,,,1,2026,2026-03-02 11:54:45,,2026,1647
2026,577,2026-03-03 00:00:00,1,138,FACT,45482,2026,345,C,Factura B N° 00006-00045482,,,1,2026,2026-03-03 07:42:06,,2026,169
2026,579,2026-03-03 00:00:00,1,826,FACT,370,2026,1810,C,Factura C N° 00003-00000370,,,1,2026,2026-03-03 08:59:12,,2026,1664
2026,580,2026-03-03 00:00:00,1,807,FACT,1817,2026,163,C,Factura B N° 00003-000001817,,,1,2026,2026-03-03 09:02:06,,2026,1645
2026,581,2026-03-03 00:00:00,1,791,FACT,1203,2026,1608,C,Factura B N° 0006-00001203,,,1,2026,2026-03-03 09:39:28,,2026,1496
2026,601,2026-03-04 00:00:00,1,597,FACT,655,2026,90,C,FACT B N° 00008-00000655 / 00000657/00000656/00000658,,,1,2026,2026-03-04 11:10:38,,2026,1075
2026,612,2026-03-05 00:00:00,1,827,FACT,75090,2026,866,C,fact b n ° 0011-00075090,,,1,2026,2026-03-05 08:19:23,,2026,1665
2026,615,2026-03-05 00:00:00,1,842,FACT,555,2026,2869,C,fact b n ° 0010-00000555,,,1,2026,2026-03-05 10:09:26,,2026,1660
2026,619,2026-03-05 00:00:00,1,881,FACT,6322,2026,3218,A,fact b n ° 0001-00006322,2026-03-11 08:35:49,EC,1,2026,2026-03-05 12:04:01,,2026,1731
2026,620,2026-03-05 00:00:00,1,574,FACT,6128,2026,3218,C,fact b n ° 00011-00006128,,,1,2026,2026-03-05 12:04:36,,2026,1046
2026,644,2026-03-10 00:00:00,1,884,FACT,19,2026,120,C,FACTURA C 00002-0000019,,,1,2026,2026-03-10 10:29:24,,2026,1770
2026,645,2026-03-10 00:00:00,1,889,FACT,206,2026,3364,A,FACTURA C 00005-00000206,2026-03-10 10:33:23,EC,1,2026,2026-03-10 10:32:16,,2026,1778
2026,646,2026-03-11 00:00:00,1,928,FACT,1300,2026,216,C,FACTURA C 00003-00001300,,,1,2026,2026-03-11 07:19:50,,2026,1809
2026,647,2026-03-11 00:00:00,1,917,FACT,18351,2026,1259,C,FACTURA B 0009-00018351,,,1,2026,2026-03-11 07:21:17,,2026,1797
2026,648,2026-03-11 00:00:00,1,891,FACT,18352,2026,1259,C,FACTURA B 0009-00018352,,,1,2026,2026-03-11 07:22:41,,2026,1780
2026,649,2026-03-11 00:00:00,1,849,FACT,1974,2026,3296,C,FACTURA B 0003-00001974,,,1,2026,2026-03-11 07:24:20,,2026,1724
2026,650,2026-03-11 00:00:00,1,712,FACT,673,2026,3556,C,FACTURA B 00002-00000673,,,1,2026,2026-03-11 07:25:40,,2026,1295
2026,651,2026-03-11 00:00:00,1,868,FACT,593,2026,167,C,FACTURA C 00002-*00000593,,,1,2026,2026-03-11 07:27:06,,2026,1737
2026,652,2026-03-11 00:00:00,1,937,FACT,2967,2026,3395,C,FACTURA B 00003-00002967,,,1,2026,2026-03-11 07:28:36,,2026,1828
2026,653,2026-03-11 00:00:00,1,970,FACT,206,2026,3364,C,FA CTURA C 00005-00000206,,,1,2026,2026-03-11 07:30:02,,2026,1835
2026,654,2026-03-11 00:00:00,1,938,FACT,4642,2026,2310,C,FACTURA B 11-4642,,,1,2026,2026-03-11 07:31:22,,2026,1833
2026,655,2026-03-11 00:00:00,1,925,FACT,140,2026,777,C,FACTURA B 00004-0000140,,,1,2026,2026-03-11 07:32:51,,2026,1821
2026,656,2026-03-11 00:00:00,1,927,FACT,137,2026,777,C,FACTURA B 00004-00000137,,,1,2026,2026-03-11 07:37:56,,2026,1808
2026,657,2026-03-11 00:00:00,1,916,FACT,138,2026,777,C,FACTURA B 00004-00000138,,,1,2026,2026-03-11 07:39:16,,2026,1796
2026,658,2026-03-11 00:00:00,1,915,FACT,139,2026,777,C,FACTURA B 00004-00000139,,,1,2026,2026-03-11 07:40:38,,2026,1795
2026,659,2026-03-11 00:00:00,1,919,FACT,2419,2026,826,C,FACTURA C 00003-00002419,,,1,2026,2026-03-11 08:18:20,,2026,1819
2026,660,2026-03-11 00:00:00,1,913,FACT,236,2026,717,C,FACTURA C 00006-00000236,,,1,2026,2026-03-11 08:34:45,,2026,1817
2026,661,2026-03-11 00:00:00,1,918,FACT,237,2026,717,C,FACTURA C 00006-00000237,,,1,2026,2026-03-11 08:36:18,,2026,1798
2026,663,2026-03-11 00:00:00,1,941,FACT,7971,2026,169,C,FACTURA B 000004-00007971,,,1,2026,2026-03-11 09:24:44,,2026,1842
2026,665,2026-03-11 00:00:00,1,936,FACT,7972,2026,169,C,FACTURA B 000004-00007972,,,1,2026,2026-03-11 09:27:42,,2026,1831
2026,667,2026-03-11 00:00:00,1,933,FACT,7973,2026,169,C,FACTURA B 000004-00007973,,,1,2026,2026-03-11 09:29:28,,2026,1830
2026,672,2026-03-11 00:00:00,1,909,FACT,147,2026,612,C,FACTURA B 00004-00000147,,,1,2026,2026-03-11 09:45:27,,2026,1814
2026,673,2026-03-11 00:00:00,1,983,FACT,966,2026,2643,C,FACTURA B 0003-00000966,,,1,2026,2026-03-11 10:25:05,,2026,1854
2026,674,2026-03-11 00:00:00,1,962,FACT,129083,2026,2001,C,TIQUE 129083-133251,,,1,2026,2026-03-11 10:27:43,,2026,1872
2026,675,2026-03-11 00:00:00,1,614,FACT,1478,2026,2810,C,FACTURA C 00002-00001478,,,1,2026,2026-03-11 10:29:23,,2026,1131
2026,676,2026-03-11 00:00:00,1,610,FACT,1479,2026,2810,C,FACTURA C 00002-00001479,,,1,2026,2026-03-11 10:30:52,,2026,1106
2026,677,2026-03-11 00:00:00,1,899,FACT,4379,2026,3322,C,FACTURA B 0006-00004379,,,1,2026,2026-03-11 10:44:20,,2026,1801
2026,678,2026-03-11 00:00:00,1,896,FACT,4377,2026,3322,C,FACTURA B 0006-00004377,,,1,2026,2026-03-11 10:50:51,,2026,1785
2026,679,2026-03-11 00:00:00,1,921,FACT,4380,2026,3322,C,FACTURA B 0006-0004380,,,1,2026,2026-03-11 10:52:25,,2026,1806
2026,680,2026-03-11 00:00:00,1,929,FACT,4381,2026,3322,C,FACTURA B 0006-00004381,,,1,2026,2026-03-11 10:53:56,,2026,1810
2026,681,2026-03-11 00:00:00,1,930,FACT,4382,2026,3322,C,FACTURA B 0006-00004382,,,1,2026,2026-03-11 11:02:06,,2026,1791
2026,682,2026-03-11 00:00:00,1,898,FACT,898,2026,3322,C,FACTURA B 0006-00004378,,,1,2026,2026-03-11 11:04:20,,2026,1789
2026,683,2026-03-11 00:00:00,1,949,FACT,371,2026,1810,C,FACTURA C 00003-00000371,,,1,2026,2026-03-11 11:19:17,,2026,1836
2026,684,2026-03-11 00:00:00,1,976,FACT,372,2026,1810,C,FACTURA C 00003-00000372,,,1,2026,2026-03-11 11:21:39,,2026,1858
2026,685,2026-03-11 00:00:00,1,907,FACT,907,2026,160,C,FACTURA B 0007-00011320,,,1,2026,2026-03-11 11:23:25,,2026,1812
2026,686,2026-03-11 00:00:00,1,973,FACT,18354,2026,1259,C,FACTURA B 0009-00018354,,,1,2026,2026-03-11 11:45:42,,2026,1869
2026,687,2026-03-11 00:00:00,1,926,FACT,715,2026,3287,C,FACTURA B 0002-00000715,,,1,2026,2026-03-11 12:12:45,,2026,1822
2026,688,2026-03-11 00:00:00,1,959,FACT,717,2026,3287,C,FACTURA B 0002-00000717,,,1,2026,2026-03-11 12:14:14,,2026,1866
2026,709,2026-03-12 00:00:00,1,988,FACT,4086,2026,300,C,Tique N° 00007-00004086,,,1,2026,2026-03-12 12:01:27,,2026,1886
2026,710,2026-03-12 00:00:00,1,989,FACT,4085,2026,300,C,Tique N° 00007-00004085,,,1,2026,2026-03-12 12:06:32,,2026,1887
2026,711,2026-03-12 00:00:00,1,985,FACT,4084,2026,300,C,Tique N° 00007-00004084,,,1,2026,2026-03-12 12:09:05,,2026,1883
2026,712,2026-03-12 00:00:00,1,991,FACT,4083,2026,300,C,Tique N° 00007-00004083,,,1,2026,2026-03-12 12:20:06,,2026,1880
2026,589,2026-03-03 00:00:00,1,800,ORDCO,800,2026,21352,C,factura C 0004-000000001,,,1,2026,2026-03-03 12:31:43,,2026,1501
2026,692,2026-03-12 00:00:00,1,732,ORDCO,732,2026,212,C,factura C 0002-00000111,,,1,2026,2026-03-12 09:29:58,,2026,1372
2026,689,2026-03-12 00:00:00,1,957,FACT,238,2026,717,C,FACTURA C 00006-00000238,,,1,2026,2026-03-12 08:47:07,,2026,1850
2026,690,2026-03-12 00:00:00,1,946,FACT,9836,2026,2770,C,FACTURA B 00005-00009836,,,1,2026,2026-03-12 08:49:08,,2026,1894
2026,691,2026-03-12 00:00:00,1,953,FACT,18353,2026,1259,C,FACTURA B 00009-00018353,,,1,2026,2026-03-12 08:58:20,,2026,1897
2026,693,2026-03-12 00:00:00,1,944,FACT,55670,2026,1206,C,FACTURA B 00121-00055670,,,1,2026,2026-03-12 09:42:16,,2026,1893
2026,694,2026-03-12 00:00:00,1,954,FACT,899,2026,2450,C,FACTURA B 00005-00000899,,,1,2026,2026-03-12 09:52:25,,2026,1844
2026,695,2026-03-12 00:00:00,1,960,FACT,1976,2026,3296,C,FACTURA B 0003-000001976,,,1,2026,2026-03-12 09:54:47,,2026,1868
2026,696,2026-03-12 00:00:00,1,876,FACT,4089,2026,300,C,TIQUE 00007-00004089,,,1,2026,2026-03-12 10:56:35,,2026,1749
2026,701,2026-03-12 00:00:00,1,914,FACT,50,2026,1141,C,FACTURA B 00002-00000050,,,1,2026,2026-03-12 11:14:08,,2026,1818
2026,702,2026-03-12 00:00:00,1,998,FACT,11328,2026,2369,C,FACTURA B 0005-00011328,,,1,2026,2026-03-12 11:20:22,,2026,1905
2026,703,2026-03-12 00:00:00,1,475,FACT,52,2026,3356,C,FACTURA C 00003-0000052,,,1,2026,2026-03-12 11:45:40,,2026,898
2026,704,2026-03-12 00:00:00,1,474,FACT,51,2026,3356,C,FACTURA C 00003-000000051,,,1,2026,2026-03-12 11:48:40,,2026,678
2026,705,2026-03-12 00:00:00,1,680,FACT,4088,2026,300,C,TIQUE 00007-000004088,,,1,2026,2026-03-12 11:51:07,,2026,1262
2026,706,2026-03-12 00:00:00,1,987,FACT,4087,2026,300,C,TIQUE 00007-00004087,,,1,2026,2026-03-12 11:53:10,,2026,1885
2026,707,2026-03-12 00:00:00,1,980,FACT,4082,2026,300,C,TIQUE 0007-00004082,,,1,2026,2026-03-12 11:59:25,,2026,1877
2026,708,2026-03-12 00:00:00,1,981,FACT,4081,2026,300,C,TIQUE 0007-00004081,,,1,2026,2026-03-12 12:01:08,,2026,1878
2026,713,2026-03-12 00:00:00,1,1017,FACT,373,2026,1810,C,FACTURA C 00003-00000373,,,1,2026,2026-03-12 12:29:09,,2026,1944
2026,714,2026-03-13 00:00:00,1,1014,FACT,685,2026,1879,C,FACTURA B 00003-00000685,,,1,2026,2026-03-13 07:17:11,,2026,1940
2026,715,2026-03-13 00:00:00,1,1013,FACT,686,2026,1879,C,FACTURA B 00003-00000686,,,1,2026,2026-03-13 07:18:54,,2026,1941
2026,716,2026-03-13 00:00:00,1,951,FACT,162,2026,216,C,FACTURA C 00004-00000162/164,,,1,2026,2026-03-13 07:20:42,,2026,1896
2026,717,2026-03-13 00:00:00,1,940,FACT,4389,2026,3322,C,FACTURA B 0006-00004389,,,1,2026,2026-03-13 07:22:26,,2026,1891
2026,718,2026-03-13 00:00:00,1,971,FACT,4384,2026,3322,C,FACTURA B 00006-00004384,,,1,2026,2026-03-13 07:23:47,,2026,1863
2026,719,2026-03-13 00:00:00,1,965,FACT,4385,2026,3322,C,FACTURA B 0006-00004385,,,1,2026,2026-03-13 07:25:22,,2026,1860
2026,720,2026-03-13 00:00:00,1,968,FACT,4383,2026,3322,C,FACTURA B 0006-00004383,,,1,2026,2026-03-13 07:28:06,,2026,1864
2026,721,2026-03-13 00:00:00,1,856,FACT,1966,2026,3296,C,FACTURA B 0003-00001966,,,1,2026,2026-03-13 07:38:17,,2026,1955
2026,723,2026-03-13 00:00:00,1,1012,FACT,838,2026,2627,C,FACTURA B 00006-00000838,,,1,2026,2026-03-13 09:12:35,,2026,1939
2026,724,2026-03-13 00:00:00,1,1005,FACT,839,2026,2627,C,FACTURA B 00006-00000839,,,1,2026,2026-03-13 09:14:08,,2026,1933
2026,726,2026-03-13 00:00:00,1,1002,FACT,900,2026,2450,C,FACTURA B 00005-000000900,,,1,2026,2026-03-13 11:15:08,,2026,1930
2026,727,2026-03-13 00:00:00,1,720,FACT,358,2026,21,C,FACTURA C 00002-00000358,,,1,2026,2026-03-13 12:17:54,,2026,1356
2026,734,2026-03-16 00:00:00,1,1011,FACT,135,2026,2801,C,FACTURA B 00003-00000135,,,1,2026,2026-03-16 09:32:21,,2026,1938
2026,735,2026-03-16 00:00:00,1,883,FACT,286,2026,3563,C,FACTURA C 0001-00000286,,,1,2026,2026-03-16 10:07:53,,2026,1793
2026,736,2026-03-16 00:00:00,1,1022,FACT,3116,2026,3075,C,FACTURA B 0006-00003116,,,1,2026,2026-03-16 12:37:43,,2026,1994
2026,737,2026-03-16 00:00:00,1,1015,FACT,28091,2026,285,C,FACTURA B 00100-00028091,,,1,2026,2026-03-16 12:41:44,,2026,1942
2026,739,2026-03-17 00:00:00,1,817,FACT,11790,2026,850,C,fact b n ° 00003-00011790,,,1,2026,2026-03-17 08:20:59,,2026,1656
2026,740,2026-03-17 00:00:00,1,694,FACT,11789,2026,850,C,fact b n ° 00003-00011789,,,1,2026,2026-03-17 08:23:14,,2026,1265
2026,741,2026-03-17 00:00:00,1,525,FACT,11788,2026,850,C,fact b n ° 00003-00011788,,,1,2026,2026-03-17 08:35:52,,2026,985
2026,742,2026-03-17 00:00:00,1,519,FACT,11787,2026,850,A,fact b n ° 00003-00011787,2026-03-17 08:38:42,EOC,1,2026,2026-03-17 08:37:43,,2026,972
2026,505,2026-02-25 00:00:00,1,728,FACT,27954,2026,285,C,FACTURA B 00100-00027954,,,1,2026,2026-02-25 08:03:09,,2026,1364
2026,506,2026-02-25 00:00:00,1,768,FACT,592,2026,1063,C,FACTURA C 00002-00000592,,,1,2026,2026-02-25 08:04:46,,2026,1454
2026,507,2026-02-25 00:00:00,1,761,FACT,71,2026,3552,C,FACTURA B 0002-0000071,,,1,2026,2026-02-25 08:06:57,,2026,1462
2026,509,2026-02-25 00:00:00,1,759,FACT,61,2026,2846,C,FACTURA C 00002-00000061,,,1,2026,2026-02-25 08:45:01,,2026,1460
2026,512,2026-02-25 00:00:00,1,757,FACT,18347,2026,1259,C,FACTURA B 0009-00018347,,,1,2026,2026-02-25 09:04:19,,2026,1469
2026,516,2026-02-25 00:00:00,1,773,FACT,4178,2026,2151,C,FACTURA B 00012-00004178,,,1,2026,2026-02-25 10:09:11,,2026,1451
2026,517,2026-02-25 00:00:00,1,665,FACT,174,2026,360,C,FACTURA C 00002-00000174,,,1,2026,2026-02-25 10:10:24,,2026,1277
2026,518,2026-02-25 00:00:00,1,756,FACT,4317,2026,3322,C,FACTURA B 0006-00004317,,,1,2026,2026-02-25 10:47:04,,2026,1468
2026,519,2026-02-25 00:00:00,1,4568,FACT,18664,2026,527,C,FACTURA B 0005-00018664,,,1,2025,2026-02-25 11:23:12,,2026,1476
2026,520,2026-02-25 00:00:00,1,3990,FACT,18663,2026,527,C,FACTURA B 00005-00018663,,,1,2025,2026-02-25 11:25:25,,2026,1477
2026,522,2026-02-25 00:00:00,1,792,FACT,26,2026,3398,C,FACTURA B 0012-00000026,,,1,2026,2026-02-25 11:55:26,,2026,1493
2026,523,2026-02-25 00:00:00,1,711,FACT,898,2026,2450,C,FACTURA B 00005-00000898,,,1,2026,2026-02-25 12:57:14,,2026,1294
2026,528,2026-02-26 00:00:00,1,776,FACT,1838,2026,1514,C,FACTURA B 0030-00001838,,,1,2026,2026-02-26 07:40:39,,2026,1491
2026,532,2026-02-26 00:00:00,1,529,FACT,2023,2026,1943,C,FACTURA B 0005-0000-2023,,,1,2026,2026-02-26 09:19:30,,2026,965
2026,533,2026-02-26 00:00:00,1,763,FACT,11256,2026,160,C,FACTUTA B 0007-00011256,,,1,2026,2026-02-26 09:48:21,,2026,1463
2026,534,2026-02-26 00:00:00,1,617,FACT,1955,2026,3296,C,FACTURA B 0003-00001955,,,1,2026,2026-02-26 09:51:44,,2026,1132
2026,535,2026-02-26 00:00:00,1,783,FACT,679,2026,413,C,FACTURA B 00003-00000679,,,1,2026,2026-02-26 10:03:04,,2026,1489
2026,536,2026-02-26 00:00:00,1,774,FACT,678,2026,413,C,FACTURA B 00003-00000678,,,1,2026,2026-02-26 10:04:49,,2026,1452
2026,537,2026-02-26 00:00:00,1,789,FACT,323,2026,2548,C,FACTURA C 00003-00000323,,,1,2026,2026-02-26 10:20:11,,2026,1479
2026,538,2026-02-26 00:00:00,1,793,FACT,551,2026,2869,C,FACTURA B 0010-00000551,,,1,2026,2026-02-26 11:05:47,,2026,1494
2026,539,2026-02-26 00:00:00,1,698,FACT,926,2026,776,C,FACTURA C 00003-00000926,,,1,2026,2026-02-26 11:09:40,,2026,1291
2026,540,2026-02-26 00:00:00,1,699,FACT,927,2026,776,C,FACTURA C 00003-00000927,,,1,2026,2026-02-26 11:12:19,,2026,1292
2026,543,2026-02-27 00:00:00,1,650,FACT,34,2026,1995,C,FACTURA C 00002-00000034,,,1,2026,2026-02-27 07:35:22,,2026,1235
2026,545,2026-02-27 00:00:00,1,770,FACT,735,2026,2593,C,FACTURA C 00002-00000735,,,1,2026,2026-02-27 10:21:30,,2026,1448
2026,546,2026-02-27 00:00:00,1,749,FACT,734,2026,2593,C,FACTURA C 00002-00000734,,,1,2026,2026-02-27 10:23:06,,2026,1455
2026,549,2026-02-27 00:00:00,1,771,FACT,708,2026,3287,C,FACTURA B 0002-00000708,,,1,2026,2026-02-27 10:39:37,,2026,1449
2026,550,2026-02-27 00:00:00,1,779,FACT,709,2026,3287,C,   FACTURA B 0002-0000709,,,1,2026,2026-02-27 10:41:43,,2026,1485
2026,551,2026-02-27 00:00:00,1,744,FACT,736,2026,2593,C,FACTURA C 00002-000000736,,,1,2026,2026-02-27 10:43:57,,2026,1407
2026,558,2026-02-27 00:00:00,1,769,FACT,795,2026,3169,C,FACTURA C 00002-00000795,,,1,2026,2026-02-27 12:35:29,,2026,1447
2026,559,2026-02-27 00:00:00,1,745,FACT,794,2026,3169,C,FACTURA C 00002-00000794,,,1,2026,2026-02-27 12:36:59,,2026,1404
2026,567,2026-03-02 00:00:00,1,814,FACT,3011,2026,3075,C,FACTURA B 0006-00003011,,,1,2026,2026-03-02 09:22:34,,2026,1642
2026,568,2026-03-02 00:00:00,1,816,FACT,140,2026,612,C,FACTURA B 00004-00000140,,,1,2026,2026-03-02 09:24:30,,2026,1652
2026,639,2026-03-09 00:00:00,1,931,ORDCO,931,2026,1066,C,FACTURA B 008-00005439,,,1,2026,2026-03-09 12:59:35,,2026,1787
2026,381,2026-02-13 00:00:00,1,595,FACT,429,2026,2110,C,FACTURA C 00002-00000429,,,1,2026,2026-02-13 10:35:36,,2026,1097
2026,385,2026-02-13 00:00:00,1,605,FACT,1268,2026,171,C,FACTURA B 0005-00001268,,,1,2026,2026-02-13 12:50:15,,2026,1114
2026,570,2026-03-02 00:00:00,1,830,FACT,120,2026,3561,C,FACTURA B 0002-00000120,,,1,2026,2026-03-02 11:35:40,,2026,1666
2026,571,2026-03-02 00:00:00,1,824,FACT,27985,2026,285,C,FACTURA B 00100-00027985,,,1,2026,2026-03-02 11:37:35,,2026,1663
2026,572,2026-03-02 00:00:00,1,843,FACT,165,2026,3198,C,FACTURA B 00008-00000165,,,1,2026,2026-03-02 11:39:32,,2026,1661
2026,574,2026-03-02 00:00:00,1,675,FACT,9238,2026,688,C,FACTURA B 0005-00009238,,,1,2026,2026-03-02 12:30:20,,2026,1302
2026,575,2026-03-02 00:00:00,1,751,FACT,831,2026,2627,C,FACTURA B 00006-00000831,,,1,2026,2026-03-02 12:54:25,,2026,1457
2026,576,2026-03-03 00:00:00,1,808,FACT,438,2026,2110,C,FACTURA C 00002-00000438,,,1,2026,2026-03-03 07:35:35,,2026,1653
2026,578,2026-03-03 00:00:00,1,812,FACT,4345,2026,3322,C,FACTURA B 0006-00004345,,,1,2026,2026-03-03 08:04:50,,2026,1640
2026,582,2026-03-03 00:00:00,1,820,FACT,7884,2026,1573,C,FACTURA B 0002-00007884,,,1,2026,2026-03-03 10:08:11,,2026,1662
2026,587,2026-03-03 00:00:00,1,632,FACT,2403,2026,826,C,FACTURA C 00003-00002403,,,1,2026,2026-03-03 11:50:12,,2026,1208
2026,588,2026-03-03 00:00:00,1,835,FACT,214,2026,3220,C,FACTURA C 00002-00000214,,,1,2026,2026-03-03 12:09:29,,2026,1686
2026,590,2026-03-03 00:00:00,1,815,FACT,219,2026,1078,C,FACTURA C 00002-00000219,,,1,2026,2026-03-03 12:36:37,,2026,1649
2026,591,2026-03-03 00:00:00,1,421,FACT,110211,2026,2209,C,FACTURA B 0002-00110811,,,1,2026,2026-03-03 12:41:46,,2026,645
2026,592,2026-03-03 00:00:00,1,743,FACT,110813,2026,2209,C,FACTURA B 0002-00110813,,,1,2026,2026-03-03 12:47:58,,2026,1406
2026,593,2026-03-03 00:00:00,1,725,FACT,110812,2026,2209,C,FACTURA B 0002-00110812,,,1,2026,2026-03-03 12:49:57,,2026,1368
2026,594,2026-03-03 00:00:00,1,809,FACT,711,2026,3287,C,FACTURA B 0002-00000711,,,1,2026,2026-03-03 12:51:48,,2026,1643
2026,595,2026-03-04 00:00:00,1,818,FACT,696,2026,2306,C,FACTURA C 00004-00000696,,,1,2026,2026-03-04 07:16:23,,2026,1680
2026,596,2026-03-04 00:00:00,1,832,FACT,1016,2026,1267,C,FACTURA C 00002-0001016,,,1,2026,2026-03-04 07:17:47,,2026,1683
2026,597,2026-03-04 00:00:00,1,838,FACT,213,2026,3220,C,FACTURA C 00002-0000213,,,1,2026,2026-03-04 07:19:07,,2026,1689
2026,598,2026-03-04 00:00:00,1,785,FACT,602,2026,68,C,FACTURA C 00002-000000602,,,1,2026,2026-03-04 09:43:52,,2026,1481
2026,599,2026-03-04 00:00:00,1,837,FACT,6047,2026,441,C,FACTURA B 0003-00006047,,,1,2026,2026-03-04 11:04:34,,2026,1688
2026,600,2026-03-04 00:00:00,1,834,FACT,6046,2026,441,C,FACTURA B 0003-00006046,,,1,2026,2026-03-04 11:09:04,,2026,1685
2026,602,2026-03-04 00:00:00,1,750,FACT,6042,2026,441,C,FACTURA B 0003-00006042,,,1,2026,2026-03-04 11:11:25,,2026,1456
2026,603,2026-03-04 00:00:00,1,772,FACT,6043,2026,441,C,FACTURA B 0003-00006043,,,1,2026,2026-03-04 11:13:04,,2026,1450
2026,604,2026-03-04 00:00:00,1,741,FACT,6044,2026,441,C,FACTURA B 0003-00006044/45,,,1,2026,2026-03-04 11:15:52,,2026,1405
2026,605,2026-03-04 00:00:00,1,737,FACT,6038,2026,441,C,FACTURA B 0003-00006038,,,1,2026,2026-03-04 11:17:39,,2026,1375
2026,606,2026-03-04 00:00:00,1,660,FACT,6039,2026,441,C,FACTURA B 0003-20006039,,,1,2026,2026-03-04 11:19:38,,2026,1272
2026,607,2026-03-04 00:00:00,1,708,FACT,6040,2026,441,C,FACTURA B 0003-00006040,,,1,2026,2026-03-04 11:21:08,,2026,1284
2026,608,2026-03-04 00:00:00,1,658,FACT,6041,2026,441,C,FACTURA B 003-00006041,,,1,2026,2026-03-04 11:22:42,,2026,1271
2026,609,2026-03-04 00:00:00,1,661,FACT,1069,2026,2410,C,FACTURA C 00002-00001069,,,1,2026,2026-03-04 11:28:01,,2026,1273
2026,610,2026-03-04 00:00:00,1,653,FACT,592,2026,167,C,FACTURA C 00002-00000592,,,1,2026,2026-03-04 11:32:29,,2026,1217
2026,611,2026-03-04 00:00:00,1,844,FACT,2517,2026,71,C,FACTURTA B 00002-00002517,,,1,2026,2026-03-04 12:24:09,,2026,1693
2026,642,2026-03-10 00:00:00,1,873,FACT,14562,2026,1468,C,FACT B N ° 0011-00014562,,,1,2026,2026-03-10 09:06:29,,2026,1739
2026,643,2026-03-10 00:00:00,1,851,FACT,75179,2026,866,C,FACT B N ° 0011-00075179,,,1,2026,2026-03-10 09:08:35,,2026,1710
2026,613,2026-03-05 00:00:00,1,859,FACT,18350,2026,1259,C,FACTURA B 0009-00018350,,,1,2026,2026-03-05 08:39:09,,2026,1716
2026,276,2026-02-04 00:00:00,1,527,FACT,19395,2026,158,C,FACTURA B 0006-00019395/19646/19706/21516/21716,,,1,2026,2026-02-04 09:46:37,,2026,984
2026,340,2026-02-11 00:00:00,1,560,FACT,476,2026,1936,C,FACTURA C 00004-00000476,,,1,2026,2026-02-11 07:14:45,,2026,1018
2026,344,2026-02-11 00:00:00,1,533,FACT,824,2026,2627,C,FACTURA B 00006-000000824,,,1,2026,2026-02-11 07:51:04,,2026,983
2026,346,2026-02-11 00:00:00,1,535,FACT,825,2026,2627,C,FACTURA B 00006-00000825,,,1,2026,2026-02-11 07:52:33,,2026,979
2026,350,2026-02-11 00:00:00,1,315,FACT,673,2026,413,C,FACTURA B 00003-00000673,,,1,2026,2026-02-11 08:19:15,,2026,479
2026,351,2026-02-11 00:00:00,1,198,FACT,1804,2026,1514,C,FACTURA  B 0030-00001804,,,1,2026,2026-02-11 10:51:56,,2026,256
2026,352,2026-02-11 00:00:00,1,501,FACT,35,2026,3336,C,FACTURA C 00001-00000035,,,1,2026,2026-02-11 10:53:37,,2026,893
2026,353,2026-02-11 00:00:00,1,515,FACT,18332,2026,1259,C,FACTURA B 0009-0000018332,,,1,2026,2026-02-11 10:55:05,,2026,942
2026,354,2026-02-11 00:00:00,1,517,FACT,18331,2026,1259,C,FACTURA B 0009-00018331,,,1,2026,2026-02-11 10:56:38,,2026,944
2026,355,2026-02-11 00:00:00,1,540,FACT,682,2026,1879,C,FACTURA B 00003-000000682,,,1,2026,2026-02-11 10:58:11,,2026,970
2026,356,2026-02-11 00:00:00,1,436,FACT,116,2026,2259,C,FACTURA C 00002-00000116,,,1,2026,2026-02-11 11:03:11,,2026,666
2026,358,2026-02-11 00:00:00,1,591,FACT,723,2026,2593,C,FACTURA C 00002-00000723,,,1,2026,2026-02-11 12:07:24,,2026,1093
2026,359,2026-02-11 00:00:00,1,5226,FACT,1414,2025,2883,C,FACTURA B 0005-00001414,,,1,2025,2026-02-11 12:58:16,,2025,8947
2026,360,2026-02-11 00:00:00,1,5175,FACT,1401,2025,2883,C,FACTURA B 0005-00001401,,,1,2025,2026-02-11 13:00:42,,2025,8834
2026,361,2026-02-12 00:00:00,1,4904,FACT,1359,2025,2883,C,FACTURA B 0005-00001359,,,1,2025,2026-02-12 07:18:49,,2025,8314
2026,370,2026-02-12 00:00:00,1,451,FACT,1806,2026,163,C,FACTURA B 00003-00001806,,,1,2026,2026-02-12 09:35:09,,2026,933
2026,371,2026-02-12 00:00:00,1,580,FACT,2389,2026,826,C,FACTURA C 00003-00002389,,,1,2026,2026-02-12 10:02:56,,2026,1059
2026,377,2026-02-13 00:00:00,1,606,FACT,703,2026,3287,C,FACTURA B 0002-00000703,,,1,2026,2026-02-13 09:32:38,,2026,1115
2026,378,2026-02-13 00:00:00,1,584,FACT,895,2026,2450,C,FACTURA B 00005-00000895,,,1,2026,2026-02-13 09:35:22,,2026,1038
2026,379,2026-02-13 00:00:00,1,620,FACT,222,2026,685,C,FACTURA C 00002-00000222,,,1,2026,2026-02-13 10:03:31,,2026,1129
2026,380,2026-02-13 00:00:00,1,594,FACT,398,2026,2770,C,FACTURA B 00006-00000398,,,1,2026,2026-02-13 10:21:36,,2026,1096
2026,614,2026-03-05 00:00:00,1,740,FACT,1,2026,3557,C,FACTURA C 00001-0000001,,,1,2026,2026-03-05 09:50:45,,2026,1401
2026,616,2026-03-05 00:00:00,1,857,FACT,2518,2026,71,C,FACTURA B 00002-00002518,,,1,2026,2026-03-05 11:02:55,,2026,1714
2026,617,2026-03-05 00:00:00,1,724,FACT,18689,2026,527,C,FACTURA B 0005-00018689,,,1,2026,2026-03-05 11:04:37,,2026,1362
2026,618,2026-03-05 00:00:00,1,124,FACT,781,2026,2558,C,FACTURA B 0001-00000781,,,1,2026,2026-03-05 12:02:36,,2026,128
2026,621,2026-03-05 00:00:00,1,853,FACT,574,2026,57,C,FACTURA C 00002-00000574,,,1,2026,2026-03-05 12:09:59,,2026,1712
2026,624,2026-03-06 00:00:00,1,840,FACT,176,2026,360,C,FACTURA C 00002-00000176,,,1,2026,2026-03-06 08:45:17,,2026,1691
2026,625,2026-03-06 00:00:00,1,734,FACT,2140,2026,2790,C,FACTURA C 00002-00002140,,,1,2026,2026-03-06 09:28:11,,2026,1373
2026,628,2026-03-09 00:00:00,1,860,FACT,364,2026,2958,C,FACTURA B 0006-00000364,,,1,2026,2026-03-09 07:15:40,,2026,1717
2026,629,2026-03-09 00:00:00,1,810,FACT,334,2026,3529,A,FACTURA C 00001-00000334,2026-03-09 07:22:45,EC,1,2026,2026-03-09 07:17:21,,2026,1659
2026,630,2026-03-09 00:00:00,1,836,FACT,335,2026,3529,C,FACTURA C 00001-000000335,,,1,2026,2026-03-09 07:19:59,,2026,1687
2026,631,2026-03-09 00:00:00,1,888,FACT,334,2026,3529,C,FACTURA C 00001-00000334,,,1,2026,2026-03-09 07:47:17,,2026,1769
2026,632,2026-03-09 00:00:00,1,575,FACT,12985,2026,141,C,FACTURA B 327-00012985,,,1,2026,2026-03-09 08:04:48,,2026,1055
2026,633,2026-03-09 00:00:00,1,586,FACT,189,2026,2109,C,FACTURA C 00002-0000189,,,1,2026,2026-03-09 08:06:35,,2026,1045
2026,635,2026-03-09 00:00:00,1,872,FACT,622,2026,3337,C,FACTURA C 00001-00000622,,,1,2026,2026-03-09 09:41:11,,2026,1735
2026,636,2026-03-09 00:00:00,1,21,FACT,36,2026,3246,C,FACTURA B 00003-00000036,,,1,2026,2026-03-09 10:45:58,,2026,153
2026,637,2026-03-09 00:00:00,1,839,FACT,11560,2026,2330,C,FACTURA B 0010-00011560,,,1,2026,2026-03-09 11:42:52,,2026,1690
2026,638,2026-03-09 00:00:00,1,638,FACT,11562,2026,2330,C,FACTURA B 0010-00011562,,,1,2026,2026-03-09 11:45:02,,2026,1211
2026,421,2026-02-20 00:00:00,1,432,FACT,18340,2026,1259,C,fact b n ° 0009-00018340,,,1,2026,2026-02-20 10:58:33,,2026,655
2026,422,2026-02-20 00:00:00,1,656,FACT,18342,2026,1259,C,fact b n ° 0009-00018342,,,1,2026,2026-02-20 10:59:06,,2026,1269
2026,423,2026-02-20 00:00:00,1,657,FACT,18341,2026,1259,C,fact b n ° 00009-00018341,,,1,2026,2026-02-20 11:00:06,,2026,1270
2026,426,2026-02-20 00:00:00,1,717,FACT,4030,2026,300,C,fact b n ° 00007-00004030,,,1,2026,2026-02-20 11:18:05,,2026,1314
2026,427,2026-02-20 00:00:00,1,676,FACT,5930,2026,300,C,fact b n ° 00007-00004041,,,1,2026,2026-02-20 11:20:30,,2026,1261
2026,428,2026-02-20 00:00:00,1,681,FACT,4038,2026,300,C,fact b n ° 00007-00004038,,,1,2026,2026-02-20 11:23:37,,2026,1247
2026,429,2026-02-20 00:00:00,1,672,FACT,4040,2026,300,C,fact b n ° 00007-00004040,,,1,2026,2026-02-20 11:27:27,,2026,1260
2026,430,2026-02-20 00:00:00,1,691,FACT,5925,2026,300,C,fact b n °00007- 00004037,,,1,2026,2026-02-20 11:29:41,,2026,1288
2026,431,2026-02-20 00:00:00,1,693,FACT,4036,2026,300,C,fact b n ° 00007-00004036,,,1,2026,2026-02-20 11:31:24,,2026,1289
2026,432,2026-02-20 00:00:00,1,695,FACT,4035,2026,300,C,fact b n ° 00007-00004035,,,1,2026,2026-02-20 11:32:50,,2026,1290
2026,433,2026-02-20 00:00:00,1,637,FACT,637,2026,300,C,fact b n ° 00007-00004034,,,1,2026,2026-02-20 11:34:08,,2026,1222
2026,434,2026-02-20 00:00:00,1,634,FACT,4033,2026,300,C,fact b n ° 00007-00004033,,,1,2026,2026-02-20 11:35:55,,2026,1220
2026,435,2026-02-20 00:00:00,1,630,FACT,4032,2026,300,C,fact b n ° 00007-00004032,,,1,2026,2026-02-20 11:37:33,,2026,1207
2026,436,2026-02-20 00:00:00,1,579,FACT,4031,2026,300,C,fact b n ° 00007-00004031,,,1,2026,2026-02-20 11:38:46,,2026,1057
2026,437,2026-02-20 00:00:00,1,631,FACT,706,2026,3287,C,fact b n ° 0002-00000706,,,1,2026,2026-02-20 12:09:55,,2026,1219
2026,722,2026-03-13 00:00:00,1,986,FACT,88,2026,3332,C,fact c n ° 00001-00000088,,,1,2026,2026-03-13 08:37:34,,2026,1884
2026,725,2026-03-13 00:00:00,1,1001,FACT,2974,2026,3395,C,FACT B N ° 00003-00002974,,,1,2026,2026-03-13 09:37:27,,2026,1929
2026,664,2026-03-11 00:00:00,1,877,FACT,834,2026,2627,C,Factura B N° 00006-00000834,,,1,2026,2026-03-11 09:24:47,,2026,1750
2026,666,2026-03-11 00:00:00,1,952,FACT,836,2026,2627,C,Factura B N° 00006-00000836,,,1,2026,2026-03-11 09:28:14,,2026,1846
2026,668,2026-03-11 00:00:00,1,948,FACT,837,2026,2627,C,Factura B N° 00006-00000837,,,1,2026,2026-03-11 09:30:35,,2026,1845
2026,669,2026-03-11 00:00:00,1,879,FACT,835,2026,2627,C,Factura B N° 00006-00000835,,,1,2026,2026-03-11 09:32:38,,2026,1752
2026,670,2026-03-11 00:00:00,1,892,FACT,892,2026,2627,C,Factura B N° 00006-00000833,,,1,2026,2026-03-11 09:36:20,,2026,1781
2026,671,2026-03-11 00:00:00,1,903,FACT,832,2026,2627,C,Factura B N° 00006-00000832,,,1,2026,2026-03-11 09:38:26,,2026,1792
2026,728,2026-03-13 00:00:00,1,738,FACT,1858,2026,1514,C,fact b n ° 0030-00001858,,,1,2026,2026-03-13 12:37:19,,2026,1386
2026,277,2026-02-04 00:00:00,1,457,FACT,161,2026,216,C,Factura N°C 00004-000000161,,,1,2026,2026-02-04 10:05:26,,2026,928
2026,279,2026-02-04 00:00:00,1,417,FACT,6010,2026,441,C,Factura N° B0003-00006010,,,1,2026,2026-02-04 10:41:08,,2026,641
2026,281,2026-02-04 00:00:00,1,386,FACT,6012,2026,441,C,Factura N° B 0003-000006012,,,1,2026,2026-02-04 10:43:40,,2026,557
2026,282,2026-02-04 00:00:00,1,402,FACT,6014,2026,441,C,Factura N° B 0003-000006014,,,1,2026,2026-02-04 10:45:45,,2026,549
2026,283,2026-02-04 00:00:00,1,329,FACT,6016,2026,441,C,Factura N° B 0003-000006016,,,1,2026,2026-02-04 10:47:52,,2026,536
2026,285,2026-02-04 00:00:00,1,321,FACT,321,2026,441,C,Factura N° B0003-00006018,,,1,2026,2026-02-04 10:50:25,,2026,517
2026,290,2026-02-04 00:00:00,1,450,FACT,7876,2026,169,C,Factura N° B 000004-00007876,,,1,2026,2026-02-04 12:25:46,,2026,913
2026,291,2026-02-04 00:00:00,1,455,FACT,7878,2026,169,C,Factura N° B 000004-00007878,,,1,2026,2026-02-04 12:28:08,,2026,931
2026,292,2026-02-04 00:00:00,1,449,FACT,7877,2026,169,C,Factura N° B 000004-00007877,,,1,2026,2026-02-04 12:30:53,,2026,906
2026,293,2026-02-04 00:00:00,1,534,FACT,9060,2026,688,C,Factura N° B 0005-00009060,,,1,2026,2026-02-04 12:32:41,,2026,980
2026,294,2026-02-04 00:00:00,1,544,FACT,9059,2026,688,C,Factura N° B 0005-00009059,,,1,2026,2026-02-04 12:34:18,,2026,988
2026,295,2026-02-04 00:00:00,1,463,FACT,218,2026,1078,C,Factura N° C 00002-000000218,,,1,2026,2026-02-04 12:55:41,,2026,912
2026,296,2026-02-04 00:00:00,1,280,FACT,217,2026,1078,C,Factura N° C 00002-00000217,,,1,2026,2026-02-04 12:57:37,,2026,383
2026,297,2026-02-04 00:00:00,1,538,FACT,216,2026,1078,C,Factura N° C 00002-00000216,,,1,2026,2026-02-04 12:59:08,,2026,968
2026,462,2026-02-23 00:00:00,1,639,ORDCO,639,2026,2674,C,factura  C000002-00000397,,,1,2026,2026-02-23 08:12:37,,2026,1213
2026,471,2026-02-23 00:00:00,1,733,FACT,1019,2026,2595,C,FACTURA B 00001-00001019,,,1,2026,2026-02-23 10:39:31,,2026,1366
2026,472,2026-02-23 00:00:00,1,729,FACT,434,2026,2110,C,FACTURA C 00002-00000434/433,,,1,2026,2026-02-23 10:41:04,,2026,1371
2026,473,2026-02-23 00:00:00,1,663,FACT,212,2026,3220,C,FACTURA C 00002-00000212,,,1,2026,2026-02-23 10:42:28,,2026,1275
2026,474,2026-02-23 00:00:00,1,736,FACT,369,2026,1810,C,FACTURA C 00003-00000369,,,1,2026,2026-02-23 10:44:13,,2026,1374
2026,475,2026-02-23 00:00:00,1,569,FACT,2060,2026,3184,C,FACTURA B 0005-00002060,,,1,2026,2026-02-23 10:46:09,,2026,1009
2026,476,2026-02-23 00:00:00,1,701,FACT,830,2026,2627,C,FACTURA B 00006-00000830,,,1,2026,2026-02-23 10:53:21,,2026,1306
2026,477,2026-02-23 00:00:00,1,697,FACT,829,2026,2627,C,FACTURA B 00006-00000829,,,1,2026,2026-02-23 10:54:38,,2026,1304
2026,478,2026-02-23 00:00:00,1,713,FACT,828,2026,2627,C,FACTURA B 00006-00000828,,,1,2026,2026-02-23 11:00:27,,2026,1296
2026,479,2026-02-23 00:00:00,1,687,FACT,827,2026,2627,C,FACTURA B 00006-00000827,,,1,2026,2026-02-23 11:02:01,,2026,1263
2026,480,2026-02-23 00:00:00,1,686,FACT,1813,2026,163,C,FACTURA B 00003-00001813,,,1,2026,2026-02-23 11:03:35,,2026,1251
2026,482,2026-02-23 00:00:00,1,659,FACT,677,2026,413,C,FACTURA B 00003-00000677,,,1,2026,2026-02-23 12:23:03,,2026,1353
2026,485,2026-02-24 00:00:00,1,648,FACT,114,2026,3297,C,FACTURA B 00001-00000114,,,1,2026,2026-02-24 07:20:03,,2026,1234
2026,486,2026-02-24 00:00:00,1,710,FACT,44,2026,2701,C,FACTURA B 00003-0000044,,,1,2026,2026-02-24 07:21:36,,2026,1285
2026,487,2026-02-24 00:00:00,1,678,FACT,11552,2026,2330,C,FACTURA B 0010-00011552,,,1,2026,2026-02-24 07:40:50,,2026,1303
2026,488,2026-02-24 00:00:00,1,690,FACT,11555,2026,2330,C,FACTURA B 0010-00011555,,,1,2026,2026-02-24 07:42:22,,2026,1264
2026,552,2026-02-27 00:00:00,1,765,FACT,799,2026,3330,C,Factura B N° 00001-00000799,,,1,2026,2026-02-27 11:46:32,,2026,1464
2026,553,2026-02-27 00:00:00,1,748,FACT,308,2026,572,C,Factura C N° 00003-00000308,,,1,2026,2026-02-27 11:48:35,,2026,1409
2026,554,2026-02-27 00:00:00,1,755,FACT,3377,2026,186,C,Factura C N° 00004-00003377,,,1,2026,2026-02-27 11:53:15,,2026,1467
2026,555,2026-02-27 00:00:00,1,758,FACT,3374,2026,186,C,Factura C N° 00004-00003374,,,1,2026,2026-02-27 11:55:11,,2026,1459
2026,556,2026-02-27 00:00:00,1,753,FACT,3375,2026,186,C,Fcatura C N° 00004-00003375,,,1,2026,2026-02-27 11:57:25,,2026,1458
2026,557,2026-02-27 00:00:00,1,746,FACT,3378,2026,186,C,Fcatura C N° 00004-00003378,,,1,2026,2026-02-27 11:59:40,,2026,1410
2026,324,2026-02-09 00:00:00,1,490,FACT,1818,2026,1514,C,FACTURA B 0030-00001818,,,1,2026,2026-02-09 09:26:06,,2026,797
2026,325,2026-02-09 00:00:00,1,154,FACT,113,2026,3297,C,FACTURA B 00001-00000113,,,1,2026,2026-02-09 09:39:04,,2026,184
2026,327,2026-02-09 00:00:00,1,429,FACT,104,2026,2878,C,FACTURA C 00001-00000104,,,1,2026,2026-02-09 09:56:37,,2026,632
2026,330,2026-02-09 00:00:00,1,439,FACT,11549,2026,2330,C,FACTURA B 0010-00011549,,,1,2026,2026-02-09 12:46:08,,2026,934
2026,331,2026-02-09 00:00:00,1,454,FACT,11548,2026,2330,C,FACTURA B 0010-00011548,,,1,2026,2026-02-09 12:48:23,,2026,930
2026,335,2026-02-10 00:00:00,1,380,FACT,367,2026,1810,C,FACTURA C 00003-00000367,,,1,2026,2026-02-10 07:51:17,,2026,607
2026,336,2026-02-10 00:00:00,1,567,FACT,681,2026,1879,C,FACTURA B 00003-00000681,,,1,2026,2026-02-10 08:24:16,,2026,1016
2026,337,2026-02-10 00:00:00,1,559,FACT,923,2026,776,C,FACTURA C 00003-00000923,,,1,2026,2026-02-10 09:50:37,,2026,1005
2026,338,2026-02-10 00:00:00,1,585,FACT,12475,2026,879,C,FACTURA B 00003-00012475,,,1,2026,2026-02-10 10:55:07,,2026,1062
2026,339,2026-02-10 00:00:00,1,130,FACT,84,2026,2578,A,FACTURA C 00002-00000084,2026-02-11 11:31:25,EOC,1,2026,2026-02-10 11:55:07,,2026,137
2026,413,2026-02-20 00:00:00,1,646,FACT,684,2026,1879,C,FACTURA B 00003-00000684,,,1,2026,2026-02-20 09:27:47,,2026,1233
2026,414,2026-02-20 00:00:00,1,385,FACT,679,2026,1879,C,FACTURA B 00003-00000679,,,1,2026,2026-02-20 09:29:30,,2026,556
2026,416,2026-02-20 00:00:00,1,673,FACT,6,2026,3011,C,FACTURA B 00006-0000006,,,1,2026,2026-02-20 09:49:53,,2026,1309
2026,417,2026-02-20 00:00:00,1,500,FACT,2942,2026,3395,C,FACTURA B 00003-00002942,,,1,2026,2026-02-20 09:51:52,,2026,895
2026,418,2026-02-20 00:00:00,1,716,FACT,18344,2026,1259,C,FACTURA B 0009-00018344,,,1,2026,2026-02-20 10:35:20,,2026,1313
2026,419,2026-02-20 00:00:00,1,702,FACT,18343,2026,1259,C,FACTURA B 0009-00018343,,,1,2026,2026-02-20 10:36:42,,2026,1307
2026,420,2026-02-20 00:00:00,1,601,FACT,513,2026,2365,C,FACTURA C 00002-00000513,,,1,2026,2026-02-20 10:55:30,,2026,1102
2026,424,2026-02-20 00:00:00,1,674,FACT,187,2026,2069,C,FACTURA C 00002-000000187,,,1,2026,2026-02-20 11:09:49,,2026,1310
2026,425,2026-02-20 00:00:00,1,735,FACT,676,2026,413,C,FACTURA B 00003-00000676,,,1,2026,2026-02-20 11:11:30,,2026,1367
2026,438,2026-02-20 00:00:00,1,95,FACT,165,2026,3529,C,FACTURA C 00001-00000333,,,1,2026,2026-02-20 12:11:31,,2026,185
2026,439,2026-02-20 00:00:00,1,730,FACT,368,2026,1810,C,FACTURA C 00003-00000368,,,1,2026,2026-02-20 12:44:36,,2026,1365
2026,440,2026-02-20 00:00:00,1,647,FACT,896,2026,2450,C,FACTURA B 00005-00000896,,,1,2026,2026-02-20 12:47:24,,2026,1236
2026,441,2026-02-20 00:00:00,1,714,FACT,1570,2026,2883,C,FACTURA B 0005-00001570,,,1,2026,2026-02-20 12:48:47,,2026,1297
2026,442,2026-02-20 00:00:00,1,706,FACT,9403,2026,2770,C,FACTURA B 00006-0009403,,,1,2026,2026-02-20 12:50:24,,2026,1279
2026,443,2026-02-23 00:00:00,1,669,FACT,432,2026,2110,C,FACTURA C 00002-00000432,,,1,2026,2026-02-23 07:24:05,,2026,1301
2026,444,2026-02-23 00:00:00,1,683,FACT,730,2026,2593,C,FACTURA C 00002-00000730,,,1,2026,2026-02-23 07:25:41,,2026,1316
2026,445,2026-02-23 00:00:00,1,709,FACT,897,2026,2450,C,FACTURA B 00005-00000897,,,1,2026,2026-02-23 07:27:34,,2026,1286
2026,446,2026-02-23 00:00:00,1,643,FACT,591,2026,167,C,FACTURA C 00002-00000591,,,1,2026,2026-02-23 07:29:22,,2026,1230
2026,448,2026-02-23 00:00:00,1,668,FACT,430,2026,2110,C,FACTURA C 00002-00000430,,,1,2026,2026-02-23 07:30:45,,2026,1300
2026,449,2026-02-23 00:00:00,1,700,FACT,431,2026,2110,C,FACTURA C 00002-00000431,,,1,2026,2026-02-23 07:32:12,,2026,1305
2026,451,2026-02-23 00:00:00,1,671,FACT,12566,2026,879,C,FACTURA B 00003-00012566,,,1,2026,2026-02-23 07:33:38,,2026,1259
2026,453,2026-02-23 00:00:00,1,670,FACT,12565,2026,879,C,FACTURA B 00003-00012565,,,1,2026,2026-02-23 07:35:17,,2026,1258
2026,454,2026-02-23 00:00:00,1,677,FACT,12564,2026,879,C,FACTURA B 00003-00012564,,,1,2026,2026-02-23 07:36:53,,2026,1311
2026,456,2026-02-23 00:00:00,1,704,FACT,12563,2026,879,C,FACTURA B 00003-00012563,,,1,2026,2026-02-23 07:38:29,,2026,1308
2026,457,2026-02-23 00:00:00,1,649,FACT,12562,2026,879,C,FACTURA B 00003-00012562,,,1,2026,2026-02-23 07:39:56,,2026,1237
2026,458,2026-02-23 00:00:00,1,641,FACT,12561,2026,879,C,FACTURA B 00003-00012561,,,1,2026,2026-02-23 07:41:54,,2026,1227
2026,460,2026-02-23 00:00:00,1,642,FACT,12560,2026,879,C,FACTURA B 00003-00012560,,,1,2026,2026-02-23 07:43:59,,2026,1228
2026,461,2026-02-23 00:00:00,1,651,FACT,12559,2026,879,C,FACTURA B 00003-00012559,,,1,2026,2026-02-23 07:45:42,,2026,1223
2026,349,2026-02-11 00:00:00,1,405,FACT,2024,2026,1943,C,fact b n ° 0005-00002024,,,1,2026,2026-02-11 08:17:44,,2026,552
2026,275,2026-02-04 00:00:00,1,466,FACT,823,2026,2627,C,FACTURA B 00006-00000823,,,1,2026,2026-02-04 08:00:04,,2026,899
2026,299,2026-02-05 00:00:00,1,518,FACT,6,2026,2700,C,fact b n ° 0003-00000006,,,1,2026,2026-02-05 07:31:57,,2026,951
2026,304,2026-02-05 00:00:00,1,442,FACT,544,2026,2869,C,FACT B N ° 0010-00000544,,,1,2026,2026-02-05 11:47:33,,2026,791
