EJERCICIO,DELEG_SOLIC,NRO_SOLIC,NRO_PED,LUG_EMI,JURISDICCION,CODIGO_UE,CODIGO_DEP,FECH_SOLIC,TIPO_REGIS,NRO_ORIG,CODIGO_FF,IMPORTE_TOT,FECH_ENTREGA,FECH_NECESIDAD,FECH_EST_OC,TIPO_DOC,NRO_DOC,ANIO_DOC,COD_LUG_ENT,ESTADO_SOLIC,CONFIRMADO,FECH_CONFIRM,FECH_ANUL,MOTIVO_ANUL,OBSERVACIONES,CANT_IMP,SG_DIFERIDO
2026,1,884,852,GMADA,1110109000,13,DEP,2026-02-27 00:00:00,S,0,110,140000.0,,,,,0,0,,C,S,2026-02-27 07:54:22,,,,2,N
2026,1,1076,1026,GMADA,1110113000,20,SECSEG,2026-03-12 00:00:00,S,0,110,809600.0,,,,,0,0,,C,S,2026-03-12 10:56:06,,,,1,N
2026,1,1077,1025,GMADA,1110113000,20,SECSEG,2026-03-12 00:00:00,S,0,110,242000.0,,,,,0,0,,C,S,2026-03-12 10:57:19,,,,1,N
2026,1,1078,936,GMADA,1110105000,6,CULTUR,2026-03-13 00:00:00,A,968,132,-2723.33,,,,,0,0,,N,S,2026-03-13 08:32:45,,,,0,N
2026,1,652,626,GMADA,1110105000,6,CULTUR,2026-02-11 00:00:00,S,0,110,1050000.0,,,,,0,0,,C,S,2026-02-11 09:21:35,,,,2,N
2026,1,653,628,GMADA,1110105000,6,CULTUR,2026-02-11 00:00:00,S,0,110,1700000.0,,,,,0,0,,C,S,2026-02-11 09:22:28,,,,2,N
2026,1,1045,993,GMADA,1110118000,25,000SU,2026-03-10 00:00:00,S,0,110,787121.82,,,,,0,0,,C,S,2026-03-10 12:13:46,,,,1,N
2026,1,1046,996,GMADA,1110118000,25,000SU,2026-03-10 00:00:00,S,0,110,51620.0,,,,,0,0,,C,S,2026-03-10 12:16:19,,,,1,N
2026,1,1047,997,GMADA,1110118000,25,000SU,2026-03-10 00:00:00,S,0,110,69420.0,,,,,0,0,,C,S,2026-03-10 12:17:24,,,,1,N
2026,1,1048,978,GMADA,1110118000,25,000SU,2026-03-10 00:00:00,S,0,110,267470.0,,,,,0,0,,C,S,2026-03-10 12:18:39,,,,1,N
2026,1,1049,995,GMADA,1110109000,13,DEP,2026-03-10 00:00:00,S,0,110,16150.0,,,,,0,0,,C,S,2026-03-10 12:20:15,,,,1,N
2026,1,1050,836,GMADA,1110104000,5,COC,2026-03-10 00:00:00,S,0,131,511306.5,,,,,0,0,,C,S,2026-03-10 12:21:33,,,,1,N
2026,1,1051,979,GMADA,1110108000,14,PROD,2026-03-10 00:00:00,S,0,110,345802.8,,,,,0,0,,C,S,2026-03-10 12:24:05,,,,1,N
2026,1,1052,981,GMADA,1110118000,25,000SU,2026-03-10 00:00:00,S,0,110,234650.0,,,,,0,0,,C,S,2026-03-10 12:27:53,,,,1,N
2026,1,1053,988,GMADA,1110118000,25,000SU,2026-03-10 00:00:00,S,0,110,780000.0,,,,,0,0,,C,S,2026-03-10 12:30:32,,,,1,N
2026,1,1054,992,GMADA,1110118000,25,000SU,2026-03-10 00:00:00,S,0,110,430000.0,,,,,0,0,,C,S,2026-03-10 12:32:07,,,,1,N
2026,1,1111,1058,GMADA,1110113000,20,SECSEG,2026-03-16 00:00:00,S,0,110,203000.0,,,,,0,0,,C,S,2026-03-16 10:11:56,,,,1,N
2026,1,1112,1036,GMADA,1110109000,13,DEP,2026-03-16 00:00:00,S,0,132,12600.0,,,,,0,0,,C,S,2026-03-16 10:13:12,,,,1,N
2026,1,1113,1056,GMADA,1110111000,3,CAS,2026-03-16 00:00:00,S,0,131,133090.0,,,,,0,0,,C,S,2026-03-16 10:13:58,,,,1,N
2026,1,1114,1055,GMADA,1110111000,3,CAS,2026-03-16 00:00:00,S,0,131,263000.0,,,,,0,0,,C,S,2026-03-16 10:14:15,,,,1,N
2026,1,1115,965,GMADA,1110104000,5,HOGANC,2026-03-16 00:00:00,S,0,131,18800.0,,,,,0,0,,C,S,2026-03-16 10:15:42,,,,1,N
2026,1,1116,1069,GMADA,1110113000,20,SECSEG,2026-03-16 00:00:00,S,0,110,79500.0,,,,,0,0,,C,S,2026-03-16 11:20:43,,,,2,N
2026,1,1117,931,GMADA,1110104000,5,HOSP,2026-03-16 00:00:00,A,972,131,-255966.43,,,,,0,0,,N,S,2026-03-16 12:28:46,,,,0,N
2026,1,1118,931,GMADA,1110104000,5,HOSP,2026-03-16 00:00:00,S,0,131,255966.48,,,,,0,0,,C,S,2026-03-16 12:51:01,,,,2,N
2026,1,625,598,GMADA,1110112000,19,INGPU,2026-02-09 00:00:00,S,0,110,40000.0,,,,,0,0,,C,S,2026-02-09 08:30:57,,,,1,N
2026,1,756,708,GMADA,1110118000,25,000SU,2026-02-18 00:00:00,S,0,110,3005640.0,,,,,0,0,,C,S,2026-02-18 09:05:10,,,,2,N
2026,1,757,712,GMADA,1110200000,8,PRESID,2026-02-18 00:00:00,A,712,110,-55000.0,,,,,0,0,,N,S,2026-02-18 09:51:53,,,,1,N
2026,1,758,712,GMADA,1110200000,8,PRESID,2026-02-18 00:00:00,S,0,110,130000.0,,,,,0,0,,C,S,2026-02-18 09:55:45,,,,1,N
2026,1,760,742,GMADA,1110104000,5,HOSP,2026-02-18 00:00:00,S,0,131,24000000.0,,,,,0,0,,C,S,2026-02-18 12:36:58,,,,2,N
2026,1,844,838,GMADA,1110118000,25,000SU,2026-02-26 00:00:00,S,0,110,424136.94,,,,,0,0,,C,S,2026-02-26 08:04:31,,,,2,N
2026,1,852,815,GMADA,1110104000,5,COC,2026-02-26 00:00:00,A,838,131,-411147.0,,,,,0,0,,N,S,2026-02-26 09:01:50,,,,0,N
2026,1,853,842,GMADA,1110109000,13,DEP,2026-02-26 00:00:00,S,0,110,120000.0,,,,,0,0,,C,S,2026-02-26 09:05:44,,,,1,N
2026,1,854,840,GMADA,1110109000,13,DEP,2026-02-26 00:00:00,S,0,110,850000.0,,,,,0,0,,C,S,2026-02-26 09:06:04,,,,2,N
2026,1,855,815,GMADA,1110104000,5,COC,2026-02-26 00:00:00,S,0,131,412137.0,,,,,0,0,,C,S,2026-02-26 09:07:57,,,,2,N
2026,1,857,816,GMADA,1110104000,5,HOSP,2026-02-26 00:00:00,S,0,131,2460000.0,,,,,0,0,,A,S,2026-02-26 09:33:42,2026-03-02 12:40:30,ERROR,,1,N
2026,1,870,643,GMADA,1110105000,6,CULTUR,2026-02-26 00:00:00,A,674,110,-1800000.0,,,,,0,0,,N,S,2026-02-26 10:36:08,,,,0,N
2026,1,871,844,GMADA,1110109000,13,DEP,2026-02-26 00:00:00,S,0,110,192140.0,,,,,0,0,,C,S,2026-02-26 10:40:27,,,,1,N
2026,1,872,643,GMADA,1110105000,6,CULTUR,2026-02-26 00:00:00,S,0,110,1800000.0,,,,,0,0,,C,S,2026-02-26 10:50:31,,,,2,N
2026,1,883,849,GMADA,1110109000,13,DEP,2026-02-26 00:00:00,S,0,110,500000.0,,,,,0,0,,C,S,2026-02-26 12:24:07,,,,1,N
2026,1,917,909,GMADA,1110115000,22,DIRINF,2026-03-04 00:00:00,S,0,110,119796.0,,,,,0,0,,C,S,2026-03-04 08:16:12,,,,3,N
2026,1,919,913,GMADA,1110102000,2,GOBHAC,2026-03-04 00:00:00,S,0,110,8070000.0,,,,,0,0,,C,S,2026-03-04 09:44:28,,,,2,N
2026,1,920,885,GMADA,1110109000,13,DEP,2026-03-04 00:00:00,S,0,110,2000000.0,,,,,0,0,,C,S,2026-03-04 12:09:45,,,,1,N
2026,1,921,905,GMADA,1110117000,24,000A,2026-03-04 00:00:00,S,0,110,7600.0,,,,,0,0,,C,S,2026-03-04 12:13:36,,,,1,N
2026,1,922,920,GMADA,1110102000,2,GOBHAC,2026-03-04 00:00:00,S,0,110,8070000.0,,,,,0,0,,C,S,2026-03-04 12:31:44,,,,2,N
2026,1,1073,989,GMADA,1110109000,13,DEP,2026-03-12 00:00:00,A,1019,210,-128380.0,,,,,0,0,,N,S,2026-03-12 10:18:12,,,,0,N
2026,1,1074,989,GMADA,1110109000,13,DEP,2026-03-12 00:00:00,S,0,132,128380.0,,,,,0,0,,C,S,2026-03-12 10:18:35,,,,1,N
2026,1,1075,1039,GMADA,1110118000,25,00003,2026-03-12 00:00:00,S,0,132,38100000.0,,,,,0,0,,C,S,2026-03-12 10:49:27,,,,1,N
2026,1,673,609,GMADA,1110118000,25,000SU,2026-02-13 00:00:00,S,0,110,1068795.02,,,,,0,0,,C,S,2026-02-13 08:12:43,,,,3,N
2026,1,674,643,GMADA,1110105000,6,CULTUR,2026-02-13 00:00:00,S,0,110,1800000.0,,,,,0,0,,A,S,2026-02-13 09:58:56,2026-02-26 10:36:08,ERROR,,3,N
2026,1,696,719,GMADA,1110109000,13,DEP,2026-02-13 00:00:00,S,0,110,504900.0,,,,,0,0,,C,S,2026-02-13 11:15:43,,,,1,N
2026,1,708,704,GMADA,1110105000,6,CULTUR,2026-02-13 00:00:00,S,0,110,140000.0,,,,,0,0,,C,S,2026-02-13 12:09:05,,,,1,N
2026,1,710,699,GMADA,1110118000,25,000SU,2026-02-13 00:00:00,S,0,110,98000.0,,,,,0,0,,C,S,2026-02-13 12:09:48,,,,1,N
2026,1,712,712,GMADA,1110200000,8,PRESID,2026-02-13 00:00:00,S,0,110,55000.0,,,,,0,0,,A,S,2026-02-13 12:10:17,2026-02-18 09:51:53,ERROR,,1,N
2026,1,713,714,GMADA,1110112000,19,SEHA,2026-02-13 00:00:00,S,0,110,130000.0,,,,,0,0,,C,S,2026-02-13 12:11:06,,,,1,N
2026,1,715,715,GMADA,1110102000,2,GOBHAC,2026-02-13 00:00:00,S,0,110,295000.0,,,,,0,0,,C,S,2026-02-13 12:11:55,,,,1,N
2026,1,719,625,GMADA,1110106000,7,JARD,2026-02-13 00:00:00,S,0,132,850000.0,,,,,0,0,,C,S,2026-02-13 12:16:59,,,,1,N
2026,1,721,622,GMADA,1110106000,7,ACCSOC,2026-02-13 00:00:00,S,0,132,72320.0,,,,,0,0,,C,S,2026-02-13 12:19:12,,,,1,N
2026,1,722,640,GMADA,1110111000,3,CAS,2026-02-13 00:00:00,S,0,131,1041500.0,,,,,0,0,,A,S,2026-02-13 12:20:34,2026-02-20 10:29:21,ERROR,,1,N
2026,1,724,624,GMADA,1110105000,6,BA,2026-02-13 00:00:00,S,0,110,14000.0,,,,,0,0,,C,S,2026-02-13 12:21:24,,,,1,N
2026,1,725,619,GMADA,1110118000,25,000SU,2026-02-13 00:00:00,S,0,110,53370.0,,,,,0,0,,C,S,2026-02-13 12:22:08,,,,1,N
2026,1,726,618,GMADA,1110118000,25,000SU,2026-02-13 00:00:00,S,0,110,950000.0,,,,,0,0,,C,S,2026-02-13 12:22:49,,,,1,N
2026,1,729,607,GMADA,1110118000,25,DECI,2026-02-13 00:00:00,S,0,110,199954.0,,,,,0,0,,C,S,2026-02-13 12:24:33,,,,1,N
2026,1,759,691,GMADA,1110113000,20,SECSEG,2026-02-18 00:00:00,S,0,110,306000.0,,,,,0,0,,C,S,2026-02-18 10:04:28,,,,1,N
2026,1,761,717,GMADA,1110111000,3,CAS,2026-02-18 00:00:00,S,0,131,133294.0,,,,,0,0,,C,S,2026-02-18 12:49:18,,,,1,N
2026,1,762,716,GMADA,1110102000,2,GOB,2026-02-18 00:00:00,S,0,110,59000.0,,,,,0,0,,C,S,2026-02-18 12:50:28,,,,1,N
2026,1,763,713,GMADA,1110118000,25,000SU,2026-02-18 00:00:00,S,0,110,110000.0,,,,,0,0,,C,S,2026-02-18 13:00:00,,,,1,N
2026,1,764,732,GMADA,1110118000,25,000SU,2026-02-18 00:00:00,S,0,110,250000.0,,,,,0,0,,C,S,2026-02-18 13:02:23,,,,2,N
2026,1,765,736,GMADA,1110118000,25,DECI,2026-02-18 00:00:00,S,0,110,160000.0,,,,,0,0,,C,S,2026-02-18 13:04:10,,,,1,N
2026,1,766,733,GMADA,1110112000,19,SEHA,2026-02-18 00:00:00,S,0,110,100000.0,,,,,0,0,,C,S,2026-02-18 13:04:57,,,,1,N
2026,1,767,648,GMADA,1110104000,5,COC,2026-02-18 00:00:00,S,0,131,97509.9,,,,,0,0,,C,S,2026-02-18 13:08:17,,,,1,N
2026,1,768,705,GMADA,1110104000,5,QUI,2026-02-18 00:00:00,S,0,131,37000.0,,,,,0,0,,C,S,2026-02-18 13:10:10,,,,1,N
2026,1,769,707,GMADA,1110104000,5,QUI,2026-02-18 00:00:00,S,0,131,82628.0,,,,,0,0,,C,S,2026-02-18 13:11:07,,,,1,N
2026,1,770,706,GMADA,1110104000,5,HOSP,2026-02-18 00:00:00,S,0,131,8000.0,,,,,0,0,,A,S,2026-02-18 13:15:59,2026-02-20 12:21:44,ERROR,,1,N
2026,1,771,724,GMADA,1110104000,5,LAB,2026-02-18 00:00:00,S,0,131,484803.98,,,,,0,0,,C,S,2026-02-18 13:17:06,,,,1,N
2026,1,772,721,GMADA,1110104000,5,PO,2026-02-18 00:00:00,S,0,131,200000.0,,,,,0,0,,C,S,2026-02-18 13:18:51,,,,1,N
2026,1,773,718,GMADA,1110104000,5,FARM,2026-02-18 00:00:00,S,0,131,2132124.7,,,,,0,0,,A,S,2026-02-18 13:19:33,2026-02-20 12:21:25,ERROR,,1,N
2026,1,774,398,GMADA,1110113000,20,SECSEG,2026-02-18 00:00:00,S,0,110,43800.0,,,,,0,0,,C,S,2026-02-18 13:20:44,,,,2,N
2026,1,775,666,GMADA,1110104000,5,HOSP,2026-02-18 00:00:00,S,0,131,170000.0,,,,,0,0,,C,S,2026-02-18 13:21:41,,,,1,N
2026,1,817,781,GMADA,1110106000,7,ENV,2026-02-24 00:00:00,S,0,132,17990.0,,,,,0,0,,C,S,2026-02-24 12:19:34,,,,1,N
2026,1,818,743,GMADA,1110106000,7,ACCSOC,2026-02-24 00:00:00,S,0,132,990000.0,,,,,0,0,,C,S,2026-02-24 12:22:03,,,,2,N
2026,1,823,811,GMADA,1110109000,13,DEP,2026-02-24 00:00:00,S,0,110,10500000.0,,,,,0,0,,C,S,2026-02-24 12:29:33,,,,1,N
2026,1,825,813,GMADA,1110109000,13,DEP,2026-02-24 00:00:00,S,0,110,3501000.0,,,,,0,0,,C,S,2026-02-24 12:42:51,,,,2,N
2026,1,826,791,GMADA,1110104000,5,COC,2026-02-24 00:00:00,S,0,131,1310844.0,,,,,0,0,,C,S,2026-02-24 13:14:21,,,,1,N
2026,1,827,792,GMADA,1110104000,5,COC,2026-02-24 00:00:00,S,0,131,1035799.0,,,,,0,0,,C,S,2026-02-24 13:17:50,,,,1,N
2026,1,828,790,GMADA,1110104000,5,HOGANC,2026-02-24 00:00:00,S,0,131,1780668.0,,,,,0,0,,C,S,2026-02-24 13:19:24,,,,1,N
2026,1,607,513,GMADA,1110104000,5,HOGANC,2026-02-04 00:00:00,A,544,131,-30000.0,,,,,0,0,,N,S,2026-02-04 10:15:09,,,,0,N
2026,1,609,527,GMADA,1110104000,5,INTER,2026-02-04 00:00:00,S,0,131,368508.33,,,,,0,0,,C,S,2026-02-04 12:42:15,,,,1,N
2026,1,618,577,GMADA,1110105000,6,CULTUR,2026-02-06 00:00:00,S,0,110,53526.0,,,,,0,0,,C,S,2026-02-06 11:02:33,,,,1,N
2026,1,1042,908,GMADA,1110105000,6,CULTUR,2026-03-10 00:00:00,A,925,110,-250000.0,,,,,0,0,,N,S,2026-03-10 11:04:12,,,,0,N
2026,1,1043,908,GMADA,1110105000,6,CULTUR,2026-03-10 00:00:00,S,0,110,250000.0,,,,,0,0,,C,S,2026-03-10 11:11:45,,,,2,N
2026,1,605,563,GMADA,1110118000,25,000SU,2026-02-04 00:00:00,S,0,132,9756000.0,,,,,0,0,,C,S,2026-02-04 07:58:33,,,,1,N
2026,1,606,564,GMADA,1110118000,25,BARU,2026-02-04 00:00:00,S,0,132,2926800.0,,,,,0,0,,C,S,2026-02-04 07:59:10,,,,2,N
2026,1,617,580,GMADA,1110109000,13,DEP,2026-02-06 00:00:00,S,0,110,500000.0,,,,,0,0,,C,S,2026-02-06 08:58:16,,,,1,N
2026,1,627,611,GMADA,1110112000,19,TESOR,2026-02-09 00:00:00,S,0,110,3600000.0,,,,,0,0,,C,S,2026-02-09 11:51:22,,,,1,N
2026,1,628,613,GMADA,1110103000,3,MA,2026-02-09 00:00:00,S,0,110,140000.0,,,,,0,0,,C,S,2026-02-09 12:12:30,,,,1,N
2026,1,629,612,GMADA,1110104000,5,HOSP,2026-02-09 00:00:00,S,0,110,285000.0,,,,,0,0,,C,S,2026-02-09 12:13:12,,,,1,N
2026,1,1014,970,GMADA,1110104000,5,HOSP,2026-03-10 00:00:00,S,0,131,654621.78,,,,,0,0,,C,S,2026-03-10 08:10:48,,,,1,N
2026,1,1015,980,GMADA,1110104000,5,HOGANC,2026-03-10 00:00:00,S,0,131,776750.0,,,,,0,0,,C,S,2026-03-10 08:13:04,,,,1,N
2026,1,1016,975,GMADA,1110109000,13,DEP,2026-03-10 00:00:00,S,0,132,271146.0,,,,,0,0,,C,S,2026-03-10 08:14:16,,,,1,N
2026,1,1017,977,GMADA,1110109000,13,DEP,2026-03-10 00:00:00,S,0,110,136971.0,,,,,0,0,,C,S,2026-03-10 08:18:33,,,,1,N
2026,1,1018,976,GMADA,1110109000,13,DEP,2026-03-10 00:00:00,S,0,110,140000.0,,,,,0,0,,A,S,2026-03-10 08:19:44,2026-03-10 12:08:40,ERROR,,1,N
2026,1,1019,989,GMADA,1110109000,13,DEP,2026-03-10 00:00:00,S,0,210,128380.0,,,,,0,0,,A,S,2026-03-10 08:20:50,2026-03-12 10:18:12,ERROR,,1,N
2026,1,1020,983,GMADA,1110109000,13,DEP,2026-03-10 00:00:00,S,0,110,151247.0,,,,,0,0,,C,S,2026-03-10 08:21:51,,,,1,N
2026,1,1021,962,GMADA,1110118000,25,000SU,2026-03-10 00:00:00,S,0,110,329200.0,,,,,0,0,,C,S,2026-03-10 08:23:06,,,,1,N
2026,1,1022,963,GMADA,1110118000,25,000SU,2026-03-10 00:00:00,S,0,110,633330.0,,,,,0,0,,C,S,2026-03-10 08:24:25,,,,1,N
2026,1,1023,964,GMADA,1110118000,25,DECI,2026-03-10 00:00:00,S,0,110,629362.0,,,,,0,0,,C,S,2026-03-10 08:25:27,,,,1,N
2026,1,1024,966,GMADA,1110118000,25,DECI,2026-03-10 00:00:00,S,0,110,353626.0,,,,,0,0,,C,S,2026-03-10 08:26:31,,,,1,N
2026,1,1025,973,GMADA,1110118000,25,000SU,2026-03-10 00:00:00,S,0,110,380000.0,,,,,0,0,,C,S,2026-03-10 08:27:30,,,,1,N
2026,1,1026,969,GMADA,1110104000,5,LAB,2026-03-10 00:00:00,S,0,131,417597.28,,,,,0,0,,C,S,2026-03-10 08:29:04,,,,1,N
2026,1,1027,816,GMADA,1110104000,5,HOSP,2026-03-10 00:00:00,S,0,131,2847000.0,,,,,0,0,,C,S,2026-03-10 08:30:12,,,,1,N
2026,1,1028,971,GMADA,1110104000,5,COC,2026-03-10 00:00:00,S,0,131,830283.53,,,,,0,0,,C,S,2026-03-10 08:32:42,,,,1,N
2026,1,1029,972,GMADA,1110104000,5,HOSP,2026-03-10 00:00:00,S,0,131,6160000.0,,,,,0,0,,C,S,2026-03-10 08:33:13,,,,1,N
2026,1,1030,902,GMADA,1110104000,5,HOSP,2026-03-10 00:00:00,S,0,131,1747360.48,,,,,0,0,,C,S,2026-03-10 08:34:47,,,,2,N
2026,1,1031,901,GMADA,1110104000,5,COC,2026-03-10 00:00:00,S,0,131,1083309.96,,,,,0,0,,C,S,2026-03-10 08:50:00,,,,1,N
2026,1,1032,948,GMADA,1110104000,5,LAV,2026-03-10 00:00:00,S,0,131,848920.81,,,,,0,0,,C,S,2026-03-10 08:51:26,,,,1,N
2026,1,1033,951,GMADA,1110104000,5,LAV,2026-03-10 00:00:00,S,0,131,774226.24,,,,,0,0,,C,S,2026-03-10 08:52:57,,,,1,N
2026,1,1034,968,GMADA,1110104000,5,HOSP,2026-03-10 00:00:00,S,0,131,90778.92,,,,,0,0,,C,S,2026-03-10 08:54:43,,,,1,N
2026,1,1035,965,GMADA,1110104000,5,HOGANC,2026-03-10 00:00:00,S,0,131,13400.0,,,,,0,0,,A,S,2026-03-10 08:56:07,2026-03-13 09:18:00,ERROR,,1,N
2026,1,1036,961,GMADA,1110104000,5,BANOR,2026-03-10 00:00:00,S,0,131,140000.0,,,,,0,0,,C,S,2026-03-10 08:57:30,,,,1,N
2026,1,1037,960,GMADA,1110104000,5,INTER,2026-03-10 00:00:00,S,0,131,89083.4,,,,,0,0,,C,S,2026-03-10 08:58:41,,,,1,N
2026,1,1038,957,GMADA,1110104000,5,HOGANC,2026-03-10 00:00:00,S,0,131,38298.5,,,,,0,0,,C,S,2026-03-10 09:00:30,,,,1,N
2026,1,1039,959,GMADA,1110104000,5,FARM,2026-03-10 00:00:00,S,0,131,473237.9,,,,,0,0,,C,S,2026-03-10 09:11:22,,,,1,N
2026,1,1040,915,GMADA,1110109000,13,DEP,2026-03-10 00:00:00,S,0,110,140000.0,,,,,0,0,,C,S,2026-03-10 09:13:29,,,,1,N
2026,1,1121,1044,GMADA,1110104000,5,COC,2026-03-17 00:00:00,S,0,131,95000.0,,,,,0,0,,N,S,2026-03-17 09:59:36,,,,1,N
2026,1,1122,1043,GMADA,1110104000,5,COC,2026-03-17 00:00:00,S,0,131,171000.0,,,,,0,0,,N,S,2026-03-17 10:02:23,,,,1,N
2026,1,1123,1045,GMADA,1110104000,5,HOGANC,2026-03-17 00:00:00,S,0,131,57000.0,,,,,0,0,,N,S,2026-03-17 10:03:41,,,,1,N
2026,1,1124,1046,GMADA,1110104000,5,HOGANC,2026-03-17 00:00:00,S,0,131,57750.0,,,,,0,0,,N,S,2026-03-17 10:05:01,,,,1,N
2026,1,1125,1047,GMADA,1110104000,5,COC,2026-03-17 00:00:00,S,0,131,157500.0,,,,,0,0,,N,S,2026-03-17 10:06:48,,,,1,N
2026,1,1126,1067,GMADA,1110104000,5,107,2026-03-17 00:00:00,S,0,131,26800.0,,,,,0,0,,N,S,2026-03-17 10:09:43,,,,1,N
2026,1,1127,1066,GMADA,1110104000,5,HOGANC,2026-03-17 00:00:00,S,0,131,502050.0,,,,,0,0,,N,S,2026-03-17 10:12:16,,,,1,N
2026,1,1128,1065,GMADA,1110104000,5,HOSP,2026-03-17 00:00:00,S,0,131,1242147.0,,,,,0,0,,N,S,2026-03-17 10:17:42,,,,1,N
2026,1,1129,1063,GMADA,1110104000,5,FARM,2026-03-17 00:00:00,S,0,131,2625900.0,,,,,0,0,,N,S,2026-03-17 10:23:19,,,,1,N
2026,1,1130,1028,GMADA,1110104000,5,FARM,2026-03-17 00:00:00,S,0,131,5609805.61,,,,,0,0,,N,S,2026-03-17 10:30:09,,,,2,N
2026,1,1131,1064,GMADA,1110104000,5,HOSP,2026-03-17 00:00:00,S,0,131,141000.0,,,,,0,0,,N,S,2026-03-17 10:35:44,,,,1,N
2026,1,1132,1061,GMADA,1110104000,5,HOSP,2026-03-17 00:00:00,S,0,131,160000.0,,,,,0,0,,N,S,2026-03-17 10:37:12,,,,1,N
2026,1,1133,1052,GMADA,1110104000,5,HOGANC,2026-03-17 00:00:00,S,0,131,134750.0,,,,,0,0,,N,S,2026-03-17 10:42:24,,,,1,N
2026,1,1134,1050,GMADA,1110104000,5,HOGANC,2026-03-17 00:00:00,S,0,131,76000.0,,,,,0,0,,N,S,2026-03-17 10:46:32,,,,1,N
2026,1,1135,1051,GMADA,1110104000,5,COC,2026-03-17 00:00:00,S,0,131,157500.0,,,,,0,0,,N,S,2026-03-17 10:47:09,,,,1,N
2026,1,1136,1049,GMADA,1110104000,5,HOGANC,2026-03-17 00:00:00,S,0,131,65100.0,,,,,0,0,,N,S,2026-03-17 10:48:56,,,,1,N
2026,1,1137,1048,GMADA,1110104000,5,COC,2026-03-17 00:00:00,S,0,131,190000.0,,,,,0,0,,N,S,2026-03-17 10:52:36,,,,1,N
2026,1,1138,1042,GMADA,1110104000,5,COC,2026-03-17 00:00:00,S,0,131,414000.0,,,,,0,0,,N,S,2026-03-17 10:58:32,,,,1,N
2026,1,1139,1022,GMADA,1110104000,5,HOGANC,2026-03-17 00:00:00,S,0,131,78460.44,,,,,0,0,,N,S,2026-03-17 11:04:48,,,,1,N
2026,1,1140,952,GMADA,1110104000,5,COC,2026-03-17 00:00:00,S,0,131,107348.86,,,,,0,0,,N,S,2026-03-17 11:05:56,,,,1,N
2026,1,1141,950,GMADA,1110104000,5,CONEX,2026-03-17 00:00:00,S,0,131,97393.86,,,,,0,0,,N,S,2026-03-17 11:07:20,,,,1,N
2026,1,1142,949,GMADA,1110104000,5,HOGANC,2026-03-17 00:00:00,S,0,131,115505.6,,,,,0,0,,N,S,2026-03-17 11:17:11,,,,1,N
2026,1,1143,947,GMADA,1110104000,5,INTER,2026-03-17 00:00:00,S,0,131,414571.08,,,,,0,0,,N,S,2026-03-17 11:21:09,,,,2,N
2026,1,1144,1062,GMADA,1110104000,5,HOSP,2026-03-17 00:00:00,S,0,131,600000.0,,,,,0,0,,N,S,2026-03-17 11:24:09,,,,1,N
2026,1,608,568,GMADA,1110105000,6,CULTUR,2026-02-04 00:00:00,S,0,132,97262.26,,,,,0,0,,C,S,2026-02-04 10:55:33,,,,2,N
2026,1,665,681,GMADA,1110105000,6,CULTUR,2026-02-12 00:00:00,S,0,110,840000.0,,,,,0,0,,C,S,2026-02-12 08:36:29,,,,1,N
2026,1,666,679,GMADA,1110105000,6,CULTUR,2026-02-12 00:00:00,S,0,110,1400000.0,,,,,0,0,,C,S,2026-02-12 08:37:02,,,,2,N
2026,1,667,641,GMADA,1110103000,3,OPP,2026-02-12 00:00:00,S,0,110,14400000.0,,,,,0,0,,A,S,2026-02-12 10:11:27,2026-03-05 08:05:12,ERROR,,1,N
2026,1,668,630,GMADA,1110108000,14,PROD,2026-02-12 00:00:00,S,0,110,150000.0,,,,,0,0,,C,S,2026-02-12 10:13:26,,,,1,N
2026,1,669,631,GMADA,1110108000,14,PROD,2026-02-12 00:00:00,S,0,110,375000.0,,,,,0,0,,C,S,2026-02-12 10:15:13,,,,1,N
2026,1,670,702,GMADA,1110111000,3,CAS,2026-02-12 00:00:00,S,0,131,4000000.0,,,,,0,0,,C,S,2026-02-12 11:10:04,,,,2,N
2026,1,671,701,GMADA,1110103000,3,OPP,2026-02-12 00:00:00,S,0,110,3500000.0,,,,,0,0,,C,S,2026-02-12 11:39:35,,,,1,N
2026,1,778,640,GMADA,1110111000,3,CAS,2026-02-20 00:00:00,A,722,131,-1041500.0,,,,,0,0,,N,S,2026-02-20 10:29:21,,,,0,N
2026,1,779,751,GMADA,1110118000,25,000SU,2026-02-20 00:00:00,S,0,110,1957867.6,,,,,0,0,,A,S,2026-02-20 10:47:31,2026-02-25 11:39:48,ERROR,,1,N
2026,1,780,737,GMADA,1110118000,25,DECI,2026-02-20 00:00:00,S,0,110,292000.0,,,,,0,0,,C,S,2026-02-20 10:50:16,,,,1,N
2026,1,781,720,GMADA,1110105000,6,TURIS,2026-02-20 00:00:00,S,0,110,1456000.0,,,,,0,0,,C,S,2026-02-20 11:00:30,,,,2,N
2026,1,782,738,GMADA,1110106000,7,ACCSOC,2026-02-20 00:00:00,S,0,110,81196.44,,,,,0,0,,C,S,2026-02-20 11:06:40,,,,1,N
2026,1,783,739,GMADA,1110106000,7,ASIV,2026-02-20 00:00:00,S,0,110,120000.0,,,,,0,0,,C,S,2026-02-20 11:12:23,,,,1,N
2026,1,784,740,GMADA,1110106000,7,ENV,2026-02-20 00:00:00,S,0,132,60000.0,,,,,0,0,,C,S,2026-02-20 11:14:24,,,,1,N
2026,1,785,741,GMADA,1110106000,7,JARD,2026-02-20 00:00:00,S,0,132,16100.0,,,,,0,0,,C,S,2026-02-20 11:15:14,,,,1,N
2026,1,786,748,GMADA,1110105000,6,TURIS,2026-02-20 00:00:00,S,0,110,1000000.0,,,,,0,0,,C,S,2026-02-20 11:16:48,,,,2,N
2026,1,787,722,GMADA,1110105000,6,TURIS,2026-02-20 00:00:00,S,0,110,360000.0,,,,,0,0,,C,S,2026-02-20 11:17:53,,,,2,N
2026,1,788,725,GMADA,1110105000,6,TURIS,2026-02-20 00:00:00,S,0,110,640000.0,,,,,0,0,,C,S,2026-02-20 11:20:25,,,,2,N
2026,1,789,723,GMADA,1110105000,6,TURIS,2026-02-20 00:00:00,S,0,110,960000.0,,,,,0,0,,C,S,2026-02-20 11:29:04,,,,2,N
2026,1,790,731,GMADA,1110105000,6,TURIS,2026-02-20 00:00:00,S,0,110,450000.0,,,,,0,0,,C,S,2026-02-20 11:31:19,,,,2,N
2026,1,791,730,GMADA,1110105000,6,TURIS,2026-02-20 00:00:00,S,0,110,880000.0,,,,,0,0,,C,S,2026-02-20 11:32:45,,,,2,N
2026,1,792,726,GMADA,1110105000,6,TURIS,2026-02-20 00:00:00,S,0,110,300000.0,,,,,0,0,,C,S,2026-02-20 11:34:12,,,,2,N
2026,1,793,727,GMADA,1110105000,6,TURIS,2026-02-20 00:00:00,S,0,110,540000.0,,,,,0,0,,C,S,2026-02-20 11:35:13,,,,2,N
2026,1,794,728,GMADA,1110105000,6,TURIS,2026-02-20 00:00:00,S,0,110,540000.0,,,,,0,0,,C,S,2026-02-20 11:38:41,,,,2,N
2026,1,795,729,GMADA,1110105000,6,TURIS,2026-02-20 00:00:00,S,0,110,675000.0,,,,,0,0,,C,S,2026-02-20 11:42:33,,,,2,N
2026,1,796,744,GMADA,1110102000,2,DMACED,2026-02-20 00:00:00,S,0,110,179000.0,,,,,0,0,,C,S,2026-02-20 11:44:24,,,,1,N
2026,1,797,745,GMADA,1110112000,19,INGPU,2026-02-20 00:00:00,S,0,110,13200.0,,,,,0,0,,C,S,2026-02-20 11:47:06,,,,1,N
2026,1,798,709,GMADA,1110104000,5,COC,2026-02-20 00:00:00,S,0,131,26000.0,,,,,0,0,,C,S,2026-02-20 11:48:02,,,,1,N
2026,1,799,711,GMADA,1110104000,5,COC,2026-02-20 00:00:00,S,0,131,460766.0,,,,,0,0,,C,S,2026-02-20 11:49:00,,,,1,N
2026,1,800,710,GMADA,1110104000,5,LAB,2026-02-20 00:00:00,S,0,131,70902.9,,,,,0,0,,C,S,2026-02-20 11:51:43,,,,1,N
2026,1,801,734,GMADA,1110105000,6,CULTUR,2026-02-20 00:00:00,S,0,110,67500.0,,,,,0,0,,C,S,2026-02-20 11:52:29,,,,1,N
2026,1,802,735,GMADA,1110109000,13,DEP,2026-02-20 00:00:00,S,0,110,78016.89,,,,,0,0,,C,S,2026-02-20 11:53:21,,,,1,N
2026,1,803,718,GMADA,1110104000,5,FARM,2026-02-20 00:00:00,A,773,131,-2132124.7,,,,,0,0,,N,S,2026-02-20 12:21:25,,,,0,N
2026,1,804,706,GMADA,1110104000,5,HOSP,2026-02-20 00:00:00,A,770,131,-8000.0,,,,,0,0,,N,S,2026-02-20 12:21:44,,,,0,N
2026,1,890,816,GMADA,1110104000,5,HOSP,2026-03-02 00:00:00,A,857,131,-2460000.0,,,,,0,0,,N,S,2026-03-02 12:40:30,,,,0,N
2026,1,1110,1057,GMADA,1110113000,20,SECSEG,2026-03-16 00:00:00,S,0,110,238565.0,,,,,0,0,,C,S,2026-03-16 10:11:15,,,,1,N
2026,1,889,876,GMADA,1110104000,5,HOSP,2026-03-02 00:00:00,S,0,131,894161.0,,,,,0,0,,C,S,2026-03-02 12:16:53,,,,1,N
2026,1,974,812,GMADA,1110109000,13,DEP,2026-03-09 00:00:00,A,845,110,-340000.0,,,,,0,0,,N,S,2026-03-09 07:24:53,,,,0,N
2026,1,975,812,GMADA,1110109000,13,DEP,2026-03-09 00:00:00,S,0,110,340000.0,,,,,0,0,,C,S,2026-03-09 07:31:24,,,,2,N
2026,1,999,915,GMADA,1110109000,13,DEP,2026-03-09 00:00:00,A,923,110,-140000.0,,,,,0,0,,N,S,2026-03-09 09:35:31,,,,0,N
2026,1,1005,982,GMADA,1110111000,3,CAS,2026-03-09 00:00:00,S,0,131,10248000.0,,,,,0,0,,C,S,2026-03-09 10:28:27,,,,2,N
2026,1,1006,942,GMADA,1110106000,7,ENV,2026-03-09 00:00:00,S,0,132,64800.0,,,,,0,0,,C,S,2026-03-09 10:32:57,,,,1,N
2026,1,1007,944,GMADA,1110106000,7,ACCSOC,2026-03-09 00:00:00,S,0,132,132000.0,,,,,0,0,,C,S,2026-03-09 10:34:07,,,,1,N
2026,1,1008,955,GMADA,1110106000,7,ACCSOC,2026-03-09 00:00:00,S,0,110,165000.0,,,,,0,0,,C,S,2026-03-09 10:35:04,,,,1,N
2026,1,1009,956,GMADA,1110102000,2,GOB,2026-03-09 00:00:00,S,0,110,4750000.0,,,,,0,0,,C,S,2026-03-09 10:36:46,,,,1,N
2026,1,1010,934,GMADA,1110113000,20,SECSEG,2026-03-09 00:00:00,S,0,110,487000.0,,,,,0,0,,C,S,2026-03-09 10:37:03,,,,1,N
2026,1,1011,984,GMADA,1110118000,25,000SU,2026-03-09 00:00:00,S,0,132,10248000.0,,,,,0,0,,C,S,2026-03-09 11:25:34,,,,2,N
2026,1,1012,985,GMADA,1110118000,25,BARU,2026-03-09 00:00:00,S,0,132,4270000.0,,,,,0,0,,C,S,2026-03-09 11:25:49,,,,1,N
2026,1,1013,641,GMADA,1110103000,3,OPP,2026-03-09 00:00:00,S,0,110,7954200.0,,,,,0,0,,C,S,2026-03-09 12:31:20,,,,1,N
2026,1,599,554,GMADA,1110118000,25,000SU,2026-02-04 00:00:00,S,0,110,2146194.76,,,,,0,0,,C,S,2026-02-04 07:28:03,,,,1,N
2026,1,600,548,GMADA,1110111000,3,CAS,2026-02-04 00:00:00,S,0,131,66800.0,,,,,0,0,,C,S,2026-02-04 07:28:54,,,,1,N
2026,1,601,558,GMADA,1110112000,19,CONTRA,2026-02-04 00:00:00,S,0,110,228000.0,,,,,0,0,,C,S,2026-02-04 07:30:33,,,,1,N
2026,1,602,547,GMADA,1110106000,7,ACCSOC,2026-02-04 00:00:00,S,0,132,8011800.0,,,,,0,0,,C,S,2026-02-04 07:32:22,,,,1,N
2026,1,603,473,GMADA,1110104000,5,PO,2026-02-04 00:00:00,S,0,131,1392216.28,,,,,0,0,,N,S,2026-02-04 07:43:20,,,,1,N
2026,1,604,567,GMADA,1110118000,25,BARU,2026-02-04 00:00:00,S,0,110,1200000.0,,,,,0,0,,C,S,2026-02-04 07:44:03,,,,1,N
2026,1,885,862,GMADA,1110109000,13,DEP,2026-02-27 00:00:00,S,0,110,800000.0,,,,,0,0,,C,S,2026-02-27 11:18:27,,,,1,N
2026,1,886,863,GMADA,1110109000,13,DEP,2026-02-27 00:00:00,S,0,110,2233674.52,,,,,0,0,,C,S,2026-02-27 11:43:43,,,,1,N
2026,1,706,698,GMADA,1110104000,5,LAB,2026-02-13 00:00:00,S,0,131,380739.98,,,,,0,0,,C,S,2026-02-13 12:04:46,,,,1,N
2026,1,707,697,GMADA,1110104000,5,LAB,2026-02-13 00:00:00,S,0,131,1431762.63,,,,,0,0,,C,S,2026-02-13 12:06:09,,,,1,N
2026,1,709,693,GMADA,1110104000,5,COC,2026-02-13 00:00:00,S,0,131,4345200.0,,,,,0,0,,C,S,2026-02-13 12:09:15,,,,1,N
2026,1,711,695,GMADA,1110104000,5,COC,2026-02-13 00:00:00,S,0,131,3925625.0,,,,,0,0,,C,S,2026-02-13 12:10:10,,,,1,N
2026,1,714,696,GMADA,1110104000,5,COC,2026-02-13 00:00:00,S,0,131,414000.0,,,,,0,0,,C,S,2026-02-13 12:12:51,,,,1,N
2026,1,716,678,GMADA,1110104000,5,HOGANC,2026-02-13 00:00:00,S,0,131,6500.0,,,,,0,0,,C,S,2026-02-13 12:13:29,,,,1,N
2026,1,717,676,GMADA,1110104000,5,FARM,2026-02-13 00:00:00,S,0,131,209462.06,,,,,0,0,,C,S,2026-02-13 12:14:49,,,,1,N
2026,1,718,664,GMADA,1110104000,5,PO,2026-02-13 00:00:00,S,0,131,1614943.44,,,,,0,0,,C,S,2026-02-13 12:16:18,,,,1,N
2026,1,720,665,GMADA,1110104000,5,HOGANC,2026-02-13 00:00:00,S,0,131,146659.8,,,,,0,0,,C,S,2026-02-13 12:17:36,,,,1,N
2026,1,723,645,GMADA,1110104000,11,BROM,2026-02-13 00:00:00,S,0,110,60000.0,,,,,0,0,,C,S,2026-02-13 12:20:00,,,,1,N
2026,1,727,636,GMADA,1110111000,3,CAS,2026-02-13 00:00:00,S,0,131,815489.79,,,,,0,0,,C,S,2026-02-13 12:22:37,,,,1,N
2026,1,728,677,GMADA,1110104000,5,COC,2026-02-13 00:00:00,S,0,131,52122.0,,,,,0,0,,C,S,2026-02-13 12:25:46,,,,1,N
2026,1,730,646,GMADA,1110104000,5,INTER,2026-02-13 00:00:00,S,0,131,150520.0,,,,,0,0,,C,S,2026-02-13 12:27:50,,,,1,N
2026,1,731,644,GMADA,1110104000,5,MAT,2026-02-13 00:00:00,S,0,131,20000.0,,,,,0,0,,C,S,2026-02-13 12:30:57,,,,1,N
2026,1,732,685,GMADA,1110113000,20,SECSEG,2026-02-13 00:00:00,S,0,110,21840.0,,,,,0,0,,C,S,2026-02-13 12:41:01,,,,1,N
2026,1,733,684,GMADA,1110113000,20,SECSEG,2026-02-13 00:00:00,S,0,110,80000.0,,,,,0,0,,C,S,2026-02-13 12:47:05,,,,1,N
2026,1,734,686,GMADA,1110113000,20,SECSEG,2026-02-13 00:00:00,S,0,110,57740.0,,,,,0,0,,C,S,2026-02-13 12:48:49,,,,1,N
2026,1,735,687,GMADA,1110113000,20,SECSEG,2026-02-13 00:00:00,S,0,110,98633.0,,,,,0,0,,C,S,2026-02-13 12:50:44,,,,1,N
2026,1,736,688,GMADA,1110113000,20,SECSEG,2026-02-13 00:00:00,S,0,110,57931.0,,,,,0,0,,C,S,2026-02-13 12:52:38,,,,1,N
2026,1,737,689,GMADA,1110113000,20,SECSEG,2026-02-13 00:00:00,S,0,110,103000.0,,,,,0,0,,C,S,2026-02-13 12:54:02,,,,1,N
2026,1,738,690,GMADA,1110113000,20,SECSEG,2026-02-13 00:00:00,S,0,110,50000.0,,,,,0,0,,C,S,2026-02-13 12:56:04,,,,1,N
2026,1,739,691,GMADA,1110113000,20,SECSEG,2026-02-13 00:00:00,S,0,110,306000.0,,,,,0,0,,A,S,2026-02-13 12:57:33,2026-02-13 12:57:46,ERROR,,1,N
2026,1,740,691,GMADA,1110113000,20,SECSEG,2026-02-13 00:00:00,A,739,110,-306000.0,,,,,0,0,,N,S,2026-02-13 12:57:46,,,,0,N
2026,1,741,692,GMADA,1110113000,20,SECSEG,2026-02-13 00:00:00,S,0,110,47400.0,,,,,0,0,,C,S,2026-02-13 12:58:59,,,,1,N
2026,1,742,652,GMADA,1110109000,13,DEP,2026-02-13 00:00:00,S,0,110,250000.0,,,,,0,0,,C,S,2026-02-13 13:00:43,,,,2,N
2026,1,743,703,GMADA,1110112000,19,INTIM,2026-02-13 00:00:00,S,0,110,34500.0,,,,,0,0,,C,S,2026-02-13 13:02:46,,,,1,N
2026,1,744,587,GMADA,1110109000,13,DEP,2026-02-13 00:00:00,S,0,110,42000.0,,,,,0,0,,C,S,2026-02-13 13:03:31,,,,1,N
2026,1,745,578,GMADA,1110109000,13,DEP,2026-02-13 00:00:00,S,0,110,70000.0,,,,,0,0,,C,S,2026-02-13 13:04:17,,,,1,N
2026,1,746,694,GMADA,1110108000,14,PROD,2026-02-13 00:00:00,S,0,110,1660000.0,,,,,0,0,,C,S,2026-02-13 13:05:11,,,,1,N
2026,1,747,593,GMADA,1110109000,13,DEP,2026-02-13 00:00:00,S,0,110,182177.0,,,,,0,0,,C,S,2026-02-13 13:06:11,,,,1,N
2026,1,748,637,GMADA,1110118000,25,BARU,2026-02-13 00:00:00,S,0,110,1988250.0,,,,,0,0,,C,S,2026-02-13 13:07:10,,,,1,N
2026,1,749,635,GMADA,1110118000,25,DECI,2026-02-13 00:00:00,S,0,110,9620.0,,,,,0,0,,C,S,2026-02-13 13:07:53,,,,1,N
2026,1,615,574,GMADA,1110109000,13,DEP,2026-02-05 00:00:00,S,0,110,850000.0,,,,,0,0,,C,S,2026-02-05 09:00:47,,,,1,N
2026,1,616,585,GMADA,1110118000,25,PLANRE,2026-02-05 00:00:00,S,0,110,236800.0,,,,,0,0,,C,S,2026-02-05 11:26:55,,,,1,N
2026,1,675,675,GMADA,1110106000,7,JARD,2026-02-13 00:00:00,S,0,132,263500.0,,,,,0,0,,C,S,2026-02-13 10:38:45,,,,1,N
2026,1,676,650,GMADA,1110109000,13,DEP,2026-02-13 00:00:00,S,0,110,193682.0,,,,,0,0,,C,S,2026-02-13 10:39:39,,,,1,N
2026,1,677,683,GMADA,1110118000,25,18C,2026-02-13 00:00:00,S,0,110,100000.0,,,,,0,0,,C,S,2026-02-13 10:40:32,,,,1,N
2026,1,678,682,GMADA,1110118000,25,000SU,2026-02-13 00:00:00,S,0,110,44370.2,,,,,0,0,,C,S,2026-02-13 10:42:19,,,,1,N
2026,1,679,661,GMADA,1110113000,20,SECSEG,2026-02-13 00:00:00,S,0,110,337800.0,,,,,0,0,,C,S,2026-02-13 10:43:11,,,,1,N
2026,1,680,659,GMADA,1110113000,20,SECSEG,2026-02-13 00:00:00,S,0,110,440000.0,,,,,0,0,,C,S,2026-02-13 10:44:18,,,,1,N
2026,1,681,667,GMADA,1110113000,20,SECSEG,2026-02-13 00:00:00,S,0,110,8125.6,,,,,0,0,,C,S,2026-02-13 10:45:56,,,,1,N
2026,1,682,670,GMADA,1110113000,20,SECSEG,2026-02-13 00:00:00,S,0,110,811100.0,,,,,0,0,,C,S,2026-02-13 10:47:17,,,,1,N
2026,1,683,671,GMADA,1110113000,20,SECSEG,2026-02-13 00:00:00,S,0,110,120000.0,,,,,0,0,,C,S,2026-02-13 10:48:34,,,,1,N
2026,1,684,672,GMADA,1110113000,20,SECSEG,2026-02-13 00:00:00,S,0,110,120000.0,,,,,0,0,,C,S,2026-02-13 10:50:00,,,,1,N
2026,1,685,673,GMADA,1110113000,20,SECSEG,2026-02-13 00:00:00,S,0,110,110000.0,,,,,0,0,,C,S,2026-02-13 10:51:33,,,,1,N
2026,1,686,674,GMADA,1110113000,20,SECSEG,2026-02-13 00:00:00,S,0,110,60000.0,,,,,0,0,,C,S,2026-02-13 10:52:41,,,,1,N
2026,1,687,669,GMADA,1110101000,1,INT,2026-02-13 00:00:00,S,0,110,8000.0,,,,,0,0,,C,S,2026-02-13 10:53:50,,,,1,N
2026,1,688,638,GMADA,1110118000,25,000SU,2026-02-13 00:00:00,S,0,110,423200.0,,,,,0,0,,C,S,2026-02-13 10:56:43,,,,1,N
2026,1,689,642,GMADA,1110118000,25,000SU,2026-02-13 00:00:00,S,0,110,534000.0,,,,,0,0,,C,S,2026-02-13 11:02:19,,,,1,N
2026,1,690,649,GMADA,1110104000,5,ESTH,2026-02-13 00:00:00,S,0,131,44296.45,,,,,0,0,,C,S,2026-02-13 11:05:43,,,,1,N
2026,1,691,651,GMADA,1110104000,5,DIR,2026-02-13 00:00:00,S,0,131,12500.0,,,,,0,0,,C,S,2026-02-13 11:07:13,,,,1,N
2026,1,692,653,GMADA,1110104000,5,HOGANC,2026-02-13 00:00:00,S,0,131,467699.98,,,,,0,0,,C,S,2026-02-13 11:09:30,,,,1,N
2026,1,693,633,GMADA,1110104000,5,HOSP,2026-02-13 00:00:00,S,0,131,491550.0,,,,,0,0,,C,S,2026-02-13 11:12:20,,,,1,N
2026,1,694,632,GMADA,1110104000,5,HOSP,2026-02-13 00:00:00,S,0,131,32000.0,,,,,0,0,,C,S,2026-02-13 11:12:57,,,,1,N
2026,1,695,654,GMADA,1110104000,5,INTER,2026-02-13 00:00:00,S,0,131,15220.0,,,,,0,0,,C,S,2026-02-13 11:14:42,,,,1,N
2026,1,697,655,GMADA,1110104000,5,TRIA,2026-02-13 00:00:00,S,0,131,9620.0,,,,,0,0,,C,S,2026-02-13 11:18:14,,,,1,N
2026,1,698,656,GMADA,1110104000,5,CICQ,2026-02-13 00:00:00,S,0,131,132760.0,,,,,0,0,,C,S,2026-02-13 11:21:03,,,,1,N
2026,1,699,657,GMADA,1110104000,5,HOSP,2026-02-13 00:00:00,S,0,131,31090.0,,,,,0,0,,C,S,2026-02-13 11:53:01,,,,1,N
2026,1,700,658,GMADA,1110104000,5,HOSP,2026-02-13 00:00:00,S,0,131,46940.0,,,,,0,0,,C,S,2026-02-13 11:54:15,,,,1,N
2026,1,701,660,GMADA,1110104000,5,HOSP,2026-02-13 00:00:00,S,0,131,135583.0,,,,,0,0,,C,S,2026-02-13 11:55:57,,,,2,N
2026,1,702,662,GMADA,1110104000,5,HOSP,2026-02-13 00:00:00,S,0,131,253260.0,,,,,0,0,,C,S,2026-02-13 11:57:28,,,,1,N
2026,1,703,663,GMADA,1110104000,5,HOSP,2026-02-13 00:00:00,S,0,131,116910.0,,,,,0,0,,C,S,2026-02-13 11:58:37,,,,1,N
2026,1,704,668,GMADA,1110104000,5,HOGANC,2026-02-13 00:00:00,S,0,131,17600.0,,,,,0,0,,C,S,2026-02-13 12:01:50,,,,1,N
2026,1,705,634,GMADA,1110104000,5,HOSP,2026-02-13 00:00:00,S,0,131,6120000.0,,,,,0,0,,C,S,2026-02-13 12:03:00,,,,2,N
2026,1,887,750,GMADA,1110105000,6,TURIS,2026-02-27 00:00:00,S,0,110,41000.0,,,,,0,0,,C,S,2026-02-27 12:39:03,,,,2,N
2026,1,972,931,GMADA,1110104000,5,HOSP,2026-03-06 00:00:00,S,0,131,255966.43,,,,,0,0,,A,S,2026-03-06 10:21:50,2026-03-16 12:28:46,ERROR,,1,N
2026,1,619,513,GMADA,1110104000,5,HOGANC,2026-02-09 00:00:00,S,0,131,24100.0,,,,,0,0,,C,S,2026-02-09 08:12:15,,,,1,N
2026,1,620,570,GMADA,1110104000,5,HOSP,2026-02-09 00:00:00,S,0,131,1751500.0,,,,,0,0,,C,S,2026-02-09 08:15:18,,,,1,N
2026,1,621,573,GMADA,1110102000,2,DESP,2026-02-09 00:00:00,S,0,110,29483.0,,,,,0,0,,C,S,2026-02-09 08:16:45,,,,1,N
2026,1,622,572,GMADA,1110112000,19,COMPR,2026-02-09 00:00:00,S,0,110,296235.93,,,,,0,0,,C,S,2026-02-09 08:18:34,,,,1,N
2026,1,623,589,GMADA,1110105000,6,CULTUR,2026-02-09 00:00:00,S,0,110,28000.0,,,,,0,0,,C,S,2026-02-09 08:23:33,,,,1,N
2026,1,624,586,GMADA,1110108000,14,PROD,2026-02-09 00:00:00,S,0,110,70000.0,,,,,0,0,,C,S,2026-02-09 08:26:13,,,,1,N
2026,1,626,605,GMADA,1110104000,5,HOSP,2026-02-09 00:00:00,S,0,131,13800000.0,,,,,0,0,,C,S,2026-02-09 09:45:29,,,,2,N
2026,1,1119,1068,GMADA,1110111000,3,CAS,2026-03-17 00:00:00,S,0,131,396600.0,,,,,0,0,,N,S,2026-03-17 08:27:44,,,,1,N
2026,1,1120,1001,GMADA,1110109000,13,DEP,2026-03-17 00:00:00,S,0,110,3323000.0,,,,,0,0,,N,S,2026-03-17 09:33:28,,,,1,N
2026,1,610,565,GMADA,1110118000,25,000SU,2026-02-05 00:00:00,S,0,132,8000000.0,,,,,0,0,,C,S,2026-02-05 07:20:17,,,,1,N
2026,1,611,559,GMADA,1110118000,25,000SU,2026-02-05 00:00:00,S,0,110,1339000.0,,,,,0,0,,C,S,2026-02-05 07:26:22,,,,1,N
2026,1,612,561,GMADA,1110118000,25,000SU,2026-02-05 00:00:00,S,0,110,234453.0,,,,,0,0,,C,S,2026-02-05 07:28:14,,,,1,N
2026,1,613,566,GMADA,1110118000,25,000SU,2026-02-05 00:00:00,S,0,110,65000.0,,,,,0,0,,C,S,2026-02-05 07:29:49,,,,1,N
2026,1,614,569,GMADA,1110111000,3,CAS,2026-02-05 00:00:00,S,0,131,127500.0,,,,,0,0,,A,S,2026-02-05 07:33:06,2026-02-11 11:00:58,ERROR,,1,N
2026,1,815,806,GMADA,1110102000,2,PRENS,2026-02-24 00:00:00,S,0,110,140000.0,,,,,0,0,,C,S,2026-02-24 11:23:33,,,,1,N
2026,1,816,774,GMADA,1110118000,25,000SU,2026-02-24 00:00:00,S,0,132,2343000.0,,,,,0,0,,C,S,2026-02-24 12:10:26,,,,2,N
2026,1,819,773,GMADA,1110109000,13,DEP,2026-02-24 00:00:00,S,0,110,426000.0,,,,,0,0,,C,S,2026-02-24 12:23:12,,,,1,N
2026,1,820,765,GMADA,1110105000,6,CULTUR,2026-02-24 00:00:00,S,0,110,150000.0,,,,,0,0,,C,S,2026-02-24 12:26:35,,,,2,N
2026,1,821,757,GMADA,1110111000,3,CAS,2026-02-24 00:00:00,S,0,131,4378030.0,,,,,0,0,,C,S,2026-02-24 12:27:48,,,,1,N
2026,1,822,756,GMADA,1110111000,3,CAS,2026-02-24 00:00:00,S,0,131,383250.0,,,,,0,0,,C,S,2026-02-24 12:29:16,,,,1,N
2026,1,824,706,GMADA,1110104000,5,HOSP,2026-02-24 00:00:00,S,0,131,16000.0,,,,,0,0,,C,S,2026-02-24 12:30:08,,,,1,N
2026,1,918,801,GMADA,1110104000,5,FARM,2026-03-04 00:00:00,S,0,131,4167621.15,,,,,0,0,,C,S,2026-03-04 09:13:29,,,,1,N
2026,1,672,700,GMADA,1110105000,6,CULTUR,2026-02-12 00:00:00,S,0,110,450000.0,,,,,0,0,,C,S,2026-02-12 12:02:04,,,,2,N
2026,1,750,647,GMADA,1110108000,14,PROD,2026-02-13 00:00:00,S,0,110,52440.0,,,,,0,0,,C,S,2026-02-13 13:08:51,,,,1,N
2026,1,751,620,GMADA,1110104000,5,INTER,2026-02-13 00:00:00,S,0,131,63892.95,,,,,0,0,,C,S,2026-02-13 13:09:55,,,,1,N
2026,1,752,616,GMADA,1110104000,5,COC,2026-02-13 00:00:00,S,0,131,26000.0,,,,,0,0,,C,S,2026-02-13 13:10:48,,,,1,N
2026,1,753,617,GMADA,1110104000,5,HOGANC,2026-02-13 00:00:00,S,0,131,24100.0,,,,,0,0,,C,S,2026-02-13 13:11:56,,,,1,N
2026,1,754,627,GMADA,1110112000,19,INGPU,2026-02-13 00:00:00,S,0,110,20654.2,,,,,0,0,,C,S,2026-02-13 13:12:53,,,,1,N
2026,1,755,623,GMADA,1110106000,7,JARD,2026-02-13 00:00:00,S,0,132,136500.0,,,,,0,0,,C,S,2026-02-13 13:13:39,,,,1,N
2026,1,776,747,GMADA,1110118000,25,BARU,2026-02-19 00:00:00,S,0,132,4878000.0,,,,,0,0,,C,S,2026-02-19 12:53:27,,,,2,N
2026,1,777,746,GMADA,1110118000,25,000SU,2026-02-19 00:00:00,S,0,132,13008000.0,,,,,0,0,,C,S,2026-02-19 12:54:13,,,,1,N
2026,1,888,867,GMADA,1110109000,13,DEP,2026-02-27 00:00:00,S,0,110,600000.0,,,,,0,0,,C,S,2026-02-27 13:01:44,,,,1,N
2026,1,891,882,GMADA,1110106000,7,ACCSOC,2026-03-03 00:00:00,S,0,131,4204784.0,,,,,0,0,,C,S,2026-03-03 09:34:46,,,,1,N
2026,1,976,928,GMADA,1110113000,20,SECSEG,2026-03-09 00:00:00,S,0,110,240400.0,,,,,0,0,,C,S,2026-03-09 07:55:18,,,,1,N
2026,1,977,930,GMADA,1110113000,20,SECSEG,2026-03-09 00:00:00,S,0,110,361000.0,,,,,0,0,,C,S,2026-03-09 08:02:00,,,,1,N
2026,1,978,926,GMADA,1110105000,6,CULTUR,2026-03-09 00:00:00,S,0,110,78600.0,,,,,0,0,,C,S,2026-03-09 08:03:35,,,,1,N
2026,1,979,932,GMADA,1110113000,20,SECSEG,2026-03-09 00:00:00,S,0,110,347100.0,,,,,0,0,,C,S,2026-03-09 08:04:36,,,,1,N
2026,1,980,933,GMADA,1110113000,20,SECSEG,2026-03-09 00:00:00,S,0,110,110322.8,,,,,0,0,,C,S,2026-03-09 08:11:38,,,,1,N
2026,1,981,855,GMADA,1110104000,5,COC,2026-03-09 00:00:00,S,0,131,115200.0,,,,,0,0,,C,S,2026-03-09 08:12:45,,,,1,N
2026,1,982,921,GMADA,1110118000,25,000SU,2026-03-09 00:00:00,S,0,110,770000.0,,,,,0,0,,C,S,2026-03-09 08:14:19,,,,1,N
2026,1,983,912,GMADA,1110118000,25,000SU,2026-03-09 00:00:00,S,0,110,65000.0,,,,,0,0,,C,S,2026-03-09 08:15:47,,,,1,N
2026,1,984,911,GMADA,1110118000,25,000SU,2026-03-09 00:00:00,S,0,110,201500.0,,,,,0,0,,C,S,2026-03-09 08:20:02,,,,2,N
2026,1,985,896,GMADA,1110104000,5,HOGANC,2026-03-09 00:00:00,S,0,131,1225473.99,,,,,0,0,,C,S,2026-03-09 08:22:58,,,,2,N
2026,1,986,923,GMADA,1110108000,14,PROD,2026-03-09 00:00:00,S,0,110,52500.0,,,,,0,0,,C,S,2026-03-09 08:24:46,,,,1,N
2026,1,987,929,GMADA,1110104000,5,HOSP,2026-03-09 00:00:00,S,0,131,958575.56,,,,,0,0,,C,S,2026-03-09 08:33:09,,,,1,N
2026,1,988,939,GMADA,1110106000,7,ACCSOC,2026-03-09 00:00:00,S,0,110,53970.66,,,,,0,0,,C,S,2026-03-09 08:58:59,,,,1,N
2026,1,989,953,GMADA,1110118000,25,000SU,2026-03-09 00:00:00,S,0,110,180500.0,,,,,0,0,,C,S,2026-03-09 09:01:39,,,,1,N
2026,1,990,940,GMADA,1110106000,7,GRAN,2026-03-09 00:00:00,S,0,110,57112.0,,,,,0,0,,C,S,2026-03-09 09:03:54,,,,1,N
2026,1,991,938,GMADA,1110106000,7,ACCSOC,2026-03-09 00:00:00,S,0,110,32500.0,,,,,0,0,,C,S,2026-03-09 09:04:23,,,,1,N
2026,1,992,937,GMADA,1110106000,7,ENV,2026-03-09 00:00:00,S,0,132,22869.0,,,,,0,0,,C,S,2026-03-09 09:06:11,,,,1,N
2026,1,993,897,GMADA,1110104000,5,HOGANC,2026-03-09 00:00:00,S,0,131,513900.0,,,,,0,0,,C,S,2026-03-09 09:08:01,,,,3,N
2026,1,994,927,GMADA,1110104000,5,COC,2026-03-09 00:00:00,S,0,131,758900.0,,,,,0,0,,C,S,2026-03-09 09:10:31,,,,1,N
2026,1,995,925,GMADA,1110104000,5,COC,2026-03-09 00:00:00,S,0,131,67760.0,,,,,0,0,,C,S,2026-03-09 09:14:47,,,,1,N
2026,1,996,916,GMADA,1110104000,5,FARM,2026-03-09 00:00:00,S,0,131,5973340.0,,,,,0,0,,C,S,2026-03-09 09:21:30,,,,2,N
2026,1,997,910,GMADA,1110104000,5,LAB,2026-03-09 00:00:00,S,0,131,97345.0,,,,,0,0,,C,S,2026-03-09 09:23:58,,,,1,N
2026,1,998,903,GMADA,1110104000,5,LAV,2026-03-09 00:00:00,S,0,131,627166.83,,,,,0,0,,C,S,2026-03-09 09:30:47,,,,1,N
2026,1,1000,831,GMADA,1110104000,5,FARM,2026-03-09 00:00:00,S,0,131,38425000.0,,,,,0,0,,C,S,2026-03-09 09:37:23,,,,1,N
2026,1,1001,900,GMADA,1110104000,5,HOGANC,2026-03-09 00:00:00,S,0,131,86148.0,,,,,0,0,,C,S,2026-03-09 09:43:26,,,,1,N
2026,1,1002,899,GMADA,1110104000,5,CAPSN,2026-03-09 00:00:00,S,0,131,140000.0,,,,,0,0,,C,S,2026-03-09 09:43:57,,,,1,N
2026,1,1003,898,GMADA,1110104000,5,HOSP,2026-03-09 00:00:00,S,0,131,150000.0,,,,,0,0,,C,S,2026-03-09 09:45:26,,,,1,N
2026,1,1004,941,GMADA,1110106000,7,JARD,2026-03-09 00:00:00,S,0,132,249550.0,,,,,0,0,,C,S,2026-03-09 10:06:39,,,,2,N
2026,1,1041,880,GMADA,1110104000,5,PO,2026-03-10 00:00:00,S,0,131,94095.28,,,,,0,0,,C,S,2026-03-10 10:06:00,,,,1,N
2026,1,806,761,GMADA,1110112000,19,CONTAD,2026-02-23 00:00:00,S,0,110,3630000.0,,,,,0,0,,C,S,2026-02-23 08:06:17,,,,1,N
2026,1,839,786,GMADA,1110118000,25,000SU,2026-02-26 00:00:00,S,0,110,292371.0,,,,,0,0,,C,S,2026-02-26 07:57:46,,,,1,N
2026,1,840,784,GMADA,1110118000,25,000SU,2026-02-26 00:00:00,S,0,110,1276200.0,,,,,0,0,,C,S,2026-02-26 07:58:47,,,,1,N
2026,1,841,818,GMADA,1110105000,6,CULTUR,2026-02-26 00:00:00,S,0,110,75000.0,,,,,0,0,,C,S,2026-02-26 08:00:34,,,,1,N
2026,1,842,808,GMADA,1110109000,13,DEP,2026-02-26 00:00:00,S,0,110,500000.0,,,,,0,0,,C,S,2026-02-26 08:02:20,,,,1,N
2026,1,843,810,GMADA,1110109000,13,DEP,2026-02-26 00:00:00,S,0,110,166500.0,,,,,0,0,,C,S,2026-02-26 08:09:42,,,,1,N
2026,1,845,812,GMADA,1110109000,13,DEP,2026-02-26 00:00:00,S,0,110,340000.0,,,,,0,0,,A,S,2026-02-26 08:12:32,2026-03-09 07:24:53,ERROR,,1,N
2026,1,846,797,GMADA,1110113000,20,SECSEG,2026-02-26 00:00:00,S,0,110,1570000.0,,,,,0,0,,C,S,2026-02-26 08:26:15,,,,1,N
2026,1,847,772,GMADA,1110104000,5,FARM,2026-02-26 00:00:00,S,0,131,5325216.2,,,,,0,0,,C,S,2026-02-26 08:27:34,,,,2,N
2026,1,848,796,GMADA,1110104000,5,LAV,2026-02-26 00:00:00,S,0,131,497777.59,,,,,0,0,,C,S,2026-02-26 08:30:45,,,,2,N
2026,1,849,793,GMADA,1110104000,5,HOGANC,2026-02-26 00:00:00,S,0,131,185293.58,,,,,0,0,,C,S,2026-02-26 08:34:27,,,,2,N
2026,1,850,802,GMADA,1110104000,5,HOSP,2026-02-26 00:00:00,S,0,131,170000.0,,,,,0,0,,C,S,2026-02-26 08:43:46,,,,3,N
2026,1,851,794,GMADA,1110104000,5,LAB,2026-02-26 00:00:00,S,0,131,4024482.54,,,,,0,0,,C,S,2026-02-26 08:46:33,,,,1,N
2026,1,856,805,GMADA,1110104000,5,ADM,2026-02-26 00:00:00,S,0,131,319000.0,,,,,0,0,,C,S,2026-02-26 09:33:40,,,,1,N
2026,1,858,783,GMADA,1110104000,5,INTER,2026-02-26 00:00:00,S,0,131,450000.0,,,,,0,0,,C,S,2026-02-26 09:35:23,,,,2,N
2026,1,859,782,GMADA,1110104000,5,QUI,2026-02-26 00:00:00,S,0,131,119000.0,,,,,0,0,,C,S,2026-02-26 09:50:51,,,,1,N
2026,1,860,776,GMADA,1110104000,5,FARM,2026-02-26 00:00:00,S,0,131,1186830.0,,,,,0,0,,C,S,2026-02-26 09:52:53,,,,1,N
2026,1,861,775,GMADA,1110104000,5,FARM,2026-02-26 00:00:00,S,0,131,260976.16,,,,,0,0,,C,S,2026-02-26 09:54:09,,,,1,N
2026,1,862,771,GMADA,1110104000,11,BROM,2026-02-26 00:00:00,S,0,110,52900.0,,,,,0,0,,C,S,2026-02-26 09:55:32,,,,1,N
2026,1,863,769,GMADA,1110104000,5,LAB,2026-02-26 00:00:00,S,0,131,1361668.42,,,,,0,0,,C,S,2026-02-26 09:57:21,,,,1,N
2026,1,864,768,GMADA,1110104000,5,FARM,2026-02-26 00:00:00,S,0,131,2321489.69,,,,,0,0,,C,S,2026-02-26 10:03:30,,,,1,N
2026,1,865,780,GMADA,1110104000,5,PO,2026-02-26 00:00:00,S,0,131,180000.0,,,,,0,0,,C,S,2026-02-26 10:05:25,,,,1,N
2026,1,866,766,GMADA,1110104000,5,FARM,2026-02-26 00:00:00,S,0,131,5916739.18,,,,,0,0,,C,S,2026-02-26 10:06:47,,,,2,N
2026,1,867,767,GMADA,1110104000,5,FARM,2026-02-26 00:00:00,S,0,131,2463332.93,,,,,0,0,,C,S,2026-02-26 10:09:55,,,,1,N
2026,1,868,785,GMADA,1110109000,13,DEP,2026-02-26 00:00:00,S,0,110,4000.0,,,,,0,0,,C,S,2026-02-26 10:12:29,,,,2,N
2026,1,869,787,GMADA,1110118000,25,000SU,2026-02-26 00:00:00,S,0,110,116910.0,,,,,0,0,,C,S,2026-02-26 10:13:03,,,,1,N
2026,1,873,843,GMADA,1110106000,7,ACCSOC,2026-02-26 00:00:00,S,0,131,710717.6,,,,,0,0,,C,S,2026-02-26 10:58:43,,,,2,N
2026,1,874,817,GMADA,1110104000,5,HOSP,2026-02-26 00:00:00,S,0,131,76472.0,,,,,0,0,,C,S,2026-02-26 11:26:07,,,,1,N
2026,1,875,807,GMADA,1110104000,11,BROM,2026-02-26 00:00:00,S,0,110,8000.0,,,,,0,0,,C,S,2026-02-26 11:34:14,,,,1,N
2026,1,876,827,GMADA,1110113000,20,SECSEG,2026-02-26 00:00:00,S,0,110,600000.0,,,,,0,0,,C,S,2026-02-26 11:35:32,,,,1,N
2026,1,877,821,GMADA,1110113000,20,SECSEG,2026-02-26 00:00:00,S,0,110,45749.7,,,,,0,0,,C,S,2026-02-26 11:40:57,,,,1,N
2026,1,878,822,GMADA,1110113000,20,SECSEG,2026-02-26 00:00:00,S,0,110,600000.0,,,,,0,0,,C,S,2026-02-26 11:41:46,,,,1,N
2026,1,879,820,GMADA,1110108000,14,PROD,2026-02-26 00:00:00,S,0,110,1660000.0,,,,,0,0,,C,S,2026-02-26 11:44:33,,,,1,N
2026,1,880,825,GMADA,1110112000,19,CONTRA,2026-02-26 00:00:00,S,0,110,25000.0,,,,,0,0,,C,S,2026-02-26 11:47:18,,,,2,N
2026,1,881,824,GMADA,1110111000,3,CAS,2026-02-26 00:00:00,S,0,131,120004.4,,,,,0,0,,C,S,2026-02-26 11:50:04,,,,1,N
2026,1,882,850,GMADA,1110109000,13,DEP,2026-02-26 00:00:00,S,0,110,44640.0,,,,,0,0,,C,S,2026-02-26 12:09:08,,,,1,N
2026,1,1044,976,GMADA,1110109000,13,DEP,2026-03-10 00:00:00,A,1018,110,-140000.0,,,,,0,0,,N,S,2026-03-10 12:08:40,,,,0,N
2026,1,1055,976,GMADA,1110109000,13,DEP,2026-03-10 00:00:00,S,0,110,140000.0,,,,,0,0,,C,S,2026-03-10 12:39:41,,,,2,N
2026,1,1056,1009,GMADA,1110102000,2,GOBHAC,2026-03-10 00:00:00,S,0,110,172800.0,,,,,0,0,,C,S,2026-03-10 12:53:52,,,,2,N
2026,1,805,754,GMADA,1110105000,6,TURIS,2026-02-23 00:00:00,S,0,110,210000.0,,,,,0,0,,C,S,2026-02-23 07:54:44,,,,2,N
2026,1,807,758,GMADA,1110105000,6,CASA,2026-02-23 00:00:00,S,0,110,21000.0,,,,,0,0,,C,S,2026-02-23 10:21:56,,,,1,N
2026,1,808,760,GMADA,1110105000,6,TURIS,2026-02-23 00:00:00,S,0,110,274000.0,,,,,0,0,,C,S,2026-02-23 10:23:04,,,,1,N
2026,1,809,759,GMADA,1110118000,25,18C,2026-02-23 00:00:00,S,0,110,8500.0,,,,,0,0,,C,S,2026-02-23 10:24:26,,,,1,N
2026,1,810,755,GMADA,1110118000,25,18C,2026-02-23 00:00:00,S,0,110,15000.0,,,,,0,0,,C,S,2026-02-23 10:25:07,,,,1,N
2026,1,811,640,GMADA,1110111000,3,CAS,2026-02-23 00:00:00,S,0,131,1109600.0,,,,,0,0,,C,S,2026-02-23 10:26:32,,,,1,N
2026,1,812,777,GMADA,1110112000,19,SEHA,2026-02-23 00:00:00,S,0,110,296000.0,,,,,0,0,,C,S,2026-02-23 10:28:52,,,,1,N
2026,1,813,778,GMADA,1110112000,19,CONTRA,2026-02-23 00:00:00,S,0,110,1084690.62,,,,,0,0,,C,S,2026-02-23 10:29:20,,,,1,N
2026,1,814,779,GMADA,1110113000,20,SECSEG,2026-02-23 00:00:00,S,0,110,595000.0,,,,,0,0,,C,S,2026-02-23 11:17:07,,,,2,N
2026,1,1079,1010,GMADA,1110106000,7,ACCSOC,2026-03-13 00:00:00,S,0,132,990000.0,,,,,0,0,,C,S,2026-03-13 08:37:52,,,,1,N
2026,1,1080,1053,GMADA,1110102000,2,MAYOR,2026-03-13 00:00:00,S,0,110,656400.0,,,,,0,0,,C,S,2026-03-13 08:41:20,,,,2,N
2026,1,1081,1054,GMADA,1110102000,2,MAYOR,2026-03-13 00:00:00,S,0,110,1039354.3,,,,,0,0,,C,S,2026-03-13 08:42:21,,,,2,N
2026,1,1082,1011,GMADA,1110118000,25,DECI,2026-03-13 00:00:00,S,0,110,388000.0,,,,,0,0,,C,S,2026-03-13 08:43:02,,,,1,N
2026,1,1083,1014,GMADA,1110118000,25,000SU,2026-03-13 00:00:00,S,0,110,304800.0,,,,,0,0,,C,S,2026-03-13 08:43:20,,,,1,N
2026,1,1084,1018,GMADA,1110118000,25,000SU,2026-03-13 00:00:00,S,0,110,775000.0,,,,,0,0,,C,S,2026-03-13 09:10:24,,,,1,N
2026,1,1085,1029,GMADA,1110118000,25,000SU,2026-03-13 00:00:00,S,0,110,630894.0,,,,,0,0,,C,S,2026-03-13 09:11:49,,,,1,N
2026,1,1086,1030,GMADA,1110118000,25,000SU,2026-03-13 00:00:00,S,0,110,543500.0,,,,,0,0,,C,S,2026-03-13 09:14:09,,,,1,N
2026,1,1087,945,GMADA,1110109000,13,DEP,2026-03-13 00:00:00,S,0,132,7650.0,,,,,0,0,,C,S,2026-03-13 09:14:29,,,,1,N
2026,1,1088,965,GMADA,1110104000,5,HOGANC,2026-03-13 00:00:00,A,1035,131,-13400.0,,,,,0,0,,N,S,2026-03-13 09:18:00,,,,0,N
2026,1,1089,1034,GMADA,1110113000,20,SECSEG,2026-03-13 00:00:00,S,0,110,348500.0,,,,,0,0,,C,S,2026-03-13 09:20:24,,,,1,N
2026,1,1090,1035,GMADA,1110113000,20,SECSEG,2026-03-13 00:00:00,S,0,110,455500.0,,,,,0,0,,C,S,2026-03-13 09:23:42,,,,1,N
2026,1,1091,1037,GMADA,1110113000,20,SECSEG,2026-03-13 00:00:00,S,0,110,459000.0,,,,,0,0,,C,S,2026-03-13 09:25:08,,,,1,N
2026,1,1092,1033,GMADA,1110113000,20,SECSEG,2026-03-13 00:00:00,S,0,110,210689.0,,,,,0,0,,C,S,2026-03-13 09:28:20,,,,1,N
2026,1,1093,1023,GMADA,1110104000,5,LAV,2026-03-13 00:00:00,S,0,131,638481.85,,,,,0,0,,C,S,2026-03-13 09:33:36,,,,1,N
2026,1,1094,1024,GMADA,1110104000,5,HOSP,2026-03-13 00:00:00,S,0,131,1785000.0,,,,,0,0,,C,S,2026-03-13 09:34:09,,,,1,N
2026,1,1095,1008,GMADA,1110104000,5,FARM,2026-03-13 00:00:00,S,0,131,7928060.23,,,,,0,0,,C,S,2026-03-13 09:42:26,,,,1,N
2026,1,1096,1027,GMADA,1110104000,5,HOSP,2026-03-13 00:00:00,S,0,131,77500.0,,,,,0,0,,C,S,2026-03-13 09:51:31,,,,1,N
2026,1,1097,990,GMADA,1110104000,5,HOSP,2026-03-13 00:00:00,S,0,131,3048800.0,,,,,0,0,,C,S,2026-03-13 10:01:26,,,,1,N
2026,1,1098,1012,GMADA,1110104000,5,QUI,2026-03-13 00:00:00,S,0,131,50000.0,,,,,0,0,,C,S,2026-03-13 10:04:00,,,,1,N
2026,1,1099,1032,GMADA,1110109000,13,DEP,2026-03-13 00:00:00,S,0,110,15300.0,,,,,0,0,,C,S,2026-03-13 10:32:46,,,,1,N
2026,1,1100,1031,GMADA,1110109000,13,DEP,2026-03-13 00:00:00,S,0,110,450000.0,,,,,0,0,,C,S,2026-03-13 10:33:18,,,,1,N
2026,1,1101,1041,GMADA,1110109000,13,DEP,2026-03-13 00:00:00,S,0,110,250000.0,,,,,0,0,,C,S,2026-03-13 10:34:33,,,,1,N
2026,1,1102,1040,GMADA,1110106000,7,ACCSOC,2026-03-13 00:00:00,S,0,132,340000.0,,,,,0,0,,C,S,2026-03-13 10:43:29,,,,2,N
2026,1,1103,1038,GMADA,1110106000,7,ACCSOC,2026-03-13 00:00:00,S,0,131,710717.6,,,,,0,0,,C,S,2026-03-13 10:43:43,,,,2,N
2026,1,1104,1013,GMADA,1110104000,5,HOGANC,2026-03-13 00:00:00,S,0,131,536900.0,,,,,0,0,,C,S,2026-03-13 11:37:11,,,,1,N
2026,1,1105,1015,GMADA,1110104000,5,HOSP,2026-03-13 00:00:00,S,0,131,970305.0,,,,,0,0,,C,S,2026-03-13 11:40:25,,,,1,N
2026,1,1106,1016,GMADA,1110104000,5,HOSP,2026-03-13 00:00:00,S,0,131,75210.0,,,,,0,0,,C,S,2026-03-13 11:42:09,,,,1,N
2026,1,1107,1017,GMADA,1110104000,11,BROM,2026-03-13 00:00:00,S,0,110,82500.0,,,,,0,0,,C,S,2026-03-13 11:42:28,,,,1,N
2026,1,1108,1021,GMADA,1110104000,5,HOSP,2026-03-13 00:00:00,S,0,131,876000.0,,,,,0,0,,C,S,2026-03-13 11:42:44,,,,1,N
2026,1,1109,1060,GMADA,1110109000,13,DEP,2026-03-13 00:00:00,S,0,110,280000.0,,,,,0,0,,C,S,2026-03-13 12:38:10,,,,3,N
2026,1,630,120,GMADA,1110106000,7,ACCSOC,2026-02-10 00:00:00,M,269,132,1603550.0,,,,,0,0,,N,S,2026-02-10 09:03:56,,,,1,N
2026,1,631,629,GMADA,1110105000,6,CULTUR,2026-02-10 00:00:00,S,0,110,250000.0,,,,,0,0,,C,S,2026-02-10 11:47:29,,,,2,N
2026,1,632,615,GMADA,1110105000,6,CULTUR,2026-02-10 00:00:00,S,0,110,800000.0,,,,,0,0,,C,S,2026-02-10 12:34:05,,,,1,N
2026,1,633,614,GMADA,1110105000,6,CULTUR,2026-02-10 00:00:00,S,0,110,500000.0,,,,,0,0,,C,S,2026-02-10 12:35:32,,,,1,N
2026,1,634,603,GMADA,1110112000,19,SEHA,2026-02-10 00:00:00,S,0,110,16200.0,,,,,0,0,,C,S,2026-02-10 12:35:53,,,,1,N
2026,1,635,600,GMADA,1110106000,7,ENV,2026-02-10 00:00:00,S,0,132,12934.0,,,,,0,0,,C,S,2026-02-10 12:36:28,,,,1,N
2026,1,636,601,GMADA,1110106000,7,ENV,2026-02-10 00:00:00,S,0,132,66000.0,,,,,0,0,,C,S,2026-02-10 12:37:10,,,,1,N
2026,1,637,602,GMADA,1110106000,7,ACCSOC,2026-02-10 00:00:00,S,0,132,110000.0,,,,,0,0,,C,S,2026-02-10 12:38:40,,,,1,N
2026,1,638,608,GMADA,1110106000,7,ENV,2026-02-10 00:00:00,S,0,132,62920.0,,,,,0,0,,C,S,2026-02-10 12:39:05,,,,1,N
2026,1,639,610,GMADA,1110106000,7,ACCSOC,2026-02-10 00:00:00,S,0,110,180000.0,,,,,0,0,,C,S,2026-02-10 12:59:20,,,,1,N
2026,1,640,621,GMADA,1110105000,6,MUSH,2026-02-10 00:00:00,S,0,110,95000.0,,,,,0,0,,C,S,2026-02-10 13:00:23,,,,1,N
2026,1,641,584,GMADA,1110102000,2,GOB,2026-02-10 00:00:00,S,0,110,4750000.0,,,,,0,0,,C,S,2026-02-10 13:01:52,,,,1,N
2026,1,642,639,GMADA,1110104000,5,HOSP,2026-02-11 00:00:00,S,0,131,500000.0,,,,,0,0,,C,S,2026-02-11 07:39:55,,,,2,N
2026,1,643,592,GMADA,1110112000,19,CONTRA,2026-02-11 00:00:00,S,0,110,122500.0,,,,,0,0,,C,S,2026-02-11 08:10:14,,,,1,N
2026,1,644,591,GMADA,1110112000,19,INGPU,2026-02-11 00:00:00,S,0,110,24000.2,,,,,0,0,,C,S,2026-02-11 08:12:43,,,,1,N
2026,1,645,582,GMADA,1110109000,13,DEP,2026-02-11 00:00:00,S,0,110,9600.0,,,,,0,0,,C,S,2026-02-11 08:14:14,,,,1,N
2026,1,646,588,GMADA,1110109000,13,DEP,2026-02-11 00:00:00,S,0,110,15900.0,,,,,0,0,,C,S,2026-02-11 08:15:11,,,,1,N
2026,1,647,528,GMADA,1110106000,7,ACCSOC,2026-02-11 00:00:00,S,0,110,75500.0,,,,,0,0,,C,S,2026-02-11 08:17:31,,,,1,N
2026,1,648,576,GMADA,1110106000,7,ENV,2026-02-11 00:00:00,S,0,132,75116.0,,,,,0,0,,C,S,2026-02-11 08:19:57,,,,1,N
2026,1,649,579,GMADA,1110106000,7,JARD,2026-02-11 00:00:00,S,0,132,62720.0,,,,,0,0,,C,S,2026-02-11 08:23:29,,,,1,N
2026,1,650,581,GMADA,1110106000,7,ENV,2026-02-11 00:00:00,S,0,132,38750.0,,,,,0,0,,C,S,2026-02-11 08:39:23,,,,1,N
2026,1,651,583,GMADA,1110106000,7,ACCSOC,2026-02-11 00:00:00,S,0,110,2470000.0,,,,,0,0,,C,S,2026-02-11 08:57:24,,,,1,N
2026,1,654,590,GMADA,1110109000,13,DEP,2026-02-11 00:00:00,S,0,110,4800.0,,,,,0,0,,C,S,2026-02-11 09:39:39,,,,1,N
2026,1,655,606,GMADA,1110111000,3,CAS,2026-02-11 00:00:00,S,0,131,820000.0,,,,,0,0,,C,S,2026-02-11 09:41:50,,,,1,N
2026,1,656,604,GMADA,1110118000,25,DECI,2026-02-11 00:00:00,S,0,110,64146.0,,,,,0,0,,C,S,2026-02-11 09:44:19,,,,1,N
2026,1,657,599,GMADA,1110118000,25,000SU,2026-02-11 00:00:00,S,0,110,78000.0,,,,,0,0,,C,S,2026-02-11 10:00:19,,,,1,N
2026,1,658,597,GMADA,1110118000,25,DECI,2026-02-11 00:00:00,S,0,110,563612.0,,,,,0,0,,C,S,2026-02-11 10:55:13,,,,1,N
2026,1,659,596,GMADA,1110118000,25,000SU,2026-02-11 00:00:00,S,0,110,161600.0,,,,,0,0,,C,S,2026-02-11 10:55:33,,,,1,N
2026,1,660,595,GMADA,1110118000,25,000SU,2026-02-11 00:00:00,S,0,110,163971.0,,,,,0,0,,C,S,2026-02-11 10:57:24,,,,1,N
2026,1,661,594,GMADA,1110118000,25,000SU,2026-02-11 00:00:00,S,0,110,65000.0,,,,,0,0,,C,S,2026-02-11 10:58:18,,,,1,N
2026,1,662,575,GMADA,1110118000,25,18C,2026-02-11 00:00:00,S,0,110,24550.0,,,,,0,0,,C,S,2026-02-11 10:59:05,,,,1,N
2026,1,663,569,GMADA,1110111000,3,CAS,2026-02-11 00:00:00,A,614,131,-127500.0,,,,,0,0,,N,S,2026-02-11 11:00:58,,,,0,N
2026,1,664,569,GMADA,1110111000,3,CAS,2026-02-11 00:00:00,S,0,131,1275000.0,,,,,0,0,,C,S,2026-02-11 11:07:47,,,,2,N
2026,1,929,641,GMADA,1110103000,3,OPP,2026-03-05 00:00:00,A,667,110,-14400000.0,,,,,0,0,,N,S,2026-03-05 08:05:12,,,,0,N
2026,1,930,891,GMADA,1110104000,5,HOSP,2026-03-05 00:00:00,S,0,131,766400.0,,,,,0,0,,C,S,2026-03-05 08:25:20,,,,1,N
2026,1,931,868,GMADA,1110104000,5,FARM,2026-03-05 00:00:00,S,0,131,7172480.0,,,,,0,0,,C,S,2026-03-05 08:26:04,,,,1,N
2026,1,932,895,GMADA,1110104000,5,LAB,2026-03-05 00:00:00,S,0,131,1330541.03,,,,,0,0,,C,S,2026-03-05 08:27:58,,,,1,N
2026,1,933,893,GMADA,1110104000,5,HOGANC,2026-03-05 00:00:00,S,0,131,6500.0,,,,,0,0,,C,S,2026-03-05 08:32:38,,,,1,N
2026,1,934,892,GMADA,1110104000,5,HOGANC,2026-03-05 00:00:00,S,0,131,6000.0,,,,,0,0,,C,S,2026-03-05 08:33:05,,,,1,N
2026,1,935,924,GMADA,1110111000,3,CAS,2026-03-05 00:00:00,S,0,131,959710.0,,,,,0,0,,C,S,2026-03-05 08:36:34,,,,2,N
2026,1,936,834,GMADA,1110112000,19,CONTRA,2026-03-05 00:00:00,S,0,110,30121.0,,,,,0,0,,C,S,2026-03-05 08:37:09,,,,1,N
2026,1,937,795,GMADA,1110104000,5,CAPSN,2026-03-05 00:00:00,S,0,131,287777.01,,,,,0,0,,C,S,2026-03-05 08:38:52,,,,1,N
2026,1,938,798,GMADA,1110104000,5,CONEX,2026-03-05 00:00:00,S,0,131,191750.12,,,,,0,0,,C,S,2026-03-05 08:43:53,,,,1,N
2026,1,939,851,GMADA,1110104000,5,HOSP,2026-03-05 00:00:00,S,0,131,6160000.0,,,,,0,0,,C,S,2026-03-05 08:47:05,,,,1,N
2026,1,940,800,GMADA,1110104000,5,INTER,2026-03-05 00:00:00,S,0,131,203339.51,,,,,0,0,,C,S,2026-03-05 08:48:08,,,,1,N
2026,1,941,804,GMADA,1110104000,5,FARM,2026-03-05 00:00:00,S,0,131,3942134.28,,,,,0,0,,C,S,2026-03-05 08:49:07,,,,1,N
2026,1,942,788,GMADA,1110118000,25,000SU,2026-03-05 00:00:00,S,0,110,39840000.0,,,,,0,0,,C,S,2026-03-05 08:49:29,,,,1,N
2026,1,943,837,GMADA,1110104000,5,INTER,2026-03-05 00:00:00,S,0,131,90600.0,,,,,0,0,,C,S,2026-03-05 08:50:47,,,,1,N
2026,1,944,835,GMADA,1110104000,5,LAB,2026-03-05 00:00:00,S,0,131,89507.56,,,,,0,0,,C,S,2026-03-05 08:51:48,,,,1,N
2026,1,945,860,GMADA,1110104000,5,LAB,2026-03-05 00:00:00,S,0,131,2833657.09,,,,,0,0,,C,S,2026-03-05 08:53:56,,,,1,N
2026,1,946,859,GMADA,1110104000,5,HOSP,2026-03-05 00:00:00,S,0,131,231400.0,,,,,0,0,,C,S,2026-03-05 08:54:51,,,,1,N
2026,1,947,858,GMADA,1110104000,5,HOGANC,2026-03-05 00:00:00,S,0,131,1523303.0,,,,,0,0,,C,S,2026-03-05 08:55:47,,,,1,N
2026,1,948,857,GMADA,1110104000,5,COC,2026-03-05 00:00:00,S,0,131,14400.0,,,,,0,0,,C,S,2026-03-05 08:57:30,,,,1,N
2026,1,949,856,GMADA,1110104000,5,HOGANC,2026-03-05 00:00:00,S,0,131,58800.0,,,,,0,0,,C,S,2026-03-05 08:59:10,,,,1,N
2026,1,950,853,GMADA,1110104000,5,FARM,2026-03-05 00:00:00,S,0,131,4495905.85,,,,,0,0,,C,S,2026-03-05 09:00:57,,,,1,N
2026,1,951,848,GMADA,1110104000,5,FARM,2026-03-05 00:00:00,S,0,131,287048.13,,,,,0,0,,C,S,2026-03-05 09:01:20,,,,1,N
2026,1,952,718,GMADA,1110104000,5,FARM,2026-03-05 00:00:00,S,0,131,3048039.07,,,,,0,0,,C,S,2026-03-05 09:02:04,,,,1,N
2026,1,953,823,GMADA,1110104000,5,HOSP,2026-03-05 00:00:00,S,0,131,78549.86,,,,,0,0,,C,S,2026-03-05 09:02:59,,,,1,N
2026,1,954,828,GMADA,1110104000,5,TERINT,2026-03-05 00:00:00,S,0,131,35900.0,,,,,0,0,,C,S,2026-03-05 09:03:58,,,,1,N
2026,1,955,829,GMADA,1110104000,5,HOSP,2026-03-05 00:00:00,S,0,131,94000.0,,,,,0,0,,C,S,2026-03-05 09:04:58,,,,1,N
2026,1,956,826,GMADA,1110104000,5,HOSP,2026-03-05 00:00:00,S,0,131,151950.0,,,,,0,0,,C,S,2026-03-05 09:06:02,,,,1,N
2026,1,957,830,GMADA,1110104000,11,BROM,2026-03-05 00:00:00,S,0,110,282740.0,,,,,0,0,,C,S,2026-03-05 09:07:08,,,,1,N
2026,1,958,854,GMADA,1110118000,25,DECI,2026-03-05 00:00:00,S,0,110,27900.0,,,,,0,0,,C,S,2026-03-05 09:07:57,,,,1,N
2026,1,959,846,GMADA,1110106000,7,ACCSOC,2026-03-05 00:00:00,S,0,110,13000.0,,,,,0,0,,C,S,2026-03-05 09:08:31,,,,1,N
2026,1,960,839,GMADA,1110103000,3,OPP,2026-03-05 00:00:00,S,0,110,65000.0,,,,,0,0,,C,S,2026-03-05 09:09:23,,,,1,N
2026,1,961,847,GMADA,1110106000,7,GRAN,2026-03-05 00:00:00,S,0,110,9700.0,,,,,0,0,,C,S,2026-03-05 09:10:03,,,,1,N
2026,1,962,861,GMADA,1110112000,19,INGPUB,2026-03-05 00:00:00,S,0,110,250000.0,,,,,0,0,,C,S,2026-03-05 09:10:36,,,,1,N
2026,1,963,799,GMADA,1110104000,5,LAV,2026-03-05 00:00:00,S,0,131,244535.63,,,,,0,0,,C,S,2026-03-05 09:11:25,,,,1,N
2026,1,964,833,GMADA,1110104000,5,FARM,2026-03-05 00:00:00,S,0,131,5073395.0,,,,,0,0,,C,S,2026-03-05 09:12:27,,,,1,N
2026,1,965,935,GMADA,1110104000,5,QUI,2026-03-05 00:00:00,S,0,131,27520000.0,,,,,0,0,,N,S,2026-03-05 10:15:31,,,,1,N
2026,1,966,918,GMADA,1110103000,3,OPP,2026-03-05 00:00:00,S,0,132,7900000.0,,,,,0,0,,C,S,2026-03-05 10:45:35,,,,2,N
2026,1,967,919,GMADA,1110106000,7,ACCSOC,2026-03-05 00:00:00,S,0,131,2723827.2,,,,,0,0,,C,S,2026-03-05 10:51:17,,,,1,N
2026,1,968,936,GMADA,1110105000,6,CULTUR,2026-03-05 00:00:00,S,0,132,2723.33,,,,,0,0,,A,S,2026-03-05 10:51:53,2026-03-13 08:32:45,ERROR,,1,N
2026,1,1057,991,GMADA,1110104000,5,COC,2026-03-11 00:00:00,S,0,131,3270700.0,,,,,0,0,,C,S,2026-03-11 07:55:13,,,,1,N
2026,1,1058,994,GMADA,1110108000,14,PROD,2026-03-11 00:00:00,S,0,110,800000.0,,,,,0,0,,C,S,2026-03-11 07:55:33,,,,2,N
2026,1,1059,1005,GMADA,1110104000,5,HOSP,2026-03-11 00:00:00,S,0,131,6209745.0,,,,,0,0,,C,S,2026-03-11 07:57:01,,,,1,N
2026,1,1060,999,GMADA,1110104000,5,COC,2026-03-11 00:00:00,S,0,131,60300.0,,,,,0,0,,C,S,2026-03-11 07:57:43,,,,1,N
2026,1,1061,974,GMADA,1110104000,5,LAB,2026-03-11 00:00:00,S,0,131,2698667.97,,,,,0,0,,C,S,2026-03-11 07:59:32,,,,1,N
2026,1,1062,1004,GMADA,1110104000,5,FARM,2026-03-11 00:00:00,S,0,131,6879680.0,,,,,0,0,,C,S,2026-03-11 08:01:25,,,,1,N
2026,1,1063,1002,GMADA,1110104000,5,LAB,2026-03-11 00:00:00,S,0,131,921363.49,,,,,0,0,,C,S,2026-03-11 08:03:31,,,,1,N
2026,1,1064,1006,GMADA,1110104000,5,SALA I,2026-03-11 00:00:00,S,0,131,100000.0,,,,,0,0,,C,S,2026-03-11 08:04:27,,,,1,N
2026,1,1065,987,GMADA,1110104000,5,COC,2026-03-11 00:00:00,S,0,131,13000.0,,,,,0,0,,C,S,2026-03-11 08:04:44,,,,1,N
2026,1,1066,986,GMADA,1110104000,5,HOSP,2026-03-11 00:00:00,S,0,131,203112.0,,,,,0,0,,C,S,2026-03-11 08:06:26,,,,1,N
2026,1,1067,1000,GMADA,1110113000,20,SECSEG,2026-03-11 00:00:00,S,0,110,158560.0,,,,,0,0,,C,S,2026-03-11 08:06:44,,,,1,N
2026,1,1068,1003,GMADA,1110113000,20,SECSEG,2026-03-11 00:00:00,S,0,110,291600.0,,,,,0,0,,C,S,2026-03-11 08:10:21,,,,1,N
2026,1,1069,998,GMADA,1110113000,20,SECSEG,2026-03-11 00:00:00,S,0,110,467800.0,,,,,0,0,,C,S,2026-03-11 08:12:06,,,,1,N
2026,1,829,803,GMADA,1110106000,7,JARD,2026-02-25 00:00:00,S,0,132,1075000.0,,,,,0,0,,C,S,2026-02-25 09:26:31,,,,1,N
2026,1,830,809,GMADA,1110106000,7,ACCSOC,2026-02-25 00:00:00,S,0,132,200000.0,,,,,0,0,,C,S,2026-02-25 09:37:42,,,,1,N
2026,1,831,763,GMADA,1110113000,20,SECSEG,2026-02-25 00:00:00,S,0,110,225000.0,,,,,0,0,,C,S,2026-02-25 10:26:12,,,,1,N
2026,1,832,764,GMADA,1110113000,20,SECSEG,2026-02-25 00:00:00,S,0,110,5838.0,,,,,0,0,,C,S,2026-02-25 10:27:12,,,,1,N
2026,1,833,819,GMADA,1110108000,14,PROD,2026-02-25 00:00:00,S,0,110,120000.0,,,,,0,0,,C,S,2026-02-25 10:48:49,,,,1,N
2026,1,834,751,GMADA,1110118000,25,000SU,2026-02-25 00:00:00,A,779,110,-1957867.6,,,,,0,0,,N,S,2026-02-25 11:39:48,,,,0,N
2026,1,835,751,GMADA,1110118000,25,000SU,2026-02-25 00:00:00,S,0,110,1977927.97,,,,,0,0,,C,S,2026-02-25 11:47:25,,,,2,N
2026,1,836,814,GMADA,1110104000,5,COC,2026-02-25 00:00:00,S,0,131,1081796.0,,,,,0,0,,C,S,2026-02-25 12:14:03,,,,1,N
2026,1,837,832,GMADA,1110104000,5,HOSP,2026-02-25 00:00:00,S,0,131,833000.0,,,,,0,0,,C,S,2026-02-25 12:23:55,,,,2,N
2026,1,838,815,GMADA,1110104000,5,COC,2026-02-25 00:00:00,S,0,131,411147.0,,,,,0,0,,A,S,2026-02-25 12:26:32,2026-02-26 09:01:50,ERROR,,1,N
2026,1,892,889,GMADA,1110105000,6,CULTUR,2026-03-03 00:00:00,S,0,110,500000.0,,,,,0,0,,C,S,2026-03-03 10:05:33,,,,2,N
2026,1,893,875,GMADA,1110105000,6,CASA,2026-03-03 00:00:00,S,0,110,74572.88,,,,,0,0,,C,S,2026-03-03 10:15:05,,,,1,N
2026,1,894,881,GMADA,1110104000,5,FARM,2026-03-03 00:00:00,S,0,131,4900407.05,,,,,0,0,,C,S,2026-03-03 11:28:27,,,,1,N
2026,1,895,879,GMADA,1110104000,5,INTER,2026-03-03 00:00:00,S,0,131,495800.0,,,,,0,0,,C,S,2026-03-03 11:32:15,,,,1,N
2026,1,896,878,GMADA,1110104000,5,HOSP,2026-03-03 00:00:00,S,0,131,131969.53,,,,,0,0,,C,S,2026-03-03 11:33:39,,,,1,N
2026,1,897,877,GMADA,1110104000,5,QUI,2026-03-03 00:00:00,S,0,131,19000.0,,,,,0,0,,C,S,2026-03-03 11:36:51,,,,2,N
2026,1,898,894,GMADA,1110108000,14,PROD,2026-03-03 00:00:00,S,0,110,400000.0,,,,,0,0,,C,S,2026-03-03 11:38:52,,,,2,N
2026,1,899,873,GMADA,1110104000,5,COC,2026-03-03 00:00:00,S,0,131,561250.0,,,,,0,0,,C,S,2026-03-03 11:39:57,,,,1,N
2026,1,900,872,GMADA,1110104000,5,HOGANC,2026-03-03 00:00:00,S,0,131,50800.0,,,,,0,0,,C,S,2026-03-03 11:41:16,,,,1,N
2026,1,901,871,GMADA,1110104000,5,HOGANC,2026-03-03 00:00:00,S,0,131,36000.0,,,,,0,0,,C,S,2026-03-03 11:44:08,,,,1,N
2026,1,902,870,GMADA,1110104000,5,COC,2026-03-03 00:00:00,S,0,131,1302038.0,,,,,0,0,,C,S,2026-03-03 11:44:48,,,,1,N
2026,1,903,869,GMADA,1110104000,5,HOGANC,2026-03-03 00:00:00,S,0,131,102810.0,,,,,0,0,,C,S,2026-03-03 11:46:01,,,,1,N
2026,1,904,883,GMADA,1110101000,1,INT,2026-03-03 00:00:00,S,0,110,1575.0,,,,,0,0,,C,S,2026-03-03 11:47:15,,,,1,N
2026,1,905,888,GMADA,1110111000,3,CAS,2026-03-03 00:00:00,S,0,131,73222.35,,,,,0,0,,C,S,2026-03-03 11:48:05,,,,1,N
2026,1,906,841,GMADA,1110104000,5,COC,2026-03-03 00:00:00,S,0,131,310500.0,,,,,0,0,,C,S,2026-03-03 11:48:59,,,,1,N
2026,1,907,845,GMADA,1110106000,7,ACCSOC,2026-03-03 00:00:00,S,0,132,8042585.0,,,,,0,0,,C,S,2026-03-03 11:50:57,,,,1,N
2026,1,908,866,GMADA,1110111000,3,CAS,2026-03-03 00:00:00,S,0,131,1109000.0,,,,,0,0,,C,S,2026-03-03 11:55:02,,,,1,N
2026,1,909,753,GMADA,1110105000,6,TURIS,2026-03-03 00:00:00,S,0,110,45000.0,,,,,0,0,,C,S,2026-03-03 11:55:55,,,,1,N
2026,1,910,752,GMADA,1110105000,6,TURIS,2026-03-03 00:00:00,S,0,110,15820.0,,,,,0,0,,C,S,2026-03-03 11:59:49,,,,1,N
2026,1,911,865,GMADA,1110101000,1,INT,2026-03-03 00:00:00,S,0,110,18000.0,,,,,0,0,,C,S,2026-03-03 12:00:43,,,,1,N
2026,1,912,749,GMADA,1110105000,6,TURIS,2026-03-03 00:00:00,S,0,110,7000.0,,,,,0,0,,C,S,2026-03-03 12:01:26,,,,1,N
2026,1,913,890,GMADA,1110105000,6,CULTUR,2026-03-03 00:00:00,S,0,110,1925000.0,,,,,0,0,,C,S,2026-03-03 12:09:59,,,,2,N
2026,1,914,874,GMADA,1110118000,25,000SU,2026-03-03 00:00:00,S,0,132,8000000.0,,,,,0,0,,C,S,2026-03-03 12:10:49,,,,1,N
2026,1,915,884,GMADA,1110106000,7,JARD,2026-03-03 00:00:00,S,0,132,68767.02,,,,,0,0,,C,S,2026-03-03 12:12:01,,,,3,N
2026,1,916,886,GMADA,1110106000,7,ACCSOC,2026-03-03 00:00:00,S,0,132,2187500.0,,,,,0,0,,C,S,2026-03-03 12:14:43,,,,1,N
2026,1,923,915,GMADA,1110109000,13,DEP,2026-03-05 00:00:00,S,0,110,140000.0,,,,,0,0,,A,S,2026-03-05 08:00:52,2026-03-09 09:35:31,ERROR,,1,N
2026,1,924,914,GMADA,1110109000,13,DEP,2026-03-05 00:00:00,S,0,110,42550.0,,,,,0,0,,C,S,2026-03-05 08:01:57,,,,1,N
2026,1,925,908,GMADA,1110105000,6,CULTUR,2026-03-05 00:00:00,S,0,110,250000.0,,,,,0,0,,A,S,2026-03-05 08:02:18,2026-03-10 11:04:12,ERROR,,1,N
2026,1,926,904,GMADA,1110118000,25,000SU,2026-03-05 00:00:00,S,0,110,60834.34,,,,,0,0,,C,S,2026-03-05 08:03:14,,,,1,N
2026,1,927,906,GMADA,1110118000,25,000SU,2026-03-05 00:00:00,S,0,110,671000.0,,,,,0,0,,C,S,2026-03-05 08:04:04,,,,2,N
2026,1,928,907,GMADA,1110118000,25,000SU,2026-03-05 00:00:00,S,0,110,2884844.92,,,,,0,0,,C,S,2026-03-05 08:04:56,,,,1,N
2026,1,1070,943,GMADA,1110113000,20,SECSEG,2026-03-11 00:00:00,S,0,110,3029100.0,,,,,0,0,,C,S,2026-03-11 08:17:51,,,,1,N
2026,1,1071,1007,GMADA,1110105000,6,TURIS,2026-03-11 00:00:00,S,0,110,95000.0,,,,,0,0,,C,S,2026-03-11 08:20:18,,,,1,N
2026,1,1072,1020,GMADA,1110102000,2,GOBHAC,2026-03-11 00:00:00,S,0,110,800000.0,,,,,0,0,,C,S,2026-03-11 10:50:31,,,,2,N
2026,1,969,958,GMADA,1110105000,6,CULTUR,2026-03-06 00:00:00,S,0,110,500000.0,,,,,0,0,,C,S,2026-03-06 08:47:58,,,,2,N
2026,1,970,954,GMADA,1110104000,5,HOSP,2026-03-06 00:00:00,S,0,131,43000.0,,,,,0,0,,C,S,2026-03-06 09:28:28,,,,1,N
2026,1,971,922,GMADA,1110108000,14,PROD,2026-03-06 00:00:00,S,0,110,1350000.0,,,,,0,0,,C,S,2026-03-06 09:48:22,,,,1,N
2026,1,973,967,GMADA,1110118000,25,000SU,2026-03-06 00:00:00,S,0,110,3000000.0,,,,,0,0,,C,S,2026-03-06 11:11:47,,,,2,N
