COD_PROV,CODIGO,COD_SUBRUBRO
1,11,1
1,11,2
1,11,3
1,11,4
2,78,1
3,7,2
3,11,1
3,11,4
4,23,7
5,1,11
5,2,1
5,2,4
5,3,1
5,3,5
5,4,2
5,4,5
5,5,1
6,11,1
7,38,5
7,38,6
8,23,4
8,23,7
9,1,3
9,1,4
10,11,1
10,23,7
11,11,1
11,14,1
12,40,3
13,7,1
13,7,2
13,11,1
13,11,4
14,16,1
15,4,2
15,4,3
15,4,6
15,4,9
17,22,3
18,14,1
18,40,3
19,6,1
20,39,1
20,51,2
21,11,1
22,17,1
23,3,3
24,45,2
25,14,1
25,203,1
26,7,1
26,7,2
28,6,1
29,40,1
30,13,2
30,13,3
31,142,1
32,51,1
32,51,2
32,51,3
32,51,4
32,51,5
32,51,6
33,41,1
34,46,1
35,116,1
36,13,1
36,13,2
36,13,3
37,7,1
37,7,2
38,7,1
38,7,2
39,14,1
40,45,1
41,254,1
42,116,1
43,204,1
44,4,2
45,45,1
46,11,1
46,45,1
47,1,11
47,3,1
47,3,2
47,3,3
47,3,4
47,3,5
47,3,6
48,6,1
48,6,2
48,243,1
49,105,1
50,16,1
50,16,2
50,16,3
50,16,4
50,16,5
50,16,6
50,16,7
51,99,1
52,99,1
53,38,3
53,38,4
53,38,5
53,38,6
54,215,1
55,11,2
55,14,1
55,33,1
56,11,3
56,58,1
57,2,2
57,38,5
57,38,6
58,51,5
59,8,2
59,8,3
59,8,4
60,124,1
61,113,1
62,204,1
63,16,1
63,16,2
63,16,3
63,16,4
63,16,5
64,51,2
65,207,1
66,104,1
66,458,1
67,58,7
68,452,1
69,499,1
70,83,1
71,6,1
71,6,2
72,2,1
72,2,2
72,2,3
72,2,4
73,2,1
73,2,2
73,2,4
73,2,5
74,4,1
74,4,4
74,4,5
74,4,9
74,4,14
75,16,1
75,16,3
75,16,5
76,17,1
77,51,2
78,16,1
78,16,3
79,51,2
80,16,1
80,16,3
80,16,4
80,16,5
81,51,2
82,51,2
83,19,1
83,45,1
84,16,1
85,19,1
85,19,2
85,19,3
85,19,4
86,107,1
86,206,1
86,321,1
87,51,2
88,51,2
89,51,2
89,84,1
90,1,11
91,14,1
91,45,1
92,58,4
93,99,1
94,38,4
94,38,5
95,147,1
96,16,1
97,14,1
98,6,1
98,16,1
99,214,1
101,19,1
101,19,2
101,208,1
102,1,10
102,34,2
103,1,1
103,1,9
103,1,11
103,243,1
103,843,1
104,207,1
105,209,1
106,58,1
107,1,7
108,13,1
109,7,1
110,46,1
112,40,2
113,210,1
114,92,1
115,85,1
116,38,6
117,2,1
117,2,2
117,2,4
117,2,5
118,207,1
119,65,4
120,207,1
121,13,2
122,38,3
122,38,6
123,21,1
125,51,2
126,211,1
127,85,1
127,213,1
128,2,1
128,2,2
128,2,4
128,2,5
129,8,1
130,45,1
131,11,2
132,205,1
133,84,1
134,84,1
135,242,1
136,58,1
137,1,6
138,251,1
139,45,1
140,11,3
141,17,1
142,45,1
143,41,1
144,96,1
145,7,1
146,58,14
147,1,3
148,13,1
149,38,3
149,38,5
150,13,1
151,14,1
152,113,1
153,84,1
154,84,1
155,223,1
156,49,1
157,16,1
157,16,3
157,16,5
158,84,1
159,14,1
160,21,1
161,58,1
162,21,1
163,11,2
163,202,1
164,126,1
165,1,1
165,1,6
165,1,7
165,1,8
165,1,9
165,1,10
165,1,11
165,3,1
165,3,2
165,3,3
165,3,4
165,3,5
166,5,1
166,5,2
167,1,4
168,2,1
168,2,2
168,2,3
168,2,4
168,2,5
169,3,1
169,3,2
169,3,3
169,3,4
169,3,5
169,3,6
170,1,3
171,9,2
171,9,4
171,9,5
171,9,6
171,225,1
172,58,2
173,29,1
174,38,4
175,84,1
176,45,1
177,30,1
177,30,2
177,30,3
177,30,4
178,58,14
179,58,14
180,4,4
180,4,5
180,4,8
180,4,10
181,242,1
182,4,8
182,4,12
183,58,13
184,16,6
185,14,1
186,58,2
186,214,1
187,58,1
187,58,5
188,46,4
188,46,5
189,107,1
190,58,1
191,45,1
192,11,2
193,40,3
193,40,4
194,16,6
195,9,2
195,9,4
195,9,6
196,124,1
197,16,6
198,3,1
199,2,2
199,2,5
200,4,2
201,40,1
202,58,1
203,1,3
203,1,11
204,14,1
205,13,1
205,13,3
206,105,1
207,1,6
208,177,1
209,1,6
209,1,11
210,45,1
211,45,1
212,45,1
213,45,1
214,45,1
215,4,14
216,3,3
217,19,1
217,19,2
217,19,3
217,19,4
218,2,1
218,2,4
219,45,1
220,58,1
221,14,1
222,16,1
223,84,1
224,2,3
224,13,3
225,2,1
225,2,2
225,2,4
225,2,5
226,124,1
227,8,4
228,30,4
229,45,1
230,78,1
231,113,1
232,11,1
233,7,1
233,7,2
234,11,3
235,3,2
235,3,3
236,84,1
237,29,1
238,113,1
239,45,1
240,29,1
241,215,1
242,2,1
242,2,2
242,2,3
242,2,4
242,2,5
243,19,1
243,19,2
243,19,3
243,19,4
243,34,1
243,34,2
243,34,3
243,34,4
243,34,5
244,77,1
245,58,1
246,14,1
247,84,1
248,19,1
248,19,2
248,19,3
248,19,4
249,45,1
250,84,1
251,16,1
252,11,1
252,11,2
252,14,1
253,24,1
254,13,1
254,13,2
254,13,3
255,318,1
256,38,5
256,38,6
257,6,1
257,6,2
258,243,1
259,23,4
259,23,7
260,224,1
261,1,3
262,38,6
262,38,8
263,23,4
263,23,7
264,45,2
265,9,7
266,19,1
266,19,2
266,19,3
266,19,4
267,84,1
268,84,1
269,4,9
269,4,12
269,4,16
270,45,1
271,130,1
272,1,6
273,16,1
274,23,7
275,29,1
276,45,1
277,29,1
278,113,1
278,210,1
279,204,1
279,210,1
279,375,1
280,38,6
281,58,1
282,30,4
282,240,1
283,58,1
283,58,4
284,58,1
285,84,1
286,73,2
287,65,1
288,84,1
289,84,1
290,242,1
291,27,2
292,22,1
293,84,1
294,45,1
295,477,1
296,92,1
297,30,3
298,13,3
299,207,1
300,17,1
301,1,9
302,8,2
303,125,1
304,84,1
305,1,7
306,216,1
307,126,1
308,58,1
309,131,1
310,4,8
311,14,1
312,113,1
313,7,1
313,302,1
313,312,1
314,14,1
315,41,1
316,19,1
317,34,4
318,40,1
319,85,1
320,84,1
321,84,1
322,230,1
323,74,1
324,58,7
325,218,1
326,102,1
327,11,3
328,13,1
328,13,2
328,13,3
329,29,1
330,34,4
331,126,1
332,16,1
333,14,1
334,8,4
335,58,7
336,3,2
337,6,1
338,207,1
339,45,1
340,207,1
341,58,1
342,45,10
343,4,8
344,156,1
345,84,1
346,84,1
347,224,1
348,88,1
349,143,1
350,251,1
351,16,1
351,375,1
352,1,3
352,1,7
352,1,11
353,7,1
354,16,6
355,58,11
356,16,6
357,450,1
358,16,1
359,16,6
360,126,1
360,207,1
361,11,1
361,23,7
362,14,1
363,12,1
364,135,1
365,138,1
366,124,1
367,84,1
368,93,1
369,24,2
370,58,14
371,17,1
371,210,1
372,1,1
372,1,2
372,1,3
372,1,4
372,1,6
372,1,7
372,1,8
372,1,10
372,1,11
373,9,2
373,9,4
373,9,5
373,9,6
374,45,1
375,84,1
376,8,1
376,8,3
376,8,4
377,300,1
378,45,1
379,16,1
380,1,8
381,16,1
382,38,7
383,29,1
384,16,1
385,29,1
386,13,1
386,13,2
386,13,3
387,73,1
387,73,2
388,45,1
389,24,2
390,40,5
391,1,7
392,13,3
393,21,1
393,21,2
393,21,3
393,21,4
394,17,1
395,165,1
396,1,11
397,58,21
398,124,1
399,124,1
400,105,1
401,84,1
402,84,1
403,113,1
404,58,7
405,6,1
406,1,3
406,1,4
407,14,1
408,203,1
409,16,1
410,14,1
411,124,1
412,65,1
412,267,1
413,215,1
414,16,6
415,224,1
416,31,1
417,1,11
417,3,1
418,16,1
419,13,1
419,13,2
419,13,3
420,224,1
421,27,1
421,27,2
421,27,3
421,27,4
422,89,1
423,38,4
424,99,1
425,124,1
426,45,3
426,45,8
427,4,1
427,4,3
428,6,1
428,23,8
428,81,1
429,124,1
429,224,1
430,241,1
431,2,1
431,2,2
431,2,3
431,2,4
431,2,5
433,16,1
434,1,1
434,1,2
434,1,4
434,352,1
435,99,1
436,215,1
437,21,4
438,33,1
439,161,1
440,161,1
441,2,1
441,2,2
441,2,4
441,2,5
442,21,1
442,21,2
442,21,3
443,8,1
444,6,1
444,6,2
445,7,1
445,7,2
446,1,3
446,1,4
446,1,7
446,1,11
447,17,1
447,17,2
448,115,1
449,73,1
449,73,2
450,56,1
451,58,1
452,8,1
452,8,4
453,38,7
454,14,1
455,11,3
456,38,7
457,14,1
458,84,1
459,45,1
460,38,4
461,45,1
462,214,1
463,14,1
464,58,1
465,21,1
465,84,1
466,41,1
467,1,3
468,138,1
469,1,10
470,104,1
470,126,1
471,2,1
471,2,2
471,2,4
472,38,7
473,14,1
474,280,1
475,16,2
476,65,1
477,58,1
478,45,1
479,306,1
480,16,6
481,161,1
482,38,7
483,116,1
484,6,1
485,124,1
486,124,1
487,84,1
488,48,1
489,162,1
490,48,1
491,2,1
491,2,2
491,2,3
491,2,4
491,2,5
492,48,1
493,58,1
494,161,1
495,221,1
496,58,1
497,7,1
497,7,2
497,7,3
498,135,1
499,16,1
500,40,1
500,40,2
500,40,3
500,40,4
500,40,5
500,40,6
501,14,1
502,147,1
503,170,1
504,225,1
505,128,1
506,122,1
507,84,1
508,58,1
509,96,1
509,200,1
510,269,1
512,216,1
513,58,1
514,215,1
515,178,1
516,58,14
517,27,1
517,27,2
517,27,3
517,27,4
518,38,3
519,85,1
520,45,1
520,45,2
520,45,3
520,45,4
520,45,5
520,45,6
520,45,7
520,45,8
520,45,9
520,45,10
520,45,11
520,45,12
521,45,1
521,45,3
522,27,1
522,27,2
522,27,3
522,27,4
523,9,1
523,9,2
523,9,3
523,9,4
523,9,5
523,9,6
524,14,1
525,3,1
526,38,3
526,38,5
526,38,6
527,54,1
527,248,1
528,14,1
529,124,1
529,243,1
530,251,1
531,6,1
531,6,2
532,16,2
533,33,1
534,3,1
535,84,1
536,113,1
537,16,1
537,16,2
537,16,3
537,16,4
537,16,5
537,16,6
537,16,7
538,16,1
539,224,1
540,133,1
541,58,14
542,58,1
543,9,1
543,9,2
543,9,3
543,9,4
543,9,5
543,9,6
543,9,7
543,58,1
544,224,1
545,27,1
545,27,2
545,27,3
545,27,4
546,207,1
547,58,1
548,8,1
548,8,2
548,8,3
548,8,4
548,8,5
549,58,1
550,137,1
551,104,1
551,126,1
551,244,1
552,107,1
553,13,1
554,13,2
555,13,1
556,99,1
557,84,1
558,254,1
559,88,1
560,16,4
561,38,5
561,38,6
562,224,1
563,58,1
564,84,1
565,58,1
566,159,1
567,46,3
567,46,4
567,46,7
567,224,1
568,9,4
569,84,1
570,14,1
570,151,1
571,4,1
571,4,6
572,63,1
572,148,1
572,474,1
573,58,1
574,84,1
575,46,1
575,46,4
575,46,9
576,49,1
577,51,1
577,51,2
577,51,3
577,51,4
577,51,5
577,51,6
578,14,1
579,6,1
579,6,2
580,58,1
581,207,1
582,65,1
583,93,1
584,218,1
585,84,1
586,2,1
586,2,2
586,2,3
586,2,4
586,2,5
587,247,1
588,58,1
589,207,1
590,58,2
590,214,1
591,34,1
591,34,2
592,23,1
592,23,3
592,23,8
592,96,1
592,200,1
593,65,1
594,113,1
595,58,1
596,110,1
596,200,1
597,97,1
597,254,1
598,58,1
599,118,1
600,58,1
601,58,4
602,14,1
603,4,7
603,4,9
604,14,1
605,223,1
606,113,1
606,130,1
607,65,1
608,105,1
609,14,1
610,226,1
610,286,1
611,122,1
612,13,3
613,29,1
614,14,1
615,113,1
616,84,1
617,8,4
618,58,1
619,14,1
620,58,1
621,2,1
621,2,2
621,2,3
621,2,4
621,2,5
622,11,1
622,11,2
622,14,1
623,58,1
623,58,14
624,58,4
625,161,1
626,19,1
626,19,2
626,19,3
626,19,4
626,104,1
627,107,1
628,23,1
629,40,1
630,9,5
631,16,5
631,16,6
632,84,1
633,84,1
634,8,1
634,8,2
634,8,4
634,108,1
635,38,6
636,174,1
637,84,1
638,14,1
639,57,1
640,224,1
641,113,1
642,84,1
643,168,1
644,135,1
645,109,1
646,215,1
647,49,1
648,58,1
649,230,1
650,224,1
651,224,1
652,135,1
653,12,1
654,301,1
655,5,1
656,11,2
657,3,1
657,3,2
657,3,3
657,3,4
657,3,5
657,3,6
658,58,1
659,207,1
660,38,7
661,58,1
662,210,1
663,215,1
664,126,1
665,29,1
666,1,11
666,6,1
666,16,1
666,16,2
666,16,3
666,16,4
666,16,5
666,16,6
666,16,7
666,93,1
666,204,1
667,1,6
668,155,1
669,55,1
670,51,1
670,51,2
670,51,3
670,51,4
670,51,5
670,51,6
670,58,1
671,326,1
672,27,1
672,27,2
672,27,3
672,27,4
673,14,1
674,73,1
674,73,2
675,51,3
676,2,1
676,2,2
676,2,4
676,2,5
676,475,1
677,105,1
677,143,1
678,24,1
678,97,1
678,102,1
679,52,1
680,58,1
681,29,1
682,96,1
682,110,1
682,200,1
683,4,1
683,4,5
683,4,9
683,4,10
684,58,1
685,107,1
686,248,1
687,63,1
688,186,1
689,203,1
690,48,1
691,58,1
692,1,10
693,48,1
694,84,1
695,48,1
696,105,1
697,108,1
698,254,1
699,58,1
700,2,1
700,2,2
700,2,3
700,2,4
700,2,5
701,46,1
701,46,3
701,46,4
702,4,1
703,65,1
704,58,2
705,2,1
705,2,2
705,2,3
705,2,4
705,2,5
706,274,1
707,41,1
708,58,1
709,1,3
710,84,1
711,58,1
712,1,1
712,1,2
712,1,3
712,1,4
712,1,6
712,1,7
712,1,9
712,1,10
712,1,11
713,262,1
714,65,1
715,116,1
716,14,1
717,1,1
717,1,2
717,1,6
717,1,7
717,1,8
717,1,9
717,1,11
718,251,1
719,224,1
720,114,1
721,115,1
722,124,1
723,116,1
724,143,1
725,113,1
725,126,1
725,127,1
726,1,1
726,1,2
726,1,3
726,1,4
726,1,5
726,1,6
726,1,7
726,1,8
726,1,9
726,1,10
726,1,11
727,124,1
728,58,1
728,58,4
728,58,5
729,1,6
730,107,1
731,65,1
732,65,3
732,65,4
733,65,1
734,113,1
734,126,1
734,127,1
735,27,1
735,27,2
735,27,3
735,27,4
736,53,1
737,113,1
737,126,1
737,127,1
738,16,1
739,65,1
740,45,1
740,45,10
741,17,1
741,113,1
742,11,1
742,11,3
743,88,1
744,74,2
745,16,1
746,65,1
746,65,2
747,251,1
748,4,1
748,4,4
748,4,5
748,4,9
748,4,10
748,4,14
748,4,16
749,27,1
749,27,2
749,27,3
750,105,1
751,135,1
751,207,1
752,183,1
753,84,1
754,58,1
755,248,1
756,65,1
757,205,1
758,205,1
759,1,2
759,1,3
759,1,4
760,16,6
761,58,1
762,96,1
762,200,1
763,4,2
763,4,5
763,4,7
763,4,9
763,4,10
764,24,1
765,29,1
766,29,1
767,96,1
768,13,2
768,16,1
769,29,1
770,13,3
771,84,1
772,29,1
772,54,1
772,248,1
773,127,1
774,224,1
775,100,1
776,14,1
776,207,1
777,14,1
778,224,1
779,11,1
780,43,3
781,58,1
782,108,1
783,207,1
784,58,1
785,224,1
786,148,1
787,16,1
788,84,1
789,265,1
790,18,1
791,215,1
792,285,1
793,56,1
794,126,1
795,45,1
795,210,1
796,170,1
797,58,1
798,15,1
799,180,1
800,124,1
801,13,1
801,13,2
801,13,3
802,58,1
803,7,2
803,14,1
804,58,1
805,17,1
805,17,2
806,1,8
807,124,1
808,113,1
809,210,1
809,375,1
810,6,1
811,58,1
812,169,1
813,58,1
814,143,1
814,240,1
815,113,1
816,114,1
817,1,11
818,142,1
819,224,1
820,55,1
821,143,1
822,14,1
822,58,1
823,16,1
823,16,2
823,16,3
823,16,4
823,16,5
823,16,6
823,16,7
824,107,1
825,43,1
826,78,1
827,97,1
827,126,1
828,23,1
829,93,1
830,4,1
830,4,13
831,22,3
831,86,1
832,89,1
833,74,1
833,74,2
833,74,3
833,74,4
834,24,8
835,84,1
836,45,7
837,289,1
838,96,1
838,200,1
839,89,1
839,91,1
840,16,7
840,89,1
841,93,1
842,212,1
843,210,1
844,113,1
845,135,1
846,63,1
847,16,1
847,16,2
847,16,3
847,16,4
847,16,5
847,16,6
847,16,7
848,11,3
849,37,1
849,37,2
850,29,1
851,16,3
851,16,4
852,267,1
853,210,1
854,251,1
855,4,1
855,4,11
856,58,4
857,210,1
858,14,1
859,99,1
860,41,1
861,78,1
862,146,1
863,38,6
864,203,1
865,205,1
865,208,1
866,84,1
867,113,1
868,65,1
869,105,1
870,11,1
871,5,1
871,5,2
872,4,8
872,4,13
872,112,1
873,46,1
873,46,3
873,46,4
873,46,5
873,46,6
873,46,7
873,46,9
874,4,8
874,4,12
875,38,1
875,38,2
875,38,3
875,38,4
875,38,5
875,38,6
875,38,7
875,38,8
875,38,9
875,38,10
875,58,1
877,49,1
878,16,1
879,16,1
879,16,2
879,16,3
879,16,4
879,16,5
879,16,6
880,45,1
880,45,4
881,224,1
882,58,1
883,8,4
883,113,1
883,126,1
884,13,1
885,58,1
886,65,1
887,251,1
888,30,1
888,30,2
888,30,3
888,30,4
889,65,1
890,67,1
892,13,1
892,13,2
892,13,3
893,65,1
894,65,1
895,144,1
896,58,1
897,4,1
897,4,6
898,69,1
899,58,1
900,11,1
901,124,1
902,225,1
903,84,1
904,58,1
905,58,1
906,243,1
907,11,3
908,13,1
908,13,2
909,58,1
910,9,7
911,14,1
912,58,1
913,13,1
913,13,2
913,13,3
914,139,1
915,108,1
916,58,1
917,1,3
917,1,4
918,40,2
919,217,1
920,14,1
921,124,1
922,266,1
923,261,1
924,18,1
925,58,4
926,223,1
927,58,14
928,104,1
929,210,1
930,21,1
930,21,2
930,21,4
931,113,1
932,58,1
933,377,1
934,84,1
935,45,4
935,45,5
935,45,7
935,45,10
935,58,1
936,116,1
937,58,14
938,23,7
939,114,1
940,6,1
941,23,7
942,88,1
943,58,1
944,111,1
945,16,1
946,304,1
947,112,1
948,132,1
949,163,1
950,176,1
951,145,1
952,142,1
953,34,1
953,34,2
953,34,3
953,34,4
953,34,5
954,215,1
955,264,1
956,97,1
956,225,1
957,245,1
958,244,1
959,36,1
960,3,1
961,49,1
961,105,1
962,58,1
963,242,1
964,125,1
965,244,1
966,85,1
967,38,3
967,38,5
967,38,6
967,38,7
968,254,1
969,38,1
969,38,3
969,38,5
969,38,6
970,74,1
970,74,2
970,74,3
971,306,1
972,63,1
973,244,1
974,4,6
975,58,2
976,214,1
977,49,1
978,115,1
979,99,1
980,243,1
981,58,13
982,104,1
983,211,1
984,46,3
985,59,1
986,126,1
987,141,1
988,63,1
989,35,1
990,58,1
991,109,1
992,27,1
992,27,2
992,27,3
992,27,4
993,1,11
994,170,1
995,73,1
995,73,2
996,11,1
997,251,1
998,43,3
998,113,1
998,126,1
999,84,1
1000,42,1
1000,42,2
1001,23,3
1001,23,4
1001,23,7
1002,4,8
1002,4,10
1002,4,12
1002,4,13
1002,19,1
1003,249,1
1004,1,11
1005,16,1
1005,16,2
1005,16,3
1005,16,4
1005,16,5
1005,16,6
1005,16,7
1006,4,1
1006,4,9
1006,4,13
1007,42,1
1007,230,1
1008,17,1
1009,85,1
1010,38,4
1010,38,5
1010,38,7
1011,206,1
1012,58,1
1013,58,1
1014,78,1
1015,41,1
1016,13,1
1017,24,1
1017,467,1
1017,468,1
1018,230,1
1019,24,4
1019,51,1
1020,170,1
1021,126,1
1022,45,1
1023,8,1
1023,8,2
1023,8,3
1023,8,4
1023,8,5
1024,224,1
1025,45,9
1025,45,11
1026,84,1
1027,48,1
1028,124,1
1028,224,1
1029,52,1
1030,78,1
1031,58,1
1032,133,1
1033,215,1
1034,42,1
1035,58,1
1036,14,1
1037,107,1
1038,352,1
1038,368,1
1039,130,1
1040,34,2
1040,34,3
1041,27,1
1041,27,2
1041,27,3
1041,27,4
1042,58,1
1043,14,1
1044,113,1
1045,207,1
1046,352,1
1047,1,11
1048,51,1
1049,50,1
1050,244,1
1051,256,1
1052,113,1
1053,180,1
1054,58,1
1055,58,1
1056,27,1
1057,14,1
1058,113,1
1058,126,1
1058,127,1
1059,251,1
1060,149,1
1060,312,1
1060,460,1
1061,1,1
1061,1,2
1061,1,3
1061,1,4
1061,1,5
1061,1,6
1061,1,7
1061,1,8
1061,1,9
1061,1,10
1061,1,11
1062,4,1
1063,14,1
1063,207,1
1064,105,1
1065,126,1
1066,318,1
1067,58,1
1068,132,1
1069,43,1
1070,1,4
1071,7,1
1072,14,1
1072,207,1
1073,207,1
1074,58,1
1075,113,1
1076,124,1
1077,216,1
1078,126,1
1079,1,8
1080,75,1
1081,251,1
1082,4,8
1082,4,12
1083,78,1
1084,75,1
1085,86,1
1086,75,1
1087,10,1
1087,10,2
1088,58,1
1089,16,1
1090,113,1
1091,15,1
1092,58,1
1093,129,1
1094,163,1
1095,58,1
1096,84,1
1097,113,1
1098,1,11
1098,408,1
1099,84,1
1100,58,1
1101,105,1
1101,500,1
1102,128,1
1103,251,1
1104,251,1
1105,251,1
1106,25,1
1107,22,1
1107,22,2
1107,22,3
1108,205,1
1109,276,1
1110,1,11
1110,8,4
1111,58,13
1112,99,1
1113,9,2
1113,58,1
1114,58,1
1115,133,1
1116,251,1
1117,88,1
1118,214,1
1119,84,1
1119,252,1
1120,8,1
1122,251,1
1122,266,1
1123,97,1
1124,58,1
1125,8,4
1126,210,1
1127,13,1
1127,13,2
1127,13,3
1128,215,1
1129,6,2
1130,88,1
1131,1,1
1131,1,2
1131,1,3
1131,1,4
1131,1,7
1131,1,11
1132,22,1
1132,22,2
1132,22,3
1133,22,2
1134,224,1
1135,258,1
1136,208,1
1137,251,1
1138,45,1
1139,88,1
1140,126,1
1141,270,1
1142,75,1
1143,41,1
1144,8,4
1145,49,1
1145,105,1
1146,58,1
1146,217,1
1147,16,1
1148,30,2
1148,30,3
1148,30,4
1149,17,1
1150,65,1
1151,179,1
1152,58,1
1153,251,1
1154,58,1
1155,1,11
1156,130,1
1157,208,1
1158,99,1
1159,4,1
1160,54,1
1161,58,1
1161,88,1
1161,88,2
1161,88,3
1161,88,4
1161,88,5
1161,88,6
1161,88,7
1161,88,8
1161,88,9
1161,88,10
1161,88,11
1161,88,12
1161,88,13
1161,122,1
1161,302,1
1161,312,1
1162,7,2
1163,58,1
1164,288,1
1165,34,1
1165,34,2
1165,34,3
1165,34,4
1165,34,5
1166,29,1
1167,51,1
1167,51,3
1168,105,1
1169,124,1
1169,224,1
1169,362,1
1170,2,1
1170,2,4
1171,230,1
1172,16,1
1173,58,1
1174,152,1
1175,68,1
1176,58,1
1177,37,1
1177,37,2
1178,84,1
1179,14,1
1180,58,1
1181,58,1
1182,210,1
1183,4,1
1184,210,1
1185,2,1
1185,2,2
1185,2,4
1186,58,1
1187,277,1
1188,170,1
1189,4,1
1189,4,7
1190,58,1
1191,107,1
1192,207,1
1193,210,1
1194,19,1
1194,19,2
1195,38,3
1195,38,5
1196,16,1
1197,19,1
1198,210,1
1199,16,1
1199,16,2
1199,16,3
1199,16,4
1199,16,5
1199,16,6
1199,16,7
1199,210,1
1200,210,1
1201,65,1
1201,65,2
1201,65,3
1201,65,4
1202,8,2
1202,8,4
1203,16,1
1203,16,2
1203,16,3
1203,16,4
1203,16,5
1203,16,6
1203,16,7
1203,113,1
1204,41,1
1205,8,1
1205,8,2
1205,8,3
1205,8,4
1206,13,3
1207,143,1
1208,38,7
1209,99,1
1210,210,1
1211,93,1
1212,102,1
1213,108,1
1214,95,1
1215,274,1
1216,151,1
1217,170,1
1218,113,1
1218,132,1
1219,17,1
1220,250,1
1221,184,1
1222,143,1
1223,170,1
1224,210,1
1225,115,1
1225,116,1
1226,58,2
1227,113,1
1228,113,1
1228,210,1
1229,1,3
1229,1,4
1229,1,7
1229,1,11
1230,37,1
1230,37,2
1231,13,2
1231,13,3
1231,27,2
1232,12,1
1233,17,1
1234,58,1
1235,46,3
1236,116,1
1237,84,1
1238,122,1
1239,88,1
1240,4,1
1240,4,6
1240,4,9
1241,181,1
1242,84,1
1243,2,1
1243,2,2
1243,2,3
1243,2,4
1243,2,5
1244,243,1
1245,75,1
1246,205,1
1247,13,1
1247,13,2
1247,13,3
1248,104,1
1249,58,4
1250,4,1
1251,23,1
1251,23,3
1252,51,3
1253,23,1
1254,105,1
1255,157,1
1256,7,1
1256,7,2
1256,7,3
1257,266,1
1258,256,1
1259,225,1
1260,58,1
1261,113,1
1261,130,1
1262,23,1
1262,23,3
1262,23,7
1262,23,8
1262,96,1
1262,200,1
1263,210,1
1263,375,1
1264,126,1
1265,19,1
1265,19,2
1265,19,3
1265,19,4
1265,34,1
1265,34,2
1265,34,3
1265,34,4
1265,34,5
1265,130,1
1266,213,1
1267,226,1
1268,13,1
1269,7,1
1269,7,2
1270,164,1
1271,214,1
1272,41,1
1273,126,1
1274,210,1
1275,58,1
1276,4,1
1276,112,1
1277,124,1
1277,224,1
1278,224,1
1279,14,1
1280,14,1
1281,1,7
1282,14,1
1283,254,1
1284,13,2
1285,29,1
1286,58,1
1287,210,1
1288,13,1
1288,13,2
1288,13,3
1289,207,1
1290,4,1
1291,142,1
1292,119,1
1293,78,1
1294,173,1
1294,221,1
1295,167,1
1296,261,1
1297,93,1
1298,46,1
1298,46,3
1298,224,1
1299,127,1
1300,43,3
1301,58,1
1302,4,1
1303,13,1
1304,167,1
1305,205,1
1306,130,1
1307,224,1
1308,217,1
1309,161,1
1309,251,1
1310,8,1
1310,8,2
1310,8,3
1310,8,4
1311,4,1
1311,4,2
1311,4,5
1311,4,6
1311,4,9
1312,226,1
1313,253,1
1314,187,1
1315,58,1
1315,73,2
1316,119,1
1317,85,1
1318,63,1
1319,114,1
1320,121,1
1321,13,1
1321,13,2
1322,13,1
1323,214,1
1324,4,2
1325,250,1
1326,254,1
1328,38,1
1328,38,2
1328,38,3
1328,38,5
1328,38,6
1328,38,7
1328,38,8
1328,38,9
1328,38,10
1329,13,1
1329,38,6
1330,150,1
1331,88,1
1332,113,1
1333,120,1
1333,121,1
1334,14,1
1334,15,1
1335,225,1
1336,36,1
1337,58,11
1338,13,1
1338,13,2
1338,13,3
1339,58,1
1340,214,1
1341,64,1
1342,84,1
1343,13,1
1343,13,2
1343,13,3
1344,132,1
1345,105,1
1346,93,1
1346,210,1
1347,113,1
1347,126,1
1348,97,1
1348,97,2
1348,254,1
1349,58,1
1350,115,1
1351,58,1
1352,152,1
1352,153,1
1353,58,1
1353,126,1
1353,130,1
1353,216,1
1354,99,1
1355,107,1
1356,104,1
1357,54,1
1358,163,1
1359,108,1
1360,224,1
1361,210,1
1362,41,1
1363,245,1
1364,58,1
1365,23,1
1366,58,1
1367,224,1
1368,469,1
1369,74,1
1369,74,2
1369,74,3
1369,74,4
1370,224,1
1371,126,1
1371,261,1
1372,89,1
1373,124,1
1374,11,1
1374,11,2
1374,11,3
1374,11,4
1374,48,1
1374,207,1
1375,58,1
1376,142,1
1377,224,1
1378,4,1
1379,165,1
1380,36,1
1381,105,1
1382,8,4
1383,124,1
1384,74,1
1384,74,2
1384,74,3
1384,74,4
1385,124,1
1386,113,1
1387,35,1
1388,224,1
1389,4,1
1389,4,2
1389,4,3
1389,4,4
1389,4,5
1389,4,6
1389,4,7
1389,4,8
1389,4,9
1389,4,10
1389,4,11
1389,4,12
1389,4,13
1389,4,14
1389,4,15
1389,4,16
1389,243,1
1390,99,1
1391,4,6
1399,2,1
1399,2,2
1400,206,1
1401,244,1
1402,128,1
1403,224,1
1404,224,1
1405,19,1
1405,19,2
1405,55,1
1406,75,1
1407,65,1
1407,65,2
1408,11,1
1408,11,2
1408,11,3
1408,11,4
1409,224,1
1410,40,5
1411,42,1
1411,42,2
1412,48,1
1413,224,1
1414,265,1
1415,299,1
1416,142,1
1417,142,1
1418,41,1
1419,124,1
1419,224,1
1420,6,2
1421,49,1
1422,42,1
1422,42,2
1423,214,1
1424,204,1
1425,210,1
1426,11,1
1426,11,2
1426,11,3
1426,11,4
1427,224,1
1428,13,3
1428,34,1
1428,34,2
1428,34,3
1428,34,4
1428,34,5
1429,210,1
1430,74,1
1430,74,2
1430,74,3
1431,248,1
1432,59,1
1433,13,3
1434,61,1
1435,29,1
1436,127,1
1437,113,1
1437,125,1
1438,58,1
1439,224,1
1440,51,1
1440,51,2
1440,51,3
1440,51,4
1440,51,5
1440,51,6
1441,58,1
1442,58,20
1443,268,1
1444,113,1
1445,16,3
1445,16,4
1446,13,3
1447,251,1
1448,220,1
1449,110,1
1450,58,1
1451,104,1
1452,251,1
1453,58,1
1454,14,1
1455,58,1
1456,210,1
1457,113,1
1458,224,1
1459,104,1
1460,24,1
1461,13,1
1462,124,1
1462,224,1
1463,124,1
1464,93,1
1465,63,1
1465,68,1
1466,68,1
1467,217,1
1468,84,1
1469,27,1
1470,11,2
1471,115,1
1471,116,1
1472,115,1
1473,12,1
1474,8,4
1475,45,1
1475,45,5
1475,45,7
1475,45,9
1475,45,10
1476,352,1
1477,107,1
1478,42,1
1479,38,3
1479,38,5
1479,38,6
1479,38,8
1480,139,1
1480,255,1
1481,19,1
1481,19,2
1481,19,3
1481,19,4
1482,125,1
1483,23,1
1484,6,1
1485,171,1
1486,6,2
1487,206,1
1488,172,1
1489,41,1
1490,41,1
1491,2,2
1492,29,1
1493,39,1
1494,78,1
1495,139,1
1496,41,1
1497,22,2
1498,6,1
1498,6,2
1499,162,1
1500,134,1
1501,13,1
1502,14,1
1503,58,1
1504,204,1
1505,125,1
1506,210,1
1507,48,1
1508,302,1
1509,128,1
1510,84,1
1511,22,1
1512,58,1
1513,287,1
1514,7,1
1515,170,1
1516,204,1
1516,210,1
1517,210,1
1518,170,1
1518,210,1
1519,42,1
1520,104,1
1521,38,6
1522,210,1
1523,84,1
1524,84,1
1525,58,1
1526,255,1
1527,215,1
1528,210,1
1529,14,1
1530,22,1
1530,22,3
1531,58,1
1532,58,1
1533,119,1
1534,4,11
1535,119,1
1536,113,1
1537,244,1
1538,58,1
1539,58,1
1540,13,1
1540,58,1
1540,133,1
1540,254,1
1541,242,1
1542,261,1
1543,223,1
1544,210,1
1545,119,1
1546,214,1
1547,130,1
1548,74,1
1548,74,2
1548,74,3
1548,74,4
1549,104,1
1550,13,1
1550,13,2
1550,13,3
1550,19,1
1550,19,2
1550,19,3
1550,19,4
1551,147,1
1552,125,1
1553,154,1
1554,244,1
1555,149,1
1555,210,1
1556,214,1
1557,146,1
1558,42,1
1559,224,1
1560,58,1
1561,126,1
1562,13,1
1562,13,2
1562,13,3
1563,23,1
1564,126,1
1565,58,1
1566,224,1
1567,254,1
1568,113,1
1569,24,1
1570,58,1
1571,13,1
1572,58,1
1573,84,1
1574,29,1
1574,51,1
1574,51,2
1574,51,3
1574,51,4
1574,51,5
1574,51,6
1575,84,1
1576,144,1
1577,99,1
1578,5,1
1578,5,2
1579,19,1
1579,274,1
1580,1,11
1580,122,1
1581,97,1
1581,97,2
1582,84,1
1583,39,1
1584,17,1
1584,17,2
1584,210,1
1584,216,1
1585,204,1
1586,19,1
1586,19,2
1586,19,3
1586,19,4
1587,225,1
1588,125,1
1589,261,1
1590,204,1
1591,14,1
1592,84,1
1593,157,1
1594,84,1
1595,42,1
1596,220,1
1597,113,1
1597,261,1
1598,125,1
1599,42,1
1600,230,1
1601,13,1
1601,13,2
1601,13,3
1602,243,1
1603,109,1
1604,7,2
1605,1,6
1606,58,1
1607,115,1
1608,214,1
1609,7,1
1609,7,2
1610,221,1
1611,10,1
1612,243,1
1613,126,1
1613,275,1
1614,57,1
1615,126,1
1616,4,14
1617,126,1
1618,162,1
1619,261,1
1620,66,1
1621,64,1
1622,14,1
1622,207,1
1623,78,1
1624,114,1
1625,14,1
1626,327,1
1627,58,1
1629,216,1
1630,243,1
1630,259,1
1631,114,1
1632,58,1
1633,4,1
1634,259,1
1635,58,1
1636,58,1
1637,30,3
1637,30,4
1637,216,1
1638,251,1
1639,223,1
1640,16,1
1640,16,7
1641,143,1
1641,265,1
1642,177,1
1643,48,1
1644,16,1
1645,46,1
1646,58,1
1647,42,1
1647,42,2
1648,58,1
1649,74,1
1649,74,2
1649,74,3
1649,74,4
1650,130,1
1650,216,1
1651,113,1
1652,276,1
1653,217,1
1654,221,1
1655,271,1
1656,42,1
1657,2,1
1657,2,3
1658,101,1
1659,245,1
1660,128,1
1661,124,1
1661,224,1
1662,207,1
1663,104,1
1664,148,1
1664,210,1
1664,253,1
1664,499,1
1665,303,1
1666,113,1
1667,224,1
1668,314,1
1669,113,1
1670,4,1
1671,105,1
1672,149,1
1672,150,1
1673,84,1
1674,24,2
1675,58,1
1676,207,1
1677,224,1
1678,60,1
1679,113,1
1680,55,1
1681,215,1
1682,17,1
1683,13,2
1683,13,3
1683,46,1
1683,46,3
1684,84,1
1685,210,1
1685,221,1
1686,214,1
1687,84,1
1688,99,1
1689,210,1
1690,116,1
1690,126,1
1691,276,1
1692,78,1
1693,12,1
1694,115,1
1695,58,4
1696,223,1
1697,58,4
1698,16,1
1699,126,1
1699,275,1
1700,14,1
1701,118,1
1701,224,1
1702,55,1
1703,305,1
1704,166,1
1705,84,1
1706,58,1
1707,60,1
1708,81,1
1708,118,1
1709,224,1
1710,114,1
1711,58,1
1712,180,1
1713,88,1
1714,107,1
1715,84,1
1716,213,1
1717,48,1
1718,58,1
1719,49,1
1719,105,1
1720,4,6
1720,4,13
1721,113,1
1722,42,1
1722,42,2
1723,207,1
1724,136,1
1725,125,1
1726,14,1
1727,261,1
1728,124,1
1728,224,1
1729,104,1
1730,254,1
1731,125,1
1732,251,1
1733,223,1
1734,273,1
1735,51,2
1736,29,1
1737,254,1
1738,217,1
1739,58,1
1740,58,1
1741,251,1
1742,217,1
1743,84,1
1744,140,1
1745,105,1
1746,142,1
1747,113,1
1748,279,1
1749,143,1
1750,107,1
1750,286,1
1751,9,7
1752,58,1
1753,58,23
1754,101,1
1755,253,1
1756,58,1
1757,129,1
1758,129,1
1759,13,2
1760,230,1
1761,125,1
1762,4,1
1763,309,1
1764,125,1
1765,147,1
1766,251,1
1767,230,1
1768,58,1
1769,55,1
1770,58,1
1771,17,1
1772,58,1
1773,125,1
1774,125,1
1774,253,1
1775,81,1
1775,253,1
1776,230,1
1777,58,1
1778,230,1
1779,118,1
1780,63,1
1781,93,1
1782,230,1
1783,13,1
1783,13,2
1783,13,3
1784,84,1
1785,114,1
1786,127,1
1787,230,1
1788,180,1
1789,58,1
1790,253,1
1791,58,1
1792,230,1
1793,207,1
1794,110,1
1795,114,1
1796,1,6
1797,105,1
1798,125,1
1799,14,1
1800,14,1
1801,230,1
1802,58,1
1803,110,1
1804,230,1
1805,65,1
1806,204,1
1806,318,1
1807,125,1
1808,58,1
1809,41,1
1810,45,7
1810,45,10
1810,216,1
1811,216,1
1812,118,1
1813,88,1
1814,14,1
1815,14,1
1816,57,1
1817,14,1
1818,4,6
1819,130,1
1820,125,1
1821,214,1
1822,58,1
1823,106,1
1824,278,1
1825,251,1
1826,217,1
1827,158,1
1827,270,1
1828,126,1
1829,180,1
1830,73,2
1831,148,1
1832,98,1
1832,225,1
1832,865,1
1833,13,1
1833,13,2
1834,113,1
1835,224,1
1836,84,1
1837,84,1
1838,113,1
1839,207,1
1840,29,1
1841,9,4
1842,58,1
1843,9,3
1844,13,3
1845,214,1
1846,118,1
1847,51,1
1847,51,2
1847,51,3
1847,51,4
1847,51,5
1847,51,6
1848,280,1
1849,210,1
1849,224,1
1850,242,1
1851,130,1
1851,216,1
1852,224,1
1853,99,1
1854,113,1
1855,41,1
1856,104,1
1857,63,1
1857,205,1
1858,58,1
1859,207,1
1860,260,1
1861,160,1
1862,96,1
1862,200,1
1862,202,1
1863,263,1
1864,129,1
1865,16,1
1865,16,2
1865,16,3
1865,16,4
1865,16,5
1866,11,2
1866,96,1
1867,38,5
1868,221,1
1869,114,1
1870,4,11
1871,142,1
1872,103,1
1873,37,1
1874,7,1
1874,7,2
1874,7,3
1875,13,1
1876,51,1
1876,51,2
1876,51,3
1876,84,1
1877,118,1
1878,84,1
1879,14,1
1880,113,1
1880,210,1
1881,38,7
1882,113,1
1883,16,6
1884,38,7
1885,125,1
1886,99,1
1887,42,1
1887,230,1
1888,51,1
1888,51,2
1888,51,3
1888,51,4
1888,51,5
1888,51,6
1888,54,1
1889,98,1
1889,225,1
1890,9,2
1890,9,4
1890,97,1
1891,58,1
1891,175,1
1892,100,1
1893,42,1
1895,13,1
1896,214,1
1897,251,1
1898,102,1
1899,101,1
1900,31,1
1901,4,1
1902,224,1
1903,18,1
1903,210,1
1904,10,1
1905,125,1
1906,78,1
1906,224,1
1907,269,1
1908,20,1
1909,104,1
1910,23,1
1911,214,1
1912,142,1
1913,163,1
1914,4,1
1915,105,1
1916,99,1
1917,253,1
1918,14,1
1919,200,1
1920,16,1
1921,202,1
1922,98,1
1923,88,1
1924,251,1
1925,242,1
1926,180,1
1927,45,1
1928,9,1
1928,9,4
1928,9,6
1929,6,1
1930,13,1
1930,13,2
1931,18,1
1932,43,3
1933,217,1
1934,7,1
1934,7,2
1934,222,1
1935,230,1
1936,4,11
1937,224,1
1938,161,1
1939,3,6
1940,207,1
1941,210,1
1942,210,1
1943,235,1
1944,19,4
1945,6,1
1945,12,1
1946,11,1
1946,23,1
1946,23,7
1947,180,1
1948,126,1
1948,130,1
1949,77,1
1950,180,1
1951,77,1
1951,215,1
1952,4,1
1952,236,1
1953,205,1
1954,180,1
1955,217,1
1956,3,1
1957,9,2
1957,9,4
1957,9,6
1958,89,1
1959,224,1
1960,202,1
1961,101,1
1962,240,1
1963,16,1
1964,9,2
1964,9,4
1964,9,5
1964,9,6
1965,47,1
1966,224,1
1969,219,1
1970,220,1
1971,242,1
1972,104,1
1973,201,1
1974,251,1
1975,201,1
1976,8,4
1977,11,2
1977,96,1
1978,13,1
1978,13,2
1978,13,3
1979,123,1
1980,26,1
1981,230,1
1982,11,2
1983,84,1
1984,1,11
1985,36,1
1986,104,1
1987,49,1
1988,75,1
1989,29,1
1990,210,1
1991,16,6
1992,97,2
1993,217,1
1994,224,1
1995,8,4
1996,13,1
1997,140,1
1998,216,1
1999,45,1
1999,282,1
2000,207,1
2001,84,1
2002,217,1
2003,243,1
2004,119,1
2005,48,1
2006,113,1
2006,126,1
2006,130,1
2007,4,1
2008,105,1
2009,244,1
2010,224,1
2011,105,1
2012,225,1
2013,82,1
2014,11,1
2015,180,1
2016,16,1
2016,25,1
2017,100,1
2018,19,1
2018,19,2
2018,19,3
2019,15,1
2020,113,1
2021,180,1
2022,224,1
2023,32,1
2023,58,3
2024,230,1
2025,210,1
2026,214,1
2027,24,2
2028,17,1
2028,18,1
2028,210,1
2029,93,1
2029,210,1
2030,81,1
2030,148,1
2031,124,1
2031,125,1
2031,224,1
2032,114,1
2033,99,1
2034,243,1
2035,281,1
2036,11,2
2037,129,1
2038,17,1
2038,210,1
2039,11,2
2040,4,1
2040,4,2
2040,4,3
2040,4,4
2040,4,5
2040,4,6
2040,4,7
2040,4,8
2040,4,9
2040,4,10
2040,4,11
2040,4,12
2040,4,13
2040,4,14
2040,4,15
2040,4,16
2040,19,1
2040,19,2
2040,19,3
2040,19,4
2040,39,1
2040,312,1
2040,484,1
2041,104,1
2042,224,1
2043,104,1
2044,182,1
2045,125,1
2045,180,1
2046,114,1
2047,114,1
2048,4,1
2049,283,1
2050,29,1
2050,54,1
2051,113,1
2051,261,1
2052,207,1
2053,284,1
2054,207,1
2055,230,1
2056,16,1
2056,16,2
2056,16,3
2056,16,4
2056,16,5
2056,16,6
2056,16,7
2057,17,1
2057,17,2
2057,97,1
2058,242,1
2059,243,1
2060,13,1
2060,13,2
2060,13,3
2061,142,1
2062,198,1
2063,224,1
2064,198,1
2065,198,1
2066,306,1
2067,307,1
2068,115,1
2068,116,1
2069,8,4
2070,17,1
2070,93,1
2070,148,1
2071,65,1
2071,307,1
2072,308,1
2073,113,1
2074,244,1
2075,303,1
2076,78,1
2077,14,1
2077,96,1
2078,128,1
2079,310,1
2080,311,1
2081,299,1
2082,188,1
2083,122,1
2083,312,1
2084,46,3
2084,299,1
2085,279,1
2086,254,1
2086,278,1
2086,310,1
2087,97,1
2087,97,2
2087,254,1
2088,29,1
2088,39,1
2089,129,1
2090,84,1
2091,279,1
2092,224,1
2093,140,1
2094,116,1
2095,126,1
2096,315,1
2097,84,1
2098,104,1
2098,244,1
2098,254,1
2099,8,4
2099,17,1
2099,17,2
2099,305,1
2100,126,1
2101,8,4
2101,204,1
2102,204,1
2103,11,4
2104,13,1
2104,13,2
2104,13,3
2105,147,1
2106,214,1
2107,105,1
2108,126,1
2109,13,1
2110,126,1
2110,130,1
2110,216,1
2111,244,1
2112,104,1
2113,39,1
2114,104,1
2115,104,1
2116,244,1
2117,11,3
2118,244,1
2119,105,1
2120,15,1
2121,244,1
2122,244,1
2123,13,1
2123,13,2
2123,13,3
2124,316,1
2125,13,1
2126,305,1
2127,130,1
2127,216,1
2128,278,1
2129,180,1
2130,13,1
2130,13,2
2130,13,3
2131,12,1
2131,12,2
2132,29,1
2132,54,1
2132,248,1
2133,29,1
2134,121,1
2134,130,1
2134,216,1
2135,137,1
2135,256,1
2136,149,1
2137,43,1
2137,141,1
2138,210,1
2139,113,1
2139,204,1
2140,11,1
2142,27,1
2142,27,2
2143,208,1
2144,13,1
2145,18,1
2146,130,1
2146,216,1
2147,49,1
2147,85,1
2147,105,1
2147,143,1
2148,256,1
2149,225,1
2150,7,3
2150,31,1
2151,202,1
2152,16,1
2152,16,2
2152,16,3
2152,16,4
2152,16,5
2152,16,6
2152,16,7
2152,285,1
2153,210,1
2153,261,1
2154,210,1
2154,261,1
2155,16,1
2155,16,2
2155,16,3
2155,16,5
2155,16,6
2155,16,7
2155,17,1
2155,17,2
2155,33,1
2155,97,1
2156,318,1
2157,38,1
2157,38,2
2157,38,3
2157,38,4
2157,38,5
2157,38,6
2157,38,7
2157,38,8
2157,38,9
2157,38,10
2158,148,1
2158,253,1
2158,280,1
2159,39,1
2160,113,1
2160,125,1
2161,265,1
2162,3,1
2162,3,2
2162,3,3
2162,3,4
2162,3,5
2162,3,6
2162,180,1
2163,118,1
2163,253,1
2164,303,1
2165,214,1
2166,319,1
2167,127,1
2167,130,1
2167,309,1
2168,104,1
2169,130,1
2169,210,1
2169,216,1
2170,224,1
2171,216,1
2172,142,1
2173,105,1
2174,320,1
2174,321,1
2175,113,1
2175,130,1
2176,322,1
2177,170,1
2178,18,1
2179,93,1
2179,210,1
2180,210,1
2181,16,1
2181,16,2
2181,16,3
2181,16,4
2181,16,5
2181,16,6
2181,16,7
2182,224,1
2183,286,1
2184,244,1
2185,244,1
2186,97,1
2186,254,1
2186,323,1
2187,115,1
2187,116,1
2187,210,1
2188,15,1
2189,312,1
2190,8,4
2191,45,5
2192,324,1
2193,212,1
2194,210,1
2195,325,1
2196,265,1
2197,210,1
2198,325,1
2199,67,1
2199,210,1
2199,323,1
2200,161,1
2201,210,1
2202,65,1
2203,107,1
2203,126,1
2204,107,1
2204,226,1
2205,350,1
2206,224,1
2207,224,1
2208,126,1
2209,1,11
2210,172,1
2211,17,1
2211,97,1
2211,97,2
2211,118,1
2212,204,1
2212,210,1
2213,38,1
2213,38,2
2213,38,3
2213,38,4
2213,38,5
2213,38,6
2213,38,7
2213,38,8
2213,38,9
2213,38,10
2214,16,1
2215,4,11
2215,4,15
2216,351,1
2217,13,2
2218,279,1
2219,57,1
2219,387,1
2220,124,1
2221,13,1
2222,251,1
2223,209,1
2224,49,1
2225,1,6
2226,28,1
2227,17,1
2227,58,4
2227,58,5
2227,93,1
2227,210,1
2228,45,5
2229,97,1
2229,181,1
2230,84,1
2231,23,1
2231,23,7
2231,46,3
2232,23,1
2232,23,3
2232,23,7
2233,97,1
2233,97,2
2234,114,1
2235,23,1
2235,23,3
2236,17,1
2237,11,1
2238,24,2
2239,3,1
2240,4,2
2241,204,1
2242,210,1
2243,204,1
2244,13,1
2244,13,3
2244,45,1
2244,45,4
2244,45,5
2244,45,7
2244,185,1
2245,104,1
2246,244,1
2247,113,1
2247,210,1
2248,13,1
2249,208,1
2250,350,1
2251,34,5
2252,128,1
2253,78,1
2253,125,1
2254,93,1
2254,210,1
2255,126,1
2255,130,1
2255,210,1
2255,216,1
2256,99,1
2257,210,1
2258,84,1
2259,1,4
2259,208,1
2260,319,1
2261,14,1
2261,203,1
2262,303,1
2263,253,1
2264,207,1
2265,210,1
2266,353,1
2267,180,1
2267,253,1
2268,109,1
2269,354,1
2270,280,1
2271,4,1
2272,126,1
2273,113,1
2274,275,1
2275,305,1
2276,17,1
2276,121,1
2276,130,1
2277,3,1
2277,3,2
2277,3,3
2277,3,4
2277,3,5
2277,3,6
2278,210,1
2279,1,3
2279,355,1
2279,843,1
2280,4,2
2280,158,1
2280,305,1
2281,7,1
2281,7,2
2282,65,1
2283,124,1
2283,280,1
2284,8,4
2284,273,1
2285,357,1
2286,13,3
2286,46,1
2287,358,1
2288,224,1
2289,210,1
2289,224,1
2290,236,1
2291,41,1
2292,129,1
2293,359,1
2294,316,1
2295,124,1
2296,97,1
2296,98,1
2297,210,1
2298,17,1
2298,113,1
2298,130,1
2298,244,1
2299,101,1
2300,360,1
2301,51,1
2301,51,2
2301,51,3
2301,51,4
2301,51,5
2301,51,6
2302,13,2
2302,13,3
2302,27,1
2303,256,1
2304,366,1
2305,126,1
2306,31,1
2306,203,1
2307,4,2
2307,203,1
2308,105,1
2309,278,1
2310,363,1
2311,7,1
2311,7,2
2311,7,3
2312,159,1
2313,115,1
2313,116,1
2314,116,1
2315,364,1
2316,210,1
2317,261,1
2317,365,1
2318,261,1
2319,84,1
2320,129,1
2321,93,1
2322,93,1
2322,261,1
2323,210,1
2324,350,1
2325,130,1
2325,216,1
2326,149,1
2327,84,1
2328,113,1
2329,93,1
2329,126,1
2329,130,1
2329,210,1
2329,261,1
2330,7,1
2330,7,2
2330,7,3
2331,37,1
2331,37,2
2331,37,3
2332,370,1
2333,210,1
2334,13,1
2334,251,1
2335,7,1
2335,7,2
2335,7,3
2336,4,1
2336,4,2
2336,4,3
2336,4,5
2336,4,9
2336,4,11
2337,371,1
2338,4,1
2338,4,2
2338,4,3
2338,4,4
2338,4,5
2338,4,6
2338,4,7
2338,4,8
2338,4,9
2338,4,10
2338,4,11
2338,4,12
2338,4,13
2338,4,14
2338,4,15
2338,4,16
2339,372,1
2340,167,1
2341,373,1
2342,107,1
2343,13,2
2343,13,3
2343,24,1
2343,24,9
2344,16,1
2344,16,2
2344,16,3
2344,16,4
2344,16,5
2344,16,6
2344,16,7
2345,115,1
2346,142,1
2347,210,1
2348,1,7
2349,316,1
2350,321,1
2351,143,1
2352,1,11
2353,88,1
2353,374,1
2354,255,1
2355,96,1
2355,200,1
2356,143,1
2357,210,1
2358,210,1
2359,116,1
2359,170,1
2359,251,1
2360,244,1
2361,84,1
2362,115,1
2363,2,1
2363,2,2
2363,4,1
2363,4,2
2363,19,1
2363,475,1
2364,104,1
2364,323,1
2365,109,1
2366,165,1
2366,381,1
2367,413,1
2368,277,1
2369,14,1
2370,149,1
2371,260,1
2373,204,1
2373,224,1
2373,375,1
2374,51,2
2374,51,3
2374,54,1
2374,84,1
2374,248,1
2375,126,1
2375,130,1
2375,216,1
2376,48,1
2377,46,3
2377,210,1
2378,224,1
2379,118,1
2380,214,1
2381,214,1
2382,376,1
2383,210,1
2384,242,1
2385,224,1
2385,242,1
2386,210,1
2387,13,1
2387,13,2
2387,13,3
2387,288,1
2388,210,1
2388,286,1
2389,284,1
2389,369,1
2390,10,1
2390,10,2
2391,143,1
2392,251,1
2393,6,1
2394,4,1
2394,4,8
2394,4,12
2395,97,1
2396,65,1
2397,280,1
2398,15,1
2398,172,1
2399,21,1
2399,21,2
2399,21,3
2400,48,1
2401,263,1
2402,115,1
2403,135,1
2404,115,1
2404,170,1
2405,97,1
2405,97,2
2405,254,1
2406,17,1
2407,210,1
2408,53,1
2408,212,1
2409,170,1
2410,126,1
2410,303,1
2411,84,1
2412,282,1
2413,3,1
2413,3,2
2413,3,3
2413,3,4
2413,3,5
2413,3,6
2414,95,1
2415,205,1
2416,14,1
2416,303,1
2417,93,1
2417,170,1
2417,210,1
2417,277,1
2418,456,1
2419,4,14
2420,375,1
2421,45,5
2422,123,1
2423,139,1
2424,379,1
2425,93,1
2425,261,1
2426,136,1
2426,254,1
2426,356,1
2427,275,1
2428,18,1
2428,210,1
2429,208,1
2430,450,1
2431,126,1
2432,13,1
2433,207,1
2434,88,1
2435,39,1
2436,207,1
2437,18,1
2437,170,1
2437,204,1
2437,210,1
2438,97,1
2438,97,2
2438,254,1
2439,134,1
2440,36,1
2441,170,1
2442,105,1
2443,124,1
2444,39,1
2445,310,1
2446,137,1
2446,256,1
2446,310,1
2447,6,1
2447,312,1
2448,149,1
2449,230,1
2450,1,7
2451,17,1
2451,113,1
2451,130,1
2452,360,1
2453,275,1
2454,19,1
2454,19,2
2454,19,3
2454,205,1
2455,4,1
2455,4,2
2455,4,3
2455,4,11
2455,36,1
2456,243,1
2457,24,1
2458,451,1
2459,104,1
2460,116,1
2461,104,1
2462,454,1
2463,13,1
2464,455,1
2465,244,1
2466,41,1
2467,129,1
2468,279,1
2469,84,1
2470,230,1
2471,210,1
2472,305,1
2473,129,1
2474,4,3
2474,4,7
2475,104,1
2476,17,1
2476,457,1
2477,458,1
2478,305,1
2479,461,1
2480,460,1
2481,104,1
2482,279,1
2483,113,1
2484,165,1
2485,461,1
2486,129,1
2487,29,1
2487,54,1
2487,248,1
2488,4,4
2488,4,5
2489,134,1
2490,211,1
2490,462,1
2491,48,1
2492,105,1
2493,126,1
2494,339,1
2495,210,1
2496,169,1
2496,464,1
2496,465,1
2497,16,1
2498,170,1
2499,2,2
2500,84,1
2501,107,1
2502,170,1
2503,210,1
2503,245,1
2504,83,1
2505,107,1
2505,120,1
2506,4,1
2506,128,1
2507,156,1
2508,156,1
2508,224,1
2509,130,1
2510,4,1
2511,207,1
2512,1,3
2512,1,4
2512,205,1
2513,105,1
2514,3,1
2515,242,1
2516,34,1
2517,4,1
2517,4,5
2517,4,6
2517,4,9
2518,471,1
2519,116,1
2520,204,1
2520,210,1
2520,224,1
2521,14,1
2521,472,1
2521,473,1
2522,105,1
2523,45,1
2524,7,1
2525,473,1
2526,474,1
2527,170,1
2528,97,1
2529,254,1
2530,16,1
2530,210,1
2531,170,1
2531,210,1
2532,132,1
2533,476,1
2534,216,1
2535,276,1
2536,116,1
2537,84,1
2538,3,1
2538,3,2
2538,3,3
2538,3,4
2538,3,5
2538,3,6
2538,97,1
2538,97,2
2538,275,1
2539,478,1
2540,41,1
2541,41,1
2542,210,1
2543,4,1
2543,4,4
2544,135,1
2545,14,1
2545,77,1
2545,215,1
2545,226,1
2546,84,1
2547,92,1
2548,58,7
2549,41,1
2550,1,6
2550,1,9
2551,61,1
2552,88,1
2552,88,2
2552,88,3
2552,88,4
2552,88,5
2552,88,6
2552,88,7
2552,88,8
2552,88,9
2552,88,10
2552,88,11
2552,88,12
2552,88,13
2553,101,1
2554,19,1
2554,64,1
2555,96,1
2556,39,1
2557,96,1
2558,305,1
2559,18,1
2560,170,1
2561,14,1
2561,215,1
2562,244,1
2562,279,1
2563,324,1
2564,269,1
2565,316,1
2566,11,1
2566,48,1
2567,42,1
2567,42,2
2568,303,1
2569,39,1
2569,84,1
2569,366,1
2570,107,1
2571,230,1
2572,97,1
2573,461,1
2574,104,1
2575,58,7
2575,224,1
2576,84,1
2577,6,1
2577,210,1
2578,4,1
2578,4,2
2578,4,4
2578,4,5
2578,4,6
2578,4,8
2578,4,9
2578,4,10
2578,4,14
2579,467,1
2580,483,1
2581,14,1
2582,85,1
2583,137,1
2584,105,1
2585,97,1
2585,97,2
2585,275,1
2586,3,1
2586,3,3
2586,3,4
2586,3,5
2586,43,2
2587,96,1
2588,120,1
2588,130,1
2589,224,1
2590,274,1
2591,46,1
2591,46,3
2592,24,1
2592,372,1
2592,467,1
2593,10,1
2593,10,2
2594,136,1
2594,356,1
2595,11,1
2596,132,1
2597,200,1
2598,200,1
2599,105,1
2600,244,1
2601,88,1
2601,88,2
2601,88,3
2601,88,4
2601,88,5
2601,88,6
2601,88,7
2601,88,8
2601,88,9
2601,88,10
2601,88,11
2601,88,12
2601,88,13
2602,484,1
2603,8,4
2604,352,1
2605,485,1
2606,84,1
2607,165,1
2608,115,1
2609,4,1
2609,4,2
2609,4,3
2609,4,4
2609,4,5
2609,4,6
2609,4,8
2609,4,9
2609,4,10
2609,4,11
2609,4,12
2609,4,13
2609,4,14
2609,4,16
2610,273,1
2611,2,1
2611,2,2
2611,2,3
2611,2,4
2611,2,5
2612,49,1
2612,486,1
2613,203,1
2614,217,1
2615,4,1
2615,4,2
2615,4,3
2615,4,6
2615,4,7
2615,4,9
2615,4,11
2615,4,13
2615,4,16
2615,6,1
2615,6,2
2616,5,1
2616,5,2
2617,165,1
2617,361,1
2618,58,3
2619,127,1
2619,130,1
2620,54,1
2620,212,1
2621,126,1
2622,208,1
2623,113,1
2624,360,1
2625,305,1
2626,126,1
2627,1,8
2628,95,1
2629,58,1
2630,129,1
2631,279,1
2632,215,1
2633,210,1
2634,4,1
2635,4,4
2636,321,1
2637,7,3
2638,1,7
2639,120,1
2640,305,1
2641,351,1
2642,96,1
2642,116,1
2642,299,1
2643,224,1
2644,15,1
2644,96,1
2644,200,1
2645,108,1
2645,273,1
2646,84,1
2647,278,1
2648,13,1
2648,13,2
2648,13,3
2649,6,1
2649,6,2
2650,1,3
2650,1,4
2650,1,11
2651,246,1
2652,78,1
2652,104,1
2653,145,1
2654,487,1
2655,55,1
2656,200,1
2657,218,1
2657,224,1
2658,170,1
2659,842,1
2660,116,1
2660,210,1
2661,210,1
2662,378,1
2663,84,1
2664,88,1
2665,3,1
2666,107,1
2666,281,1
2666,339,1
2667,207,1
2667,303,1
2668,210,1
2669,843,1
2670,55,1
2671,38,5
2672,14,1
2672,250,1
2673,41,1
2674,55,1
2675,11,1
2675,11,3
2676,362,1
2677,33,1
2677,35,1
2677,104,1
2677,225,1
2678,41,1
2679,122,1
2680,216,1
2680,499,1
2681,93,1
2681,210,1
2682,1,11
2683,104,1
2684,115,1
2684,116,1
2684,210,1
2687,843,1
2688,452,1
2689,1,11
2690,62,1
2691,19,1
2691,19,2
2691,19,3
2691,19,4
2692,24,1
2692,24,9
2692,185,1
2693,13,1
2694,351,1
2695,11,1
2695,11,2
2695,11,3
2695,11,4
2695,96,1
2695,207,1
2695,303,1
2696,251,1
2697,126,1
2698,129,1
2699,113,1
2699,210,1
2700,21,1
2700,21,2
2700,21,3
2700,21,4
2701,320,1
2702,316,1
2703,244,1
2704,279,1
2705,129,1
2706,390,1
2707,248,1
2707,844,1
2708,845,1
2709,11,1
2709,11,2
2709,200,1
2710,846,1
2711,251,1
2712,210,1
2713,205,1
2714,352,1
2715,56,1
2716,129,1
2717,316,1
2718,4,7
2719,84,1
2720,224,1
2721,254,1
2722,104,1
2722,455,1
2723,242,1
2724,268,1
2725,125,1
2726,847,1
2727,265,1
2728,54,1
2728,844,1
2729,269,1
2730,126,1
2731,208,1
2732,202,1
2732,207,1
2733,256,1
2734,1,7
2735,21,1
2735,21,2
2735,21,3
2735,21,4
2736,310,1
2737,224,1
2738,378,1
2739,451,1
2740,6,1
2740,225,1
2741,353,1
2742,4,1
2742,4,2
2742,4,3
2742,4,4
2742,4,5
2742,4,6
2742,4,7
2742,4,8
2742,4,9
2742,4,10
2742,4,11
2742,4,12
2742,4,13
2742,4,14
2742,4,15
2742,4,16
2743,210,1
2744,21,1
2744,21,2
2744,21,3
2744,21,4
2744,51,1
2744,51,2
2744,51,3
2744,51,4
2744,51,5
2744,51,6
2745,97,1
2745,284,1
2745,369,1
2746,273,1
2746,280,1
2746,312,1
2747,285,1
2748,116,1
2748,170,1
2748,324,1
2749,84,1
2750,51,2
2750,54,1
2750,248,1
2751,122,1
2751,302,1
2752,210,1
2753,244,1
2753,254,1
2754,170,1
2755,170,1
2756,24,2
2756,39,1
2757,374,1
2758,9,2
2758,9,3
2758,9,5
2759,1,2
2759,1,3
2759,1,4
2759,1,5
2759,1,7
2759,1,11
2760,115,1
2760,210,1
2761,4,1
2761,4,11
2761,116,1
2761,225,1
2761,230,1
2761,251,1
2762,84,1
2763,113,1
2763,210,1
2764,105,1
2764,142,1
2764,177,1
2764,459,1
2765,13,1
2766,6,1
2767,16,1
2767,245,1
2768,119,1
2769,377,1
2770,315,1
2770,367,1
2770,450,1
2771,130,1
2771,216,1
2771,275,1
2772,22,1
2772,22,2
2772,96,1
2772,200,1
2773,142,1
2773,217,1
2774,4,1
2774,4,3
2774,4,4
2774,4,5
2774,4,9
2774,4,14
2775,104,1
2775,461,1
2776,110,1
2776,200,1
2777,13,2
2777,315,1
2778,85,1
2778,256,1
2778,310,1
2779,303,1
2780,223,1
2781,216,1
2782,848,1
2783,353,1
2784,11,2
2785,1,7
2785,88,1
2785,88,2
2785,88,3
2785,88,4
2785,88,5
2785,88,6
2785,88,7
2785,88,8
2785,88,9
2785,88,10
2785,88,11
2785,88,12
2785,88,13
2786,1,1
2786,1,7
2786,1,9
2786,1,10
2786,1,11
2786,188,1
2787,279,1
2788,1,1
2788,1,2
2788,1,7
2788,1,9
2788,1,10
2788,1,11
2788,188,1
2789,116,1
2789,210,1
2790,134,1
2791,214,1
2792,1,11
2793,1,11
2794,134,1
2795,214,1
2796,107,1
2797,19,1
2797,19,2
2797,19,3
2797,19,4
2797,22,1
2797,22,2
2797,22,3
2797,33,1
2798,849,1
2799,350,1
2800,48,1
2801,14,1
2802,104,1
2803,256,1
2804,1,4
2804,1,7
2805,843,1
2806,214,1
2807,266,1
2808,84,1
2809,84,1
2810,112,1
2811,107,1
2812,378,1
2813,46,1
2813,46,3
2813,46,7
2813,210,1
2814,210,1
2825,4,1
2825,4,2
2825,4,3
2825,4,4
2825,4,5
2825,4,6
2825,4,7
2825,4,8
2825,4,9
2825,4,10
2825,4,11
2825,4,12
2825,4,13
2825,4,14
2825,4,15
2825,4,16
2826,483,1
2827,65,1
2827,65,2
2828,3,1
2828,3,2
2828,3,3
2828,3,4
2828,3,5
2828,3,6
2829,4,1
2829,4,2
2829,4,3
2829,4,4
2829,4,5
2829,4,6
2829,4,7
2829,4,8
2829,4,9
2829,4,10
2829,4,11
2829,4,12
2829,4,13
2829,4,15
2829,4,16
2830,36,1
2830,304,1
2831,850,1
2832,105,1
2832,137,1
2832,177,1
2833,84,1
2834,105,1
2834,177,1
2835,105,1
2836,105,1
2837,236,1
2838,104,1
2839,500,1
2840,143,1
2841,501,1
2842,43,2
2843,1,7
2844,84,1
2845,107,1
2846,6,1
2846,243,1
2846,843,1
2847,248,1
2848,22,1
2848,22,2
2848,22,3
2848,200,1
2849,210,1
2850,170,1
2851,84,1
2852,143,1
2852,251,1
2853,4,2
2853,4,11
2854,183,1
2855,4,2
2855,4,7
2856,500,1
2857,55,1
2858,170,1
2859,22,2
2859,210,1
2859,375,1
2860,373,1
2861,107,1
2862,134,1
2863,851,1
2864,129,1
2865,38,6
2866,279,1
2867,251,1
2868,235,1
2869,1,3
2870,13,1
2870,13,2
2870,13,3
2870,84,1
2871,39,1
2872,188,1
2872,210,1
2873,182,1
2874,9,1
2874,9,2
2874,9,3
2874,9,4
2874,9,5
2874,9,6
2874,9,7
2874,85,1
2875,308,1
2876,305,1
2877,11,1
2877,48,1
2877,303,1
2878,10,1
2878,10,2
2879,14,1
2879,300,1
2880,465,1
2881,39,1
2882,852,1
2883,84,1
2884,2,1
2884,2,2
2884,2,3
2884,2,4
2884,2,5
2884,37,3
2885,112,1
2886,224,1
2887,133,1
2888,165,1
2889,39,1
2890,39,1
2891,1,11
2892,1,1
2892,1,2
2892,1,3
2892,1,4
2892,1,5
2892,1,6
2892,1,7
2892,1,8
2892,1,9
2892,1,10
2892,1,11
2892,3,1
2892,3,2
2892,3,3
2892,3,4
2892,3,5
2892,3,6
2892,5,1
2892,5,2
2893,11,1
2893,11,2
2893,11,3
2893,11,4
2894,39,1
2895,137,1
2895,450,1
2896,275,1
2896,282,1
2897,84,1
2898,122,1
2899,265,1
2900,265,1
2901,381,1
2902,38,6
2903,225,1
2904,6,1
2905,126,1
2905,261,1
2906,13,1
2907,4,1
2908,5,2
2908,251,1
2909,13,1
2909,251,1
2910,251,1
2911,251,1
2912,13,1
2912,13,2
2912,13,3
2912,251,1
2913,251,1
2914,21,1
2914,21,2
2914,21,3
2914,21,4
2914,43,1
2914,43,2
2914,43,3
2914,43,4
2915,19,1
2915,55,1
2916,39,1
2917,96,1
2917,200,1
2918,848,1
2919,84,1
2920,6,1
2920,24,1
2921,4,1
2921,4,2
2921,4,3
2921,4,4
2921,4,5
2921,4,6
2921,4,7
2921,4,8
2921,4,9
2921,4,10
2921,4,11
2921,4,12
2921,4,13
2921,4,14
2921,4,15
2921,4,16
2922,4,1
2922,4,2
2922,4,3
2922,4,4
2922,4,5
2922,4,6
2922,4,7
2922,4,8
2922,4,9
2922,4,10
2922,4,11
2922,4,12
2922,4,13
2922,4,15
2922,4,16
2923,4,1
2923,4,6
2923,36,1
2924,84,1
2925,110,1
2926,19,1
2926,19,4
2927,115,1
2927,116,1
2928,137,1
2929,483,1
2930,208,1
2931,214,1
2932,51,1
2932,51,2
2932,51,3
2932,51,6
2932,84,1
2933,853,1
2934,853,1
2935,29,1
2935,51,1
2935,51,3
2935,51,4
2936,4,1
2936,4,2
2936,4,6
2936,36,1
2937,1,11
2938,261,1
2939,65,1
2940,311,1
2940,474,1
2941,11,1
2941,11,2
2941,11,3
2941,11,4
2941,201,1
2941,207,1
2942,467,1
2943,210,1
2944,214,1
2945,48,1
2946,34,1
2946,34,2
2946,34,3
2946,34,5
2947,143,1
2948,104,1
2949,854,1
2950,210,1
2951,48,1
2952,25,1
2952,49,1
2952,91,1
2953,135,1
2954,55,1
2955,320,1
2956,84,1
2957,382,1
2958,383,1
2959,39,1
2959,488,1
2959,844,1
2960,323,1
2961,214,1
2962,251,1
2963,1,7
2964,104,1
2965,8,4
2966,318,1
2967,210,1
2968,279,1
2969,137,1
2970,353,1
2971,181,1
2972,104,1
2973,358,1
2973,853,1
2974,133,1
2975,183,1
2976,183,1
2977,188,1
2978,183,1
2979,849,1
2980,104,1
2981,263,1
2982,104,1
2982,244,1
2983,58,7
2984,244,1
2985,85,1
2985,98,1
2985,137,1
2986,105,1
2987,4,10
2988,483,1
2989,4,1
2989,4,8
2989,4,10
2989,4,13
2989,27,3
2990,6,1
2990,6,2
2991,254,1
2992,170,1
2993,252,1
2993,359,1
2994,130,1
2994,275,1
2995,387,1
2996,92,1
2997,303,1
2997,319,1
2998,88,1
2999,46,1
3000,214,1
3001,303,1
3002,9,1
3002,9,3
3002,170,1
3002,213,1
3003,310,1
3003,476,1
3003,848,1
3003,854,1
3004,244,1
3005,3,1
3005,3,2
3005,3,3
3005,3,4
3005,3,5
3005,3,6
3006,129,1
3007,18,1
3008,84,1
3009,43,3
3009,118,1
3010,4,1
3010,4,2
3010,4,3
3010,4,7
3010,178,1
3011,11,2
3012,310,1
3013,39,1
3013,84,1
3014,118,1
3014,855,1
3015,84,1
3016,168,1
3017,14,1
3017,388,1
3018,107,1
3018,126,1
3018,275,1
3019,65,1
3020,28,1
3021,275,1
3022,65,1
3023,18,1
3023,152,1
3023,170,1
3023,210,1
3024,362,1
3025,279,1
3026,22,1
3027,140,1
3028,843,1
3029,105,1
3029,143,1
3030,8,1
3030,8,2
3030,8,3
3030,8,4
3030,8,5
3031,324,1
3032,273,1
3033,140,1
3033,316,1
3034,140,1
3035,140,1
3036,110,1
3037,118,1
3037,180,1
3037,222,1
3038,210,1
3038,253,1
3039,1,11
3039,3,1
3039,51,1
3039,51,2
3040,128,1
3041,3,1
3041,3,2
3041,3,3
3041,3,4
3041,3,5
3041,3,6
3041,118,1
3041,358,1
3042,161,1
3043,223,1
3044,352,1
3045,35,1
3046,4,1
3046,4,2
3046,4,4
3047,167,1
3048,13,1
3049,13,1
3050,13,1
3051,13,1
3052,97,1
3052,110,1
3052,225,1
3053,97,1
3053,97,2
3053,450,1
3054,17,1
3054,17,2
3055,261,1
3056,389,1
3057,98,1
3058,208,1
3059,35,1
3060,112,1
3060,856,1
3061,225,1
3062,16,1
3063,172,1
3064,321,1
3065,4,1
3065,4,8
3065,4,12
3065,112,1
3065,388,1
3066,210,1
3067,13,1
3067,13,2
3067,13,3
3068,391,1
3069,210,1
3070,392,1
3071,45,5
3071,45,7
3071,45,10
3071,367,1
3072,40,2
3073,126,1
3074,857,1
3075,3,1
3075,3,2
3075,3,3
3075,3,4
3075,3,5
3075,3,6
3076,45,5
3076,45,7
3076,256,1
3076,851,1
3077,134,1
3077,394,1
3078,244,1
3079,205,1
3079,208,1
3080,205,1
3080,208,1
3081,243,1
3082,170,1
3083,224,1
3084,350,1
3085,473,1
3086,327,1
3087,35,1
3088,327,1
3089,116,1
3090,284,1
3090,459,1
3090,851,1
3091,35,1
3092,853,1
3093,157,1
3094,318,1
3095,251,1
3096,183,1
3097,323,1
3097,483,1
3098,318,1
3099,181,1
3099,853,1
3100,843,1
3101,19,1
3101,19,2
3102,352,1
3102,465,1
3103,211,1
3103,224,1
3103,499,1
3103,843,1
3104,224,1
3105,133,1
3106,142,1
3107,74,1
3107,74,2
3107,74,3
3107,74,4
3108,470,1
3109,202,1
3110,858,1
3111,115,1
3111,132,1
3112,251,1
3112,459,1
3113,251,1
3114,4,1
3114,4,6
3114,4,8
3115,6,1
3115,6,2
3115,9,1
3115,9,2
3115,9,3
3115,9,4
3115,9,5
3115,9,6
3115,9,7
3116,112,1
3116,255,1
3116,475,1
3117,859,1
3118,38,2
3119,205,1
3120,115,1
3121,104,1
3122,14,1
3122,77,1
3123,397,1
3124,97,1
3124,97,2
3125,244,1
3126,4,1
3126,4,2
3126,4,3
3126,4,4
3126,4,5
3126,4,6
3126,4,7
3126,4,8
3126,4,9
3126,4,10
3126,4,11
3126,4,12
3126,4,13
3126,4,14
3126,4,15
3126,4,16
3127,243,1
3127,843,1
3128,387,1
3129,13,1
3129,13,2
3129,13,3
3129,467,1
3130,1,1
3130,1,2
3130,1,3
3130,1,4
3130,1,5
3130,1,6
3130,1,7
3130,1,8
3130,1,9
3130,1,10
3130,1,11
3130,188,1
3131,14,1
3132,223,1
3133,210,1
3134,244,1
3135,224,1
3135,318,1
3136,37,2
3136,37,3
3137,21,3
3138,310,1
3139,112,1
3140,860,1
3141,860,1
3142,860,1
3143,399,1
3144,134,1
3145,102,1
3146,305,1
3147,39,1
3148,93,1
3148,261,1
3148,483,1
3149,304,1
3149,465,1
3150,104,1
3151,10,1
3151,10,2
3152,305,1
3153,41,1
3154,107,1
3154,286,1
3155,55,1
3156,97,1
3156,225,1
3157,459,1
3158,269,1
3159,861,1
3160,1,11
3160,145,1
3161,862,1
3162,56,1
3163,13,1
3163,13,2
3163,315,1
3164,97,1
3164,367,1
3164,450,1
3165,84,1
3166,172,1
3167,225,1
3168,244,1
3169,243,1
3170,500,1
3171,860,1
3172,215,1
3173,97,1
3173,225,1
3174,55,1
3175,49,1
3175,105,1
3175,143,1
3176,473,1
3177,848,1
3178,104,1
3179,116,1
3180,863,1
3181,205,1
3181,864,1
3182,51,2
3183,404,1
3184,84,1
3185,84,1
3186,143,1
3187,208,1
3187,459,1
3188,39,1
3188,212,1
3189,205,1
3190,104,1
3190,105,1
3190,459,1
3191,116,1
3192,243,1
3193,84,1
3194,110,1
3194,844,1
3195,254,1
3196,244,1
3197,254,1
3198,304,1
3199,39,1
3200,305,1
3200,453,1
3201,210,1
3202,355,1
3202,861,1
3203,172,1
3204,105,1
3205,130,1
3205,210,1
3205,216,1
3206,244,1
3207,865,1
3208,362,1
3209,13,1
3209,13,2
3209,13,3
3210,848,1
3211,848,1
3212,848,1
3213,848,1
3214,51,1
3214,51,2
3215,473,1
3215,866,1
3216,6,1
3216,21,3
3216,21,4
3216,24,2
3216,24,6
3217,170,1
3218,230,1
3219,6,1
3219,6,2
3220,303,1
3221,126,1
3222,210,1
3223,16,1
3223,170,1
3224,84,1
3225,104,1
3226,6,1
3226,9,2
3226,13,1
3226,13,2
3226,13,3
3227,867,1
3228,129,1
3229,210,1
3230,16,1
3230,16,2
3230,16,3
3230,16,4
3230,16,5
3230,16,6
3230,16,7
3231,210,1
3232,7,1
3232,7,2
3232,16,1
3233,42,1
3234,39,1
3234,83,1
3235,92,1
3235,240,1
3235,353,1
3236,479,1
3237,210,1
3238,215,1
3239,4,1
3239,4,6
3239,4,7
3239,4,9
3240,279,1
3241,409,1
3242,224,1
3243,118,1
3243,261,1
3244,150,1
3244,210,1
3245,215,1
3246,51,1
3246,51,2
3246,51,3
3246,84,1
3247,868,1
3248,8,1
3248,37,2
3248,305,1
3249,210,1
3250,126,1
3251,84,1
3252,38,1
3252,38,2
3252,38,3
3252,38,4
3252,38,5
3252,38,6
3252,38,7
3252,38,8
3252,38,9
3252,38,10
3253,104,1
3254,142,1
3255,126,1
3256,35,1
3256,225,1
3257,84,1
3258,289,1
3259,84,1
3260,113,1
3260,210,1
3261,853,1
3262,7,1
3262,7,2
3262,7,3
3263,404,1
3264,112,1
3264,860,1
3265,244,1
3266,860,1
3267,51,1
3267,51,2
3267,51,3
3267,51,4
3267,51,5
3268,8,4
3268,17,1
3268,261,1
3269,84,1
3269,844,1
3270,93,1
3270,126,1
3271,93,1
3271,130,1
3271,216,1
3272,244,1
3273,235,1
3274,1,3
3274,1,4
3275,13,2
3275,13,3
3276,303,1
3277,210,1
3277,261,1
3277,457,1
3278,860,1
3279,224,1
3280,214,1
3281,6,1
3281,6,2
3281,251,1
3282,5,1
3283,869,1
3284,38,5
3285,2,2
3285,11,1
3285,11,3
3285,17,1
3285,39,1
3286,4,1
3287,269,1
3288,251,1
3289,870,1
3290,8,4
3291,104,1
3292,4,1
3293,205,1
3294,17,1
3294,125,1
3295,210,1
3296,17,1
3296,17,2
3297,14,1
3297,207,1
3298,110,1
3299,303,1
3300,350,1
3301,110,1
3302,108,1
3303,84,1
3304,104,1
3305,11,1
3305,11,2
3305,11,3
3305,11,4
3305,48,1
3306,170,1
3307,244,1
3308,2,1
3308,2,2
3308,3,1
3309,104,1
3310,93,1
3310,130,1
3311,104,1
3312,244,1
3313,113,1
3314,112,1
3315,208,1
3316,214,1
3317,104,1
3318,15,1
3318,202,1
3319,130,1
3320,51,2
3321,100,1
3322,3,1
3322,3,2
3322,3,3
3322,3,4
3322,3,6
3322,870,1
3323,126,1
3324,1,9
3324,1,11
3324,355,1
3325,244,1
3326,104,1
3326,180,1
3327,129,1
3327,217,1
3328,2,2
3329,225,1
3330,243,1
3331,243,1
3331,843,1
3332,79,1
3332,203,1
3333,13,1
3333,13,2
3333,13,3
3333,465,1
3334,855,1
3335,282,1
3335,309,1
3336,303,1
3337,226,1
3338,129,1
3339,1,3
3339,1,4
3339,1,5
3340,215,1
3341,27,3
3341,369,1
3342,4,1
3343,7,1
3343,7,2
3344,13,1
3344,13,2
3344,13,3
3344,46,1
3345,870,1
3346,16,1
3346,16,2
3346,16,3
3346,16,4
3346,16,5
3346,16,6
3346,16,7
3346,363,1
3347,84,1
3348,3,6
3349,210,1
3350,11,1
3350,11,3
3350,11,4
3350,215,1
3351,2,2
3351,115,1
3351,269,1
3352,107,1
3353,871,1
3354,213,1
3354,230,1
3355,170,1
3356,1,5
3357,112,1
3357,475,1
3358,303,1
3359,19,1
3359,206,1
3359,270,1
3359,301,1
3359,465,1
3360,378,1
3361,58,20
3362,6,1
3362,19,1
3362,19,2
3362,225,1
3363,844,1
3364,362,1
3364,872,1
3365,4,1
3365,4,2
3365,4,5
3366,13,2
3366,13,3
3367,102,1
3368,84,1
3369,1,11
3370,2,2
3370,19,1
3370,19,2
3370,27,2
3370,388,1
3371,2,1
3371,2,2
3371,2,3
3371,13,1
3371,13,2
3371,13,3
3372,225,1
3373,486,1
3374,85,1
3375,860,1
3376,143,1
3377,4,1
3377,4,2
3377,4,3
3377,4,4
3377,4,9
3377,4,11
3377,4,16
3378,115,1
3379,8,4
3379,172,1
3379,369,1
3380,37,1
3380,37,2
3380,37,3
3381,224,1
3382,51,2
3383,104,1
3384,860,1
3385,116,1
3386,860,1
3387,115,1
3388,65,1
3389,6,1
3390,109,1
3391,6,1
3391,17,2
3391,19,1
3391,54,1
3391,844,1
3392,96,1
3392,159,1
3393,416,1
3394,205,1
3395,186,1
3395,224,1
3396,38,1
3396,38,2
3396,38,3
3396,38,4
3396,38,5
3396,38,6
3396,38,8
3396,38,9
3396,38,10
3397,8,1
3397,8,4
3397,286,1
3398,14,1
3399,73,1
3399,73,2
3400,11,1
3401,16,1
3401,115,1
3401,116,1
3402,1,11
3403,36,1
3403,104,1
3404,84,1
3404,844,1
3405,284,1
3406,170,1
3406,183,1
3407,873,1
3408,214,1
3409,23,7
3410,118,1
3411,14,1
3411,77,1
3412,115,1
3413,210,1
3414,1,1
3414,1,2
3414,1,3
3414,1,4
3414,1,5
3414,1,6
3414,1,7
3414,1,8
3414,1,9
3414,1,10
3414,1,11
3415,149,1
3415,473,1
3416,132,1
3417,312,1
3418,243,1
3419,418,1
3420,874,1
3421,88,1
3422,869,1
3422,875,1
3423,137,1
3424,860,1
3425,240,1
3426,65,1
3427,876,1
3428,16,7
3429,270,1
3430,877,1
3431,217,1
3432,269,1
3433,275,1
3434,230,1
3435,16,1
3435,16,3
3435,16,4
3435,16,5
3435,16,6
3436,230,1
3437,230,1
3438,251,1
3439,846,1
3440,316,1
3441,109,1
3442,84,1
3443,159,1
3444,104,1
3445,105,1
3446,6,1
3446,67,1
3446,315,1
3447,104,1
3448,473,1
3449,93,1
3449,127,1
3449,309,1
3450,113,1
3451,51,2
3451,51,3
3452,109,1
3453,316,1
3454,476,1
3455,476,1
3456,93,1
3456,126,1
3456,130,1
3456,151,1
3456,261,1
3457,258,1
3458,4,1
3458,4,8
3458,4,10
3459,14,1
3460,170,1
3460,210,1
3461,243,1
3462,261,1
3463,170,1
3464,875,1
3465,3,1
3466,204,1
3467,869,1
3468,224,1
3469,860,1
3470,279,1
3471,388,1
3472,1,11
3473,149,1
3474,84,1
3475,244,1
3476,111,1
3477,104,1
3477,244,1
3478,860,1
3479,860,1
3480,244,1
3481,97,1
3481,97,2
3482,208,1
3483,240,1
3484,279,1
3485,281,1
3485,323,1
3486,1,7
3486,1,11
3487,479,1
3488,210,1
3488,277,1
3489,107,1
3489,286,1
3490,115,1
3490,473,1
3491,98,1
3492,129,1
3493,84,1
3494,244,1
3495,88,1
3495,88,2
3495,88,3
3495,88,4
3495,88,5
3495,88,6
3495,88,7
3495,88,8
3495,88,9
3495,88,10
3495,88,11
3495,88,12
3495,88,13
3496,261,1
3496,457,1
3497,483,1
3498,18,1
3498,210,1
3499,118,1
3500,878,1
3501,261,1
3502,7,2
3502,303,1
3503,879,1
3504,224,1
3504,265,1
3505,65,1
3505,476,1
3506,127,1
3507,107,1
3507,286,1
3507,363,1
3508,104,1
3509,41,1
3510,1,11
3511,14,1
3512,98,1
3513,88,1
3513,88,2
3513,88,3
3513,88,4
3513,88,5
3513,88,6
3513,88,7
3513,88,8
3513,88,9
3513,88,10
3513,88,11
3513,88,12
3513,88,13
3514,129,1
3515,9,1
3515,9,2
3515,9,5
3516,880,1
3517,103,1
3517,117,1
3517,853,1
3518,251,1
3518,310,1
3519,855,1
3520,12,1
3520,12,2
3521,107,1
3522,303,1
3523,84,1
3524,426,1
3525,279,1
3526,1,9
3526,1,11
3527,265,1
3527,323,1
3528,859,1
3529,362,1
3530,1,11
3530,118,1
3530,427,1
3531,279,1
3532,138,1
3532,185,1
3532,388,1
3533,210,1
3534,143,1
3535,3,1
3535,3,2
3535,3,3
3535,3,4
3535,3,5
3535,3,6
3536,473,1
3537,65,1
3538,39,1
3538,84,1
3539,225,1
3540,104,1
3540,113,1
3541,215,1
3542,116,1
3543,2,1
3543,19,2
3543,35,1
3543,305,1
3543,475,1
3544,1,11
3545,14,1
3545,881,1
3546,309,1
3547,24,5
3547,39,1
3547,844,1
3548,58,7
3549,13,1
3550,137,1
3550,256,1
3551,172,1
3552,203,1
3553,77,1
3554,7,1
3554,7,2
3555,115,1
3555,116,1
3556,383,1
3557,158,1
3557,243,1
3558,65,1
3558,65,2
3559,882,1
3560,4,1
3560,4,6
3560,36,1
3560,104,1
3560,244,1
3561,162,1
3562,848,1
3563,254,1
3564,883,1
3565,261,1
3566,11,3
3819,11,1
3819,48,1
3819,203,1
4718,113,1
4718,148,1
4719,378,1
5134,84,1
19672,210,1
19682,218,1
20662,251,1
20812,261,1
21352,210,1
21412,113,1
21952,107,1
21952,210,1
22392,8,4
22392,17,1
22392,209,1
22392,210,1
33000,58,1
33001,225,1
50001,9,3
50002,40,5
50004,40,1
50005,40,6
50006,58,1
50007,58,4
50025,13,1
50026,45,1
50027,58,4
50028,58,1
50032,58,4
50036,40,5
50037,45,1
50038,65,1
50039,65,1
50041,65,1
50042,65,1
50043,65,1
50044,65,1
50045,65,1
50046,65,1
50047,65,1
50048,65,1
50050,43,4
50075,58,1
50076,58,11
50080,65,1
50081,58,4
50088,43,1
50094,65,1
50095,65,1
50096,65,1
50103,65,1
50130,65,1
50135,65,1
50153,65,1
50160,65,1
50160,65,2
50160,65,3
50160,65,4
50163,65,1
50204,58,1
50208,58,9
50234,58,1
50235,58,11
50309,58,1
50339,58,1
50371,58,1
50450,58,1
50537,14,1
